CustomerID,Recency,Frequency,Monetary,Cluster,ClusterLabel,PCA1,PCA2
12346.0,326,1,77183.6,2,At-Risk / Churned,0.87265804964358,2.6867580095552754
12347.0,2,7,4310.0,1,Champions,2.5502598971795702,-0.804427346363212
12348.0,75,4,1797.24,2,At-Risk / Churned,0.4751417941871483,0.746120877913391
12349.0,19,1,1757.55,0,Potential Loyalists,0.14583196924288788,-0.4604804668029506
12350.0,310,1,334.4,3,At-Risk / Churned,-1.6889904949654109,0.6765554894664503
12352.0,36,8,2506.04,2,At-Risk / Churned,1.4395747508697943,0.636477132150213
12353.0,204,1,89.0,3,At-Risk / Churned,-2.153986943744781,-0.06623115751699299
12354.0,232,1,1079.4,3,At-Risk / Churned,-1.0235592605169652,0.9190028273014899
12355.0,214,1,459.4,3,At-Risk / Churned,-1.397610429849014,0.5577377823772007
12356.0,23,3,2811.43,2,At-Risk / Churned,0.9259844273230343,0.09225827403032094
12357.0,33,1,6207.67,2,At-Risk / Churned,0.5416740683657255,0.3348213721850268
12358.0,2,2,1168.06,0,Potential Loyalists,1.043779808946639,-1.6560055994351524
12359.0,58,4,6372.58,2,At-Risk / Churned,1.1723462675744458,1.0458853584509311
12360.0,52,3,2662.06,2,At-Risk / Churned,0.5973588398722146,0.5746954619260539
12361.0,287,1,189.9,3,At-Risk / Churned,-1.9270667831567707,0.42283295324962744
12362.0,3,10,5226.23,1,Champions,2.8198426524738096,-0.42956868458060293
12363.0,110,2,552.0,3,At-Risk / Churned,-0.6912538378174345,0.36104735763354123
12364.0,8,4,1313.1,0,Potential Loyalists,1.141554088039112,-0.720648862348265
12365.0,291,2,641.38,3,At-Risk / Churned,-0.9897521043032823,1.02877982687996
12367.0,4,1,168.9,0,Potential Loyalists,-0.4334430998624921,-2.189545491937626
12370.0,51,4,3545.69,2,At-Risk / Churned,0.9424586559120676,0.7525926204977921
12371.0,45,2,1887.96,2,At-Risk / Churned,0.22827949141447776,0.2494128703665683
12372.0,72,3,1298.04,2,At-Risk / Churned,0.13437216049610284,0.516555353912387
12373.0,311,1,364.6,3,At-Risk / Churned,-1.6493047362822792,0.7099533965968708
12374.0,25,1,742.9300000000001,0,Potential Loyalists,-0.36266333669852074,-0.6070863624146543
12375.0,11,2,457.5,0,Potential Loyalists,0.06988920098928685,-1.1175615544368807
12377.0,315,2,1628.12,2,At-Risk / Churned,-0.5783259692518182,1.417386811682714
12378.0,130,1,4008.62,2,At-Risk / Churned,-0.1812317012226576,1.030943842274905
12379.0,82,2,852.24,2,At-Risk / Churned,-0.3743784838820117,0.3345060516728205
12380.0,22,4,2724.81,2,At-Risk / Churned,1.1292507908117344,0.13963559905771117
12381.0,5,5,1845.31,1,Champions,1.6227713603000666,-0.783969520138454
12383.0,185,5,1850.56,2,At-Risk / Churned,0.3119288911621599,1.3942551695612857
12384.0,29,2,585.27,0,Potential Loyalists,-0.16359225570603564,-0.4472002074149926
12386.0,338,2,401.9,3,At-Risk / Churned,-1.2681482612745107,0.9537095247140166
12388.0,16,6,2780.66,1,Champions,1.5587445541981355,0.08464947658792212
12390.0,80,1,549.84,3,At-Risk / Churned,-0.9394834870493715,0.004062740498859146
12391.0,22,1,460.89,0,Potential Loyalists,-0.5419874572875206,-0.8581966000267324
12393.0,72,4,1582.6000000000001,2,At-Risk / Churned,0.43021421498820817,0.6743491059808401
12394.0,64,2,1272.48,2,At-Risk / Churned,-0.09093258965185505,0.32519654186747854
12395.0,19,12,3018.63,1,Champions,2.0955590168786893,0.45540799777514074
12397.0,36,2,2409.9,2,At-Risk / Churned,0.42724960232220255,0.2001230371412885
12398.0,46,1,1635.6599999999999,2,At-Risk / Churned,-0.21474267565219118,0.05509963601649799
12399.0,119,4,1108.65,2,At-Risk / Churned,0.07151790488549926,0.8600979116463877
12401.0,303,1,84.3,3,At-Risk / Churned,-2.3300001503362617,0.16407038133630666
12402.0,323,1,225.6,3,At-Risk / Churned,-1.8907212605685593,0.5598719258295126
12403.0,50,1,427.7,3,At-Risk / Churned,-0.8816661430600792,-0.38043820415909657
12405.0,149,1,1710.39,2,At-Risk / Churned,-0.6369992716727875,0.8071052642951129
12406.0,22,2,3415.3,2,At-Risk / Churned,0.7743205656033009,0.02549230210931593
12407.0,50,5,1708.1200000000001,2,At-Risk / Churned,0.7683735592717771,0.5447731571974694
12408.0,33,5,2888.55,2,At-Risk / Churned,1.172497859246919,0.4787253267510202
12409.0,79,3,11072.67,2,At-Risk / Churned,1.1162838930136416,1.3541431637533718
12410.0,309,2,693.3299999999999,3,At-Risk / Churned,-0.9757065755782942,1.0949947205750281
12412.0,75,3,1226.88,2,At-Risk / Churned,0.09224918132952781,0.5215961758547362
12413.0,67,3,758.1,2,At-Risk / Churned,-0.09345826008305123,0.2761380922238722
12414.0,217,3,562.41,3,At-Risk / Churned,-0.680092474745213,0.9063065314476095
12415.0,24,21,124914.53,1,Champions,4.252635175262884,2.1531541560938527
12417.0,3,9,3649.1,1,Champions,2.563209976222719,-0.5968291937827146
12418.0,113,1,668.58,3,At-Risk / Churned,-0.9774400878310419,0.2917458017805746
12420.0,64,1,600.39,3,At-Risk / Churned,-0.8137299999401858,-0.10352081554932968
12421.0,16,4,807.04,0,Potential Loyalists,0.6677669222651009,-0.494322304873253
12422.0,96,3,803.5600000000001,2,At-Risk / Churned,-0.2015880991933543,0.5224989454812269
12423.0,1,8,1859.31,1,Champions,2.412926857649245,-1.321960263419046
12424.0,163,2,1760.96,2,At-Risk / Churned,-0.2905064655589659,1.0300677408457577
12425.0,78,1,777.2,3,At-Risk / Churned,-0.7659597586263908,0.11390742140558502
12426.0,195,1,582.73,3,At-Risk / Churned,-1.2496281556662443,0.5854143407069022
12427.0,22,3,825.8,0,Potential Loyalists,0.3613024594551534,-0.38006393446732495
12428.0,26,9,7956.46,1,Champions,2.203369532069045,0.8973490720610768
12429.0,9,4,3750.4,1,Champions,1.5990697357215156,-0.27226546800740375
12430.0,43,1,256.4,3,At-Risk / Churned,-1.067324140884014,-0.659608461563998
12431.0,36,15,6487.45,1,Champions,2.411275581257694,1.2034684063293069
12432.0,43,5,5059.32,2,At-Risk / Churned,1.3398720276002842,0.8460215809160667
12433.0,1,7,13375.87,1,Champions,3.2425381895567926,-0.6495829732729443
12434.0,85,2,806.14,2,At-Risk / Churned,-0.4143036638967131,0.3368127566510649
12435.0,80,2,7829.89,2,At-Risk / Churned,0.6868856134154121,1.125437312319166
12436.0,100,1,509.01,3,At-Risk / Churned,-1.0603519149301421,0.11595601678721192
12437.0,2,18,4951.41,1,Champions,3.398528995317579,-0.42160535651763015
12438.0,14,2,2906.85,2,At-Risk / Churned,0.861186365860462,-0.30413161520814624
12441.0,367,1,173.55,3,At-Risk / Churned,-2.063221707559458,0.5456725543905949
12442.0,3,1,172.06,0,Potential Loyalists,-0.3394309527379697,-2.324317734605873
12444.0,21,5,5005.46,1,Champions,1.5996585348846923,0.4026648648933044
12445.0,22,1,133.4,0,Potential Loyalists,-1.1278033410528805,-1.307269543118827
12446.0,58,1,1002.3100000000001,3,At-Risk / Churned,-0.5338474485610615,0.021257103910796105
12447.0,243,1,476.49,3,At-Risk / Churned,-1.4286643373464458,0.6512179653105103
12448.0,44,1,449.45,3,At-Risk / Churned,-0.8103544198260215,-0.44179050246956725
12449.0,22,4,4067.29,2,At-Risk / Churned,1.3192815271962925,0.2853087780054372
12450.0,156,2,197.88,3,At-Risk / Churned,-1.3090260302318835,0.20886061306810222
12451.0,11,5,9035.52,1,Champions,2.1115082383980788,0.23318795643449267
12452.0,17,2,430.57,0,Potential Loyalists,-0.11377034645295755,-0.8825105303049672
12453.0,134,1,707.09,3,At-Risk / Churned,-1.0155110406896328,0.4192844209045493
12454.0,56,1,3528.34,2,At-Risk / Churned,0.07620289948680045,0.45694115093898685
12455.0,73,6,2466.86,2,At-Risk / Churned,0.9399048317485648,0.9736466254075833
12456.0,44,3,3181.04,2,At-Risk / Churned,0.7443739523670817,0.5357198558764473
12457.0,66,7,2363.23,2,At-Risk / Churned,1.078308069051667,0.9463459463658822
12458.0,71,2,947.4,2,At-Risk / Churned,-0.2698758481882943,0.28282871273319965
12461.0,94,2,826.88,2,At-Risk / Churned,-0.44029630546153775,0.409144960038471
12462.0,19,2,1189.59,0,Potential Loyalists,0.327515013335069,-0.44656890026915036
12463.0,53,4,1344.78,2,At-Risk / Churned,0.46819396418035447,0.42401511582944207
12464.0,10,8,1212.05,1,Champions,1.5585976688727643,-0.396676971717428
12465.0,17,2,742.1899999999999,0,Potential Loyalists,0.14414961428120224,-0.6847950380164743
12468.0,188,2,729.5400000000001,3,At-Risk / Churned,-0.7625009627628185,0.7997618680133284
12471.0,2,30,19824.05,1,Champions,4.499572225078563,0.2710695446744826
12472.0,32,7,6572.11,1,Champions,1.8341466721023723,0.8693121746310428
12473.0,29,5,3938.5499999999997,2,At-Risk / Churned,1.3674144447169871,0.5121256645555697
12474.0,17,18,7375.79,1,Champions,2.902949677325857,0.8593412864503196
12475.0,54,1,723.38,3,At-Risk / Churned,-0.6615977368516803,-0.14174817337857487
12476.0,16,11,6816.42,1,Champions,2.4716920945980716,0.6178460505291197
12477.0,23,6,13219.74,1,Champions,2.1666500856164954,0.8703008874935592
12478.0,4,1,680.99,0,Potential Loyalists,0.22606734460190483,-1.6839799985748205
12479.0,11,1,527.2,0,Potential Loyalists,-0.22972797106263124,-1.2218787030000877
12480.0,28,4,3281.63,2,At-Risk / Churned,1.128881260709772,0.3542175816772662
12481.0,23,10,5596.32,1,Champions,2.167639489588155,0.7313137318374742
12483.0,17,8,2484.98,1,Champions,1.7109056460531027,0.17657298264833934
12484.0,33,6,4541.72,2,At-Risk / Churned,1.526629006274377,0.7025334982199652
12488.0,10,3,1298.66,0,Potential Loyalists,0.8577822931788808,-0.6831809444239343
12489.0,336,1,334.93,3,At-Risk / Churned,-1.7189215240374751,0.7280347595525997
12490.0,5,10,5417.93,1,Champions,2.681998202496145,-0.1593968635794963
12491.0,39,1,460.40000000000003,0,Potential Loyalists,-0.7539498528407035,-0.5077293959100433
12492.0,63,2,263.21000000000004,3,At-Risk / Churned,-0.8313391422208982,-0.25675343019702807
12493.0,166,2,433.74,3,At-Risk / Churned,-0.9615130051933838,0.532492531082916
12494.0,16,7,1246.1000000000001,2,At-Risk / Churned,1.2988483685871988,-0.15586643100457864
12497.0,82,1,1043.1,3,At-Risk / Churned,-0.6453551371303733,0.25214406415463064
12498.0,21,3,403.70000000000005,0,Potential Loyalists,0.039272870500858474,-0.6681283269109058
12500.0,23,11,4257.82,1,Champions,2.1166589157494005,0.6653308588881364
12501.0,337,1,2169.39,3,At-Risk / Churned,-0.8346864946529878,1.4086154148262402
12502.0,96,5,3723.87,2,At-Risk / Churned,0.8924029082599225,1.2357647519164816
12504.0,18,2,482.04999999999995,0,Potential Loyalists,-0.08095492214077135,-0.8072381303663313
12506.0,233,1,73.5,3,At-Risk / Churned,-2.2942375010223137,-0.051100046997139235
12507.0,134,3,1304.81,2,At-Risk / Churned,-0.0980934944158917,0.9082470013710988
12508.0,26,2,398.27,0,Potential Loyalists,-0.3056209638760727,-0.65373859147156
12509.0,284,1,176.5,3,At-Risk / Churned,-1.9576017124504812,0.38971935623709786
12510.0,143,2,982.5699999999999,2,At-Risk / Churned,-0.5174612130786803,0.7355385430633989
12512.0,66,2,138.03,3,At-Risk / Churned,-1.1535208430280257,-0.46126798296594423
12513.0,113,1,612.29,3,At-Risk / Churned,-1.0191102663773468,0.25980240414054495
12514.0,267,1,1017.68,3,At-Risk / Churned,-1.1049500390965834,0.9863338586569951
12515.0,353,1,383.7,3,At-Risk / Churned,-1.6733987177657916,0.808549704005754
12516.0,78,2,1312.06,2,At-Risk / Churned,-0.15094476971169435,0.46000126088576276
12517.0,28,5,2502.84,2,At-Risk / Churned,1.1652903727874404,0.3257574455794738
12518.0,1,5,2056.89,1,Champions,2.0940546581216797,-1.441037871876631
12519.0,64,1,340.84,3,At-Risk / Churned,-1.0817949590492735,-0.30901322957065525
12520.0,79,5,2634.26,2,At-Risk / Churned,0.8018184302367983,0.9877187299071224
12521.0,143,1,599.68,3,At-Risk / Churned,-1.1182375340246495,0.4003597379952763
12522.0,39,2,192.72,0,Potential Loyalists,-0.7990045812562075,-0.6676297754704791
12523.0,19,11,1789.77,1,Champions,1.7752160525118463,0.23458822562721324
12524.0,9,8,4485.72,1,Champions,2.2157010534667743,0.01869689032589169
12526.0,1,3,1316.66,0,Potential Loyalists,1.5157251077953933,-1.7590095003822077
12527.0,82,3,348.71000000000004,3,At-Risk / Churned,-0.5374051962748291,0.12058745083219992
12528.0,9,6,1933.48,1,Champions,1.5891520424420669,-0.383899261305829
12530.0,60,4,1662.28,2,At-Risk / Churned,0.5221324680876233,0.5783471860060648
12531.0,15,1,125.22,0,Potential Loyalists,-1.018928379999967,-1.5601986682487445
12532.0,30,1,349.83000000000004,0,Potential Loyalists,-0.7865559928490863,-0.7689933074349907
12534.0,131,1,1089.18,3,At-Risk / Churned,-0.8021493359981526,0.5620116833436043
12535.0,92,2,716.35,2,At-Risk / Churned,-0.5001686808344632,0.34352539205026095
12536.0,43,3,12601.830000000002,2,At-Risk / Churned,1.4061100444228012,1.022160580720395
12538.0,29,1,363.95,0,Potential Loyalists,-0.7553019365694241,-0.7754287353419916
12539.0,22,4,5568.35,2,At-Risk / Churned,1.4683117470145464,0.3995519067394663
12540.0,20,17,13400.24,1,Champions,3.078439596345364,1.1534722264965556
12541.0,30,3,981.18,2,At-Risk / Churned,0.32896320656833444,-0.12817056941034735
12544.0,36,1,372.7,0,Potential Loyalists,-0.8241968861985078,-0.633844508950543
12545.0,75,2,1000.39,2,At-Risk / Churned,-0.26473645735229717,0.33688530383035725
12546.0,47,2,1161.5,2,At-Risk / Churned,-0.018347796512093152,0.0998041183793637
12547.0,198,2,207.79999999999998,3,At-Risk / Churned,-1.3765125808483094,0.3768655141359331
12548.0,166,1,95.19999999999999,3,At-Risk / Churned,-2.044033140184124,-0.17197996912876018
12550.0,79,1,964.83,3,At-Risk / Churned,-0.6682648568172067,0.20045780532890858
12551.0,358,1,168.0,3,At-Risk / Churned,-2.0690936502724644,0.5182198142201095
12552.0,39,2,437.82,0,Potential Loyalists,-0.4109893287267352,-0.3701862334858364
12553.0,8,10,3692.28,1,Champions,2.3451338266032877,-0.04178912686071924
12556.0,50,2,603.71,0,Potential Loyalists,-0.35165944940159855,-0.09950976287976553
12557.0,16,5,11990.960000000001,1,Champions,2.1126891937006436,0.5569512558881097
12558.0,8,1,269.96,0,Potential Loyalists,-0.4365529378796674,-1.6470888148286518
12559.0,311,2,561.71,3,At-Risk / Churned,-1.0779030065001836,1.0226143176818896
12560.0,5,3,2134.01,0,Potential Loyalists,1.3249420301600414,-0.8869161503333358
12561.0,303,1,238.85,3,At-Risk / Churned,-1.8394077181099509,0.540147223060901
12562.0,8,7,3781.7400000000002,1,Champions,2.0684281012771017,-0.1554452299246366
12564.0,261,1,456.9,3,At-Risk / Churned,-1.4757414963297615,0.6811055544992015
12565.0,289,1,145.92,3,At-Risk / Churned,-2.0539735401997667,0.331963968200184
12566.0,86,1,351.65,3,At-Risk / Churned,-1.1784166437533221,-0.11286002112223073
12567.0,23,10,9401.28,1,Champions,2.4137636092806525,0.9199868044858953
12569.0,2,32,4124.69,1,Champions,3.8112431196118615,-0.2759178308916881
12571.0,40,2,519.61,0,Potential Loyalists,-0.339321236383337,-0.29235865610522643
12572.0,9,2,1020.42,0,Potential Loyalists,0.5196544774053772,-0.9417822791607563
12573.0,227,1,160.54000000000002,3,At-Risk / Churned,-1.917044050827615,0.2139701380532516
12574.0,316,1,218.45,3,At-Risk / Churned,-1.8975896218169526,0.5343609021261947
12576.0,36,5,1315.83,2,At-Risk / Churned,0.7672628345629734,0.2464607898373511
12577.0,35,3,657.8,2,At-Risk / Churned,0.08231682751182011,-0.17863764994156595
12578.0,21,2,2794.51,2,At-Risk / Churned,0.6961415725643684,-0.07564184856851892
12579.0,78,1,440.42,3,At-Risk / Churned,-1.035014552234623,-0.0923437769096177
12580.0,247,1,415.7,3,At-Risk / Churned,-1.4994983186245578,0.611990731057115
12581.0,40,1,197.71,3,At-Risk / Churned,-1.1631421973772633,-0.7985183371158863
12582.0,239,2,511.36,3,At-Risk / Churned,-1.0221301713157627,0.8221736104599353
12583.0,3,15,7281.38,1,Champions,3.316122750541173,-0.1649802342358517
12584.0,4,9,2338.15,1,Champions,2.266790524978197,-0.6172177213897091
12585.0,234,2,2040.1,2,At-Risk / Churned,-0.3581757466663608,1.3116305940713742
12586.0,17,1,196.94000000000003,0,Potential Loyalists,-0.8504245544243396,-1.321850189181686
12587.0,8,1,144.0,0,Potential Loyalists,-0.733249704083814,-1.874529711700219
12588.0,39,1,214.89999999999998,3,At-Risk / Churned,-1.1143351044503764,-0.7839924165490727
12589.0,29,2,646.68,0,Potential Loyalists,-0.1163208756269898,-0.41096305788658405
12590.0,211,2,9864.26,2,At-Risk / Churned,0.4288258423902582,1.8194541571634073
12591.0,317,1,452.84999999999997,3,At-Risk / Churned,-1.5539762696254265,0.8006864573690817
12592.0,92,2,437.6,3,At-Risk / Churned,-0.7336282945558863,0.16456063753873032
12593.0,109,3,418.09999999999997,3,At-Risk / Churned,-0.5591316745318964,0.364994458353546
12594.0,38,10,3338.2200000000003,1,Champions,1.7369968650563852,0.8512276919286393
12596.0,51,2,618.27,2,At-Risk / Churned,-0.34778916176593433,-0.07854356724828042
12597.0,19,4,3811.22,2,At-Risk / Churned,1.3418371491080359,0.17304902468871503
12598.0,10,8,3023.08,1,Champions,1.9920702803946568,-0.06438686692415971
12599.0,29,7,1032.58,2,At-Risk / Churned,0.9926972283830717,0.13593000659856308
12600.0,29,10,2599.04,1,Champions,1.718517611019974,0.5938670459320455
12601.0,190,5,577.0600000000001,2,At-Risk / Churned,-0.25061602797453864,0.9876098141229709
12602.0,59,1,153.12,3,At-Risk / Churned,-1.429228717161211,-0.6495423995890829
12603.0,22,1,739.1999999999999,0,Potential Loyalists,-0.31819998575000547,-0.6866462865996849
12604.0,79,2,254.18,3,At-Risk / Churned,-0.9331083802396386,-0.12792759447034258
12607.0,60,1,1579.51,2,At-Risk / Churned,-0.33093699361980256,0.2077043053290918
12609.0,78,3,1126.85,2,At-Risk / Churned,0.03713163418346081,0.5152302098637104
12610.0,23,5,2099.54,2,At-Risk / Churned,1.1542602132935813,0.1418867617024847
12611.0,52,1,1193.32,2,At-Risk / Churned,-0.4101686560668664,0.016656672671859375
12612.0,74,1,704.0400000000001,3,At-Risk / Churned,-0.792955313066781,0.04504990066381618
12613.0,57,5,3344.38,2,At-Risk / Churned,1.0379246675862464,0.8706248938410077
12614.0,278,1,315.6,3,At-Risk / Churned,-1.674873023630278,0.5867298610540069
12615.0,2,4,2291.19,1,Champions,1.8253640989082152,-1.2147991383584846
12616.0,95,2,713.3,3,At-Risk / Churned,-0.5143223527901427,0.3621045243495342
12617.0,29,1,355.53,0,Potential Loyalists,-0.7663785073516279,-0.7839197789930452
12618.0,22,1,177.31,0,Potential Loyalists,-0.9936509205943479,-1.2044313921779226
12619.0,16,9,3641.24,1,Champions,2.00929257645756,0.319751767941569
12620.0,15,3,1339.41,2,At-Risk / Churned,0.7292552409852985,-0.43438997873882723
12621.0,2,20,13689.67,1,Champions,3.9715871052106664,-0.013256220374882851
12622.0,232,1,180.1,3,At-Risk / Churned,-1.87109560825924,0.269301013803728
12623.0,276,1,305.1,3,At-Risk / Churned,-1.6881287272281094,0.5698997115318184
12624.0,106,2,641.13,3,At-Risk / Churned,-0.6063185571806274,0.39213696712912843
12625.0,212,2,2683.82,2,At-Risk / Churned,-0.19053435714843323,1.3490289751003992
12626.0,23,9,6620.48,1,Champions,2.161161455369528,0.755816000734877
12627.0,11,7,4478.53,1,Champions,2.0387287939600585,0.08845082941460292
12628.0,4,3,786.46,0,Potential Loyalists,0.9213030641596602,-1.365336881253605
12630.0,10,2,1270.88,0,Potential Loyalists,0.5873012142372434,-0.8015794164093764
12631.0,57,1,640.5,3,At-Risk / Churned,-0.7395512163800498,-0.1522761047018361
12633.0,59,4,2163.98,2,At-Risk / Churned,0.6535452064558637,0.6637635551817178
12635.0,90,2,1689.18,2,At-Risk / Churned,-0.08517279081420881,0.6415000925765411
12637.0,67,8,6021.9,2,At-Risk / Churned,1.6229347832769951,1.3411604779615296
12638.0,33,1,671.69,0,Potential Loyalists,-0.5129397161753309,-0.4736212275704921
12639.0,239,1,486.1,3,At-Risk / Churned,-1.4128925048778909,0.6479866835887219
12640.0,24,3,1174.58,2,At-Risk / Churned,0.49645517763368296,-0.1991695651240848
12641.0,115,1,185.9,3,At-Risk / Churned,-1.5896283608248156,-0.16142257450167735
12642.0,25,3,1013.26,2,At-Risk / Churned,0.41142580273018253,-0.22799603238435748
12643.0,128,6,3344.64,2,At-Risk / Churned,0.8719475276967793,1.436694301230071
12644.0,130,1,477.91,3,At-Risk / Churned,-1.1895886583521031,0.2579606593762965
12645.0,34,4,1775.18,2,At-Risk / Churned,0.7655734437754178,0.2500265690354864
12646.0,5,2,1346.97,0,Potential Loyalists,0.8464890748724934,-1.1647410653007355
12647.0,22,12,3722.82,1,Champions,2.141623293747392,0.6202701825963648
12648.0,155,1,318.05,3,At-Risk / Churned,-1.4490682149056868,0.22094703505608576
12649.0,107,3,623.51,2,At-Risk / Churned,-0.3628483378816039,0.49845225963182654
12650.0,3,1,314.44,0,Potential Loyalists,-0.054553575438722315,-2.105937308623141
12651.0,335,1,114.0,3,At-Risk / Churned,-2.2264730553417875,0.3362028227889435
12652.0,331,1,919.98,3,At-Risk / Churned,-1.2346247066442377,1.0854297249158096
12653.0,149,2,2209.85,2,At-Risk / Churned,-0.14871388130921562,1.056051116881463
12654.0,11,5,601.98,0,Potential Loyalists,0.8268742747342678,-0.7515828066089301
12656.0,17,5,4051.17,1,Champions,1.5759855922796082,0.19850884578001918
12657.0,11,4,1643.18,2,At-Risk / Churned,1.1379637860709721,-0.45673824178225014
12658.0,19,1,686.05,0,Potential Loyalists,-0.30015352524087774,-0.8023626590318439
12659.0,30,1,91.68,3,At-Risk / Churned,-1.418232192105823,-1.2532217104925467
12660.0,11,1,245.1,0,Potential Loyalists,-0.5921475684476565,-1.4997012061829027
12662.0,1,11,3849.78,1,Champions,3.0183942047066514,-0.9467690456458511
12664.0,8,9,4881.88,1,Champions,2.3914189351987134,0.023160150195625655
12665.0,325,1,63.0,3,At-Risk / Churned,-2.4930283201127343,0.10386146720405394
12667.0,58,1,620.13,3,At-Risk / Churned,-0.7613959672315915,-0.15317634148985892
12668.0,12,4,3807.15,1,Champions,1.5059403601409826,-0.10046142292508596
12669.0,151,3,2744.0299999999997,2,At-Risk / Churned,0.20914925283693075,1.2537121339008601
12670.0,10,5,2996.05,1,Champions,1.6210389125397624,-0.22344849063144276
12672.0,330,1,225.89999999999998,3,At-Risk / Churned,-1.8982611592906362,0.5739051397747814
12673.0,5,2,610.52,0,Potential Loyalists,0.47141348382168524,-1.4522653612835634
12674.0,39,4,1970.6,2,At-Risk / Churned,0.7640807401449458,0.372657348906617
12676.0,25,6,1331.39,2,At-Risk / Churned,1.0470965280862468,0.08627142130731422
12678.0,42,12,17628.46,1,Champions,2.640345932815127,1.5825687635961654
12679.0,59,4,1113.02,2,At-Risk / Churned,0.338247368741887,0.4220635059739335
12680.0,1,4,862.81,0,Potential Loyalists,1.5171967456227247,-1.8268733192918822
12681.0,15,22,13787.54,1,Champions,3.417600195923025,1.085612351724745
12682.0,4,31,12288.22,1,Champions,4.106161461861952,0.4331764557011191
12683.0,4,15,8476.57,1,Champions,3.3029686518863643,0.03177592318319717
12684.0,8,7,2283.63,1,Champions,1.829146661369297,-0.3388728620947323
12685.0,28,6,2863.08,2,At-Risk / Churned,1.3685178586008258,0.4338863513562667
12686.0,372,1,89.14,3,At-Risk / Churned,-2.3819734023670245,0.3138343053292954
12688.0,114,1,4873.8099999999995,2,At-Risk / Churned,-0.03873820031981238,1.019428577274426
12689.0,26,2,1247.61,2,At-Risk / Churned,0.23541878723459997,-0.23898999879188318
12690.0,206,1,389.01,3,At-Risk / Churned,-1.4618571237991556,0.47333904575682373
12691.0,28,6,1035.8,2,At-Risk / Churned,0.8863394637745069,0.06425951661034117
12693.0,127,4,855.91,2,At-Risk / Churned,-0.07579498731610551,0.8069943238699392
12694.0,70,2,869.67,2,At-Risk / Churned,-0.30511047184483825,0.2428543121324461
12695.0,7,4,582.1,0,Potential Loyalists,0.8009787925829632,-1.0909033609393335
12697.0,29,3,957.59,2,At-Risk / Churned,0.3299563295925738,-0.15780333070199462
12700.0,8,4,4939.99,1,Champions,1.7700341165531845,-0.23887057005385082
12701.0,80,2,797.71,2,At-Risk / Churned,-0.3963977155809215,0.2950173011235747
12702.0,20,1,219.0,0,Potential Loyalists,-0.8591873518473199,-1.1856797363550462
12703.0,71,1,283.55,3,At-Risk / Churned,-1.2079232700194293,-0.3108943382179467
12704.0,7,8,2340.84,1,Champions,1.9924331016471701,-0.35929495728304195
12705.0,15,9,6868.29,1,Champions,2.3335324307231327,0.51211141764077
12707.0,292,1,603.42,3,At-Risk / Churned,-1.3867335151277411,0.8529945138169303
12708.0,30,10,2712.91,1,Champions,1.7263282584215995,0.6302485745497659
12709.0,15,15,9736.52,1,Champions,2.9242600014338174,0.8196329413352725
12710.0,97,3,1149.02,2,At-Risk / Churned,-0.03598502433723618,0.6589535616055227
12712.0,29,13,4396.13,1,Champions,2.185997517414638,0.8776634205939312
12713.0,1,1,848.55,0,Potential Loyalists,0.6804502927356829,-2.1850033579407886
12714.0,9,5,4708.86,1,Champions,1.8719623978441913,-0.11944276976314498
12715.0,106,1,353.86,3,At-Risk / Churned,-1.254520317806943,0.020602913996035133
12716.0,4,2,1053.49,0,Potential Loyalists,0.7996391034942415,-1.369655583231388
12717.0,151,2,1030.98,2,At-Risk / Churned,-0.5153219260050492,0.7872953238217043
12718.0,71,1,238.25,3,At-Risk / Churned,-1.2902075357817193,-0.3739715582457398
12719.0,5,2,644.95,0,Potential Loyalists,0.49740584705201213,-1.4323402152142282
12720.0,3,25,5781.73,1,Champions,3.6458785690893847,-0.06230724926934797
12721.0,32,6,2656.13,2,At-Risk / Churned,1.2835533019094154,0.48852548484289376
12722.0,85,4,997.63,2,At-Risk / Churned,0.14879521020623937,0.6105333378780985
12723.0,4,5,725.07,0,Potential Loyalists,1.2495577123050607,-1.2390669041167355
12724.0,5,4,1031.41,0,Potential Loyalists,1.1820054188524476,-1.0654800018692543
12725.0,371,1,427.8,3,At-Risk / Churned,-1.640850910597511,0.8794732913292646
12726.0,28,7,2609.1,2,At-Risk / Churned,1.4452414575252828,0.4514154055573997
12727.0,11,7,3980.7,1,Champions,1.9828242292551364,0.04559567969937725
12728.0,71,4,836.33,2,At-Risk / Churned,0.13309357928718188,0.43379775398745957
12729.0,114,1,453.01,3,At-Risk / Churned,-1.1651489651866187,0.1559480685896165
12731.0,24,12,18895.91,1,Champions,2.880523587524287,1.263983516348687
12732.0,180,1,236.26000000000002,3,At-Risk / Churned,-1.6464196662736945,0.20744267786906023
12733.0,234,1,383.95,3,At-Risk / Churned,-1.5165321500309392,0.5490237598896722
12734.0,353,1,110.39999999999999,3,At-Risk / Churned,-2.261506671095895,0.35771971325801116
12735.0,315,2,779.5699999999999,3,At-Risk / Churned,-0.9274746420538318,1.1497374931560413
12736.0,333,1,234.0,3,At-Risk / Churned,-1.8850640368344367,0.5923851382934779
12738.0,372,1,155.35,3,At-Risk / Churned,-2.1206315462298617,0.5141729436986062
12739.0,78,2,1013.04,2,At-Risk / Churned,-0.27357300457951583,0.3659972847826868
12740.0,64,1,427.6,3,At-Risk / Churned,-0.9744641264231615,-0.226735889150779
12743.0,134,2,546.43,3,At-Risk / Churned,-0.7708553576690491,0.48146935980935274
12744.0,52,7,21279.29,1,Champions,2.210585341335235,1.5970491367553503
12747.0,2,11,4196.01,1,Champions,2.9043143318770808,-0.6583798479962341
12748.0,1,209,33719.73,1,Champions,6.637112315603598,0.9423161358648332
12749.0,4,5,4090.88,1,Champions,2.070081711205447,-0.6100721341294498
12750.0,129,1,275.88,3,At-Risk / Churned,-1.446671520432732,0.05378387516155662
12752.0,81,1,4366.78,2,At-Risk / Churned,0.03838283273753962,0.7650460944374149
12753.0,23,6,21429.39,1,Champions,2.3958612718502077,1.0460088954942974
12754.0,236,3,3010.74,2,At-Risk / Churned,0.08342170061009783,1.5690583634274968
12755.0,281,2,3811.95,2,At-Risk / Churned,-0.13130077116426717,1.654548127407531
12756.0,87,1,112.07999999999998,3,At-Risk / Churned,-1.722510093368497,-0.5193558392911055
12757.0,16,13,7857.1,1,Champions,2.6785460290560748,0.7287549081831871
12758.0,117,2,2791.59,2,At-Risk / Churned,0.05382336936777657,0.9888925925191038
12759.0,52,3,1531.44,2,At-Risk / Churned,0.3351241306159491,0.37367238295167254
12762.0,8,2,1898.52,0,Potential Loyalists,0.8543194114908883,-0.7828983132717361
12763.0,138,2,494.08,3,At-Risk / Churned,-0.82971084281661,0.46341784957053533
12764.0,317,1,1693.88,3,At-Risk / Churned,-0.928729349933771,1.2799863230204904
12766.0,4,7,6989.63,1,Champions,2.58445436085789,-0.3047120100452677
12769.0,239,1,1143.6,3,At-Risk / Churned,-1.0074781683994527,0.9587679619724653
12770.0,211,1,1351.45,3,At-Risk / Churned,-0.8808933287806741,0.9408161167664258
12772.0,60,1,892.47,3,At-Risk / Churned,-0.6016067910693563,0.0002150823234937644
12775.0,17,5,1386.04,2,At-Risk / Churned,1.067246349188937,-0.19147892254870552
12778.0,20,6,822.23,2,At-Risk / Churned,0.9002216181409456,-0.2242890141712324
12779.0,38,8,3981.36,1,Champions,1.6390598226508766,0.8381951571172261
12781.0,64,2,826.74,2,At-Risk / Churned,-0.2953665698465933,0.16848216846401928
12782.0,5,5,2330.92,1,Champions,1.7335765535840437,-0.6990288149836337
12783.0,2,6,2225.91,1,Champions,2.116015545811504,-1.0960235622199663
12784.0,9,2,574.42,0,Potential Loyalists,0.24734336680451785,-1.1505296949668893
12785.0,364,1,311.95,3,At-Risk / Churned,-1.7830453068983025,0.7528618072674402
12787.0,10,3,463.66,0,Potential Loyalists,0.3696988474428331,-1.0573344549815433
12789.0,65,1,91.85,3,At-Risk / Churned,-1.706117080444983,-0.7734521969673323
12790.0,192,1,324.92,3,At-Risk / Churned,-1.520286542790595,0.3636363681040907
12791.0,374,1,192.60000000000002,3,At-Risk / Churned,-2.021268317015407,0.5952993918383839
12792.0,257,1,400.53999999999996,3,At-Risk / Churned,-1.5321897389277659,0.6235727990587182
12793.0,335,2,545.48,3,At-Risk / Churned,-1.1201090842649344,1.058953457722697
12794.0,53,2,860.41,2,At-Risk / Churned,-0.20560017902715827,0.06543809478783537
12795.0,19,1,430.48,0,Potential Loyalists,-0.5209003018605827,-0.9715820458766187
12797.0,366,1,254.03,3,At-Risk / Churned,-1.8822526945055975,0.6818769489388838
12798.0,10,3,6977.04,1,Champions,1.6553160484750657,-0.07180996485247511
12802.0,187,1,427.58,3,At-Risk / Churned,-1.3803169727248494,0.4466033866334059
12808.0,37,3,483.65000000000003,0,Potential Loyalists,-0.08402204251031874,-0.2560323380158021
12809.0,178,1,489.31,3,At-Risk / Churned,-1.2977181414406644,0.4644498284691244
12811.0,261,3,514.85,3,At-Risk / Churned,-0.7921946891805389,0.9907882212039089
12812.0,45,1,229.64000000000001,3,At-Risk / Churned,-1.13640117344439,-0.6713573832584597
12814.0,102,1,125.92,3,At-Risk / Churned,-1.7278621111166053,-0.3775661041030318
12815.0,148,2,1063.46,2,At-Risk / Churned,-0.49299965660623385,0.7859293196318081
12816.0,96,2,572.2,3,At-Risk / Churned,-0.6227121939166966,0.28862101257960543
12817.0,281,1,166.04,3,At-Risk / Churned,-1.9823800411675092,0.3609159231571386
12818.0,262,1,1542.08,3,At-Risk / Churned,-0.9006923644356087,1.1254561429199503
12820.0,3,4,942.34,0,Potential Loyalists,1.294126535073627,-1.3553707371509303
12821.0,214,1,92.72,3,At-Risk / Churned,-2.1529669298415572,-0.021301086209129887
12822.0,71,2,948.88,2,At-Risk / Churned,-0.2691359033492185,0.28339593737803825
12823.0,75,5,1759.5,2,At-Risk / Churned,0.6299989136701812,0.8084602519740267
12824.0,60,1,397.12,3,At-Risk / Churned,-0.985201186045956,-0.2938395322399619
12826.0,3,7,1474.72,1,Champions,1.931618916067773,-1.0120003886479338
12827.0,6,3,430.15000000000003,0,Potential Loyalists,0.5068918452463921,-1.37112674038964
12828.0,3,6,1018.71,1,Champions,1.6354295608326788,-1.197766829075053
12829.0,337,2,293.0,3,At-Risk / Churned,-1.416549325117847,0.8372103271422858
12830.0,38,6,6814.64,2,At-Risk / Churned,1.6667177455342375,0.9370989499954148
12831.0,262,1,215.05,3,At-Risk / Churned,-1.8336395074987908,0.41028038395648453
12832.0,32,2,383.03,0,Potential Loyalists,-0.400768498368469,-0.5406676091906746
12833.0,145,1,417.38,3,At-Risk / Churned,-1.2951341811857338,0.27754037541672627
12834.0,283,1,312.38,3,At-Risk / Churned,-1.6865113797155347,0.5942728255910785
12836.0,59,4,2612.86,2,At-Risk / Churned,0.7429555466747175,0.7323034595060403
12837.0,173,1,134.1,3,At-Risk / Churned,-1.8985782633005992,-0.0224162463829919
12838.0,34,2,683.13,0,Potential Loyalists,-0.14924335579357037,-0.2933128605438086
12839.0,3,14,5591.42,1,Champions,3.1324445005336323,-0.2858296024195423
12840.0,144,4,2726.77,2,At-Risk / Churned,0.42602027339168513,1.3072664678516202
12841.0,5,25,4022.35,1,Champions,3.318800246535176,0.06280225019747214
12842.0,70,2,1118.99,2,At-Risk / Churned,-0.18561698054371684,0.33445526612849286
12843.0,66,8,1702.26,2,At-Risk / Churned,1.0292470186768035,0.8723204965731617
12844.0,29,2,325.96000000000004,0,Potential Loyalists,-0.44069317975535527,-0.6596193837209204
12845.0,267,4,354.09,3,At-Risk / Churned,-0.7762106945522289,0.955037366586345
12847.0,22,1,871.54,0,Potential Loyalists,-0.2401447130395698,-0.6268109150924637
12849.0,31,2,1050.8899999999999,2,At-Risk / Churned,0.08914189712134074,-0.19363695862198999
12851.0,97,1,135.18,3,At-Risk / Churned,-1.6754303262111896,-0.3834988408123857
12852.0,295,1,311.55,3,At-Risk / Churned,-1.7035839265392925,0.6195468508461051
12853.0,135,6,1957.1000000000001,2,At-Risk / Churned,0.5975551750927202,1.2753330504762543
12854.0,79,3,1324.5,2,At-Risk / Churned,0.10895126266389117,0.5819452061352542
12855.0,373,1,38.1,3,At-Risk / Churned,-2.779347433119878,0.011698297626609991
12856.0,8,6,2179.93,1,Champions,1.6863150208311561,-0.4070788160389976
12857.0,211,2,1106.4,2,At-Risk / Churned,-0.6089833399518692,1.0238935778107146
12863.0,52,1,521.2,3,At-Risk / Churned,-0.8027423441275805,-0.2842812608385861
12864.0,138,1,147.12,3,At-Risk / Churned,-1.7691008369471215,-0.13133438633530983
12865.0,26,2,1568.23,2,At-Risk / Churned,0.3438756091066001,-0.1558495009900478
12866.0,283,1,559.12,3,At-Risk / Churned,-1.4109327910244407,0.8055250147281071
12867.0,26,7,4036.82,1,Champions,1.6795944474813005,0.5648271170032596
12868.0,186,6,1607.0600000000002,2,At-Risk / Churned,0.38241038637120134,1.40559423909109
12871.0,84,2,380.64,3,At-Risk / Churned,-0.7652699492769603,0.0569286181911841
12872.0,327,2,599.97,3,At-Risk / Churned,-1.0657977364255584,1.0782503965957375
12873.0,282,1,374.0,3,At-Risk / Churned,-1.5999800550571672,0.6573361241654666
12875.0,143,2,343.2300000000001,3,At-Risk / Churned,-1.0156649407439857,0.35362705783005743
12876.0,58,2,2218.02,2,At-Risk / Churned,0.20959039908640648,0.4657969444804994
12877.0,4,12,1535.77,1,Champions,2.3047626241765293,-0.6692274623879291
12878.0,236,2,854.99,3,At-Risk / Churned,-0.7737776652495781,1.0008951869094473
12879.0,45,3,573.22,2,At-Risk / Churned,-0.07655354419557213,-0.07321118671213905
12881.0,276,1,298.0,3,At-Risk / Churned,-1.699265232883644,0.5613627231894269
12882.0,9,2,1463.04,0,Potential Loyalists,0.6904897176706536,-0.8108239247428675
12883.0,25,4,703.47,2,At-Risk / Churned,0.4403212956078983,-0.27483735661660896
12884.0,88,1,309.05,3,At-Risk / Churned,-1.248194284279074,-0.14528231709723827
12885.0,63,3,1175.22,2,At-Risk / Churned,0.13751932490623528,0.39700503763831785
12886.0,68,2,1378.4,2,At-Risk / Churned,-0.07583932761732208,0.3921225956116147
12888.0,214,2,354.12,3,At-Risk / Churned,-1.1540477477593523,0.6190848519813348
12890.0,24,1,380.46999999999997,0,Potential Loyalists,-0.6646249815150107,-0.8749182838939312
12891.0,186,3,331.0,3,At-Risk / Churned,-0.8724490093083886,0.6166710339639732
12893.0,31,1,188.14,0,Potential Loyalists,-1.0918619712836606,-0.9736048170796257
12895.0,42,2,372.8,0,Potential Loyalists,-0.514724736861472,-0.38267078124422577
12897.0,205,2,216.5,3,At-Risk / Churned,-1.3703514836333055,0.41363389176705945
12901.0,9,28,17654.54,1,Champions,3.9241881315750677,0.966618844940583
12902.0,265,1,138.68,3,At-Risk / Churned,-2.0449445735814247,0.25881235886998083
12904.0,18,2,509.58,0,Potential Loyalists,-0.054652817829799714,-0.7870755439295759
12906.0,12,5,2919.81,1,Champions,1.54497689639861,-0.12690743625505307
12908.0,176,2,750.0,3,At-Risk / Churned,-0.7243275964790388,0.7682202088287985
12909.0,40,5,2178.67,2,At-Risk / Churned,0.9671766389936077,0.4948639294785626
12910.0,23,8,3075.04,1,Champions,1.7020415326776472,0.43644082104400217
12912.0,3,5,1662.3,1,Champions,1.7281725518041304,-1.0790115946953232
12913.0,5,5,2483.63,1,Champions,1.7636771293429003,-0.6759544079567827
12915.0,149,2,363.65,3,At-Risk / Churned,-1.0039173258961465,0.4004718838045817
12916.0,139,4,3006.15,2,At-Risk / Churned,0.4857003984494406,1.3204884681848517
12917.0,128,1,594.0,3,At-Risk / Churned,-1.0807126861746803,0.32716163333965326
12919.0,8,6,1335.19,1,Champions,1.4538267412305526,-0.5852989682199147
12920.0,17,1,164.23,0,Potential Loyalists,-0.9361375965136641,-1.3875558300479325
12921.0,9,37,16587.09,1,Champions,4.139089953098464,1.0477887519664555
12922.0,161,1,405.38,3,At-Risk / Churned,-1.3486802026570406,0.3328850373650996
12923.0,64,1,176.97,3,At-Risk / Churned,-1.3915368353207833,-0.5464542068996815
12924.0,88,4,933.7,2,At-Risk / Churned,0.10429812648672024,0.608206675808412
12925.0,5,2,694.05,0,Potential Loyalists,0.5321710457379141,-1.4056900158534462
12928.0,35,5,2062.7000000000003,2,At-Risk / Churned,0.9909281131650611,0.3925203380384282
12929.0,312,1,117.85,3,At-Risk / Churned,-2.1837513582762873,0.3032251422713135
12930.0,78,2,415.8,3,At-Risk / Churned,-0.6954774498558963,0.042575069382686556
12931.0,22,15,42055.96,1,Champions,3.479849362725192,1.581925088336343
12933.0,24,3,607.53,0,Potential Loyalists,0.1839880901547929,-0.4386996265004396
12935.0,2,7,2160.7,1,Champions,2.2227006008308443,-1.0555267469172194
12936.0,17,4,1063.9,2,At-Risk / Churned,0.776908847708278,-0.3576744322331476
12937.0,15,4,1504.27,2,At-Risk / Churned,0.9861482324763093,-0.3064536799032173
12938.0,26,1,114.14,0,Potential Loyalists,-1.2624702653265452,-1.2618747296234984
12939.0,64,8,11581.8,1,Champions,1.9504991132092078,1.5504399823316042
12940.0,55,2,913.54,2,At-Risk / Churned,-0.191095739016969,0.11026734174001858
12942.0,131,3,683.9,2,At-Risk / Churned,-0.39572616783282233,0.6592577609975208
12944.0,36,2,604.51,0,Potential Loyalists,-0.2284073163221371,-0.30248843221968996
12945.0,288,1,462.95,3,At-Risk / Churned,-1.5069917843385026,0.7480657100771736
12947.0,144,6,1603.99,2,At-Risk / Churned,0.47870490602371024,1.2436221735076758
12948.0,16,7,2064.95,1,Champions,1.5383788366093487,0.027752100373478018
12949.0,31,8,4167.22,1,Champions,1.7362983354918986,0.7293641590920013
12950.0,2,3,1843.0,0,Potential Loyalists,1.5202708223812182,-1.3796846638348286
12951.0,9,6,1064.07,1,Champions,1.305950769773296,-0.600994824142652
12952.0,6,4,1387.79,0,Potential Loyalists,1.2638186391585573,-0.8598760632283996
12953.0,10,1,329.85,0,Potential Loyalists,-0.4184712678647293,-1.4472189363053904
12955.0,1,11,4757.16,1,Champions,3.118798741795694,-0.8698012436112521
12956.0,306,1,108.07,3,At-Risk / Churned,-2.217104665172703,0.2597160101404714
12957.0,10,8,4017.54,1,Champions,2.126986017703159,0.0390364251059967
12962.0,7,2,266.39,0,Potential Loyalists,-0.031068802245163573,-1.570793827456271
12963.0,8,8,1856.63,1,Champions,1.8375070041510257,-0.36888039647086174
12965.0,89,1,771.91,3,At-Risk / Churned,-0.81901019099721,0.1940772428588102
12966.0,10,1,160.18,0,Potential Loyalists,-0.7597296172619002,-1.708819714921219
12967.0,358,2,1660.9,2,At-Risk / Churned,-0.6176232531016843,1.5055210745992946
12968.0,112,1,135.95,3,At-Risk / Churned,-1.7271761725929244,-0.291151475782637
12970.0,7,4,452.24,0,Potential Loyalists,0.6814260289568504,-1.1825497517324446
12971.0,4,86,11189.91,1,Champions,4.9664590918386695,0.7834256485913446
12974.0,198,1,144.8,3,At-Risk / Churned,-1.9137081906315148,0.09042621558687092
12976.0,212,1,738.6,3,At-Risk / Churned,-1.1691032774405332,0.7242430781652817
12977.0,156,1,39.239999999999995,3,At-Risk / Churned,-2.4340271170986436,-0.5281768049155182
12980.0,158,9,7374.900000000001,2,At-Risk / Churned,1.489834435641484,1.993889432412183
12981.0,30,2,372.21999999999997,0,Potential Loyalists,-0.3904275182984825,-0.5906928206663351
12982.0,243,1,390.54,3,At-Risk / Churned,-1.5228383415346916,0.5790263460738394
12984.0,19,1,97.5,0,Potential Loyalists,-1.2218659142927546,-1.508926114729744
12985.0,1,2,1239.38,0,Potential Loyalists,1.2268163910937453,-1.8915341743919658
12987.0,74,2,558.7,3,At-Risk / Churned,-0.5357325360511995,0.11686848393171634
12988.0,292,1,535.32,3,At-Risk / Churned,-1.4434585767179975,0.8095103901163516
12989.0,3,15,6924.110000000001,1,Champions,3.2922518626904598,-0.1832791062166507
12990.0,31,3,409.5,0,Potential Loyalists,-0.0971518449051515,-0.42539152766382515
12991.0,23,2,503.76,0,Potential Loyalists,-0.14936155458810926,-0.6431310662205162
12993.0,23,4,414.76,0,Potential Loyalists,0.22066720351764027,-0.5174135822408826
12994.0,4,3,974.4200000000001,0,Potential Loyalists,1.0228798239676775,-1.2874704803230772
12995.0,85,1,211.32,3,At-Risk / Churned,-1.41476907772674,-0.3047584871293294
12997.0,22,4,1226.89,2,At-Risk / Churned,0.7508245078924994,-0.15045726001882748
12999.0,196,3,455.88,3,At-Risk / Churned,-0.7408433740087819,0.7658457116428189
13000.0,107,3,534.85,2,At-Risk / Churned,-0.4355057768859579,0.4427547429282876
13001.0,4,13,9818.82,1,Champions,3.2519270007960586,0.033934057769248974
13002.0,318,1,120.94999999999999,3,At-Risk / Churned,-2.1787882332727495,0.3246303384215983
13003.0,106,3,149.05,3,At-Risk / Churned,-1.0359793761457425,-0.026177189184536372
13004.0,12,18,5655.91,1,Champions,2.901329278316133,0.5564533948774855
13005.0,174,2,513.7,3,At-Risk / Churned,-0.8992746158688603,0.623576382642753
13006.0,56,1,81.57,3,At-Risk / Churned,-1.7057785319042051,-0.9090847082211359
13008.0,323,1,229.46999999999997,3,At-Risk / Churned,-1.8826853251005673,0.5660320885890371
13011.0,372,1,50.550000000000004,3,At-Risk / Churned,-2.647148899656454,0.11055688608579319
13012.0,9,8,1661.8400000000001,1,Champions,1.744680482217994,-0.34237661425038846
13013.0,1,13,4810.9400000000005,1,Champions,3.263571954958323,-0.8064820348451625
13014.0,11,10,3466.2799999999997,1,Champions,2.205240938034476,0.11763507499913183
13015.0,53,5,3346.28,2,At-Risk / Churned,1.0654998909279627,0.8255255392798431
13016.0,73,3,789.89,2,At-Risk / Churned,-0.10630124302274692,0.34467224294460247
13017.0,7,1,204.0,0,Potential Loyalists,-0.5239226012980933,-1.8232417167613781
13018.0,16,28,7277.7,1,Champions,3.300941498499627,0.9807107698191373
13021.0,4,9,2616.38,1,Champions,2.3201216583238415,-0.5763353047914626
13023.0,64,2,689.9,2,At-Risk / Churned,-0.38111685725498673,0.10274797619533697
13026.0,1,5,975.36,1,Champions,1.7402392962819162,-1.71226456657004
13027.0,114,6,6912.0,2,At-Risk / Churned,1.260236791185614,1.6278612326883932
13028.0,23,2,661.3199999999999,0,Potential Loyalists,-0.02044677406798925,-0.5443079692362945
13029.0,31,3,1247.5,2,At-Risk / Churned,0.43068343677272314,-0.020765176655101872
13030.0,11,2,799.48,0,Potential Loyalists,0.33432416306136004,-0.914851812408588
13032.0,52,2,1010.18,2,At-Risk / Churned,-0.12238842128485726,0.11189989817441502
13033.0,357,1,190.55,3,At-Risk / Churned,-2.0085922444113313,0.5620131991747056
13034.0,55,2,642.77,2,At-Risk / Churned,-0.35769517285096414,-0.01744394117779845
13035.0,74,2,921.88,2,At-Risk / Churned,-0.29841863009900305,0.2987878499578499
13037.0,138,3,881.07,2,At-Risk / Churned,-0.2954144369997742,0.7840510655358806
13038.0,80,3,908.46,2,At-Risk / Churned,-0.07454992547546067,0.45279230897730494
13040.0,9,2,676.99,0,Potential Loyalists,0.32518237101140157,-1.0908601099056825
13043.0,273,1,516.42,3,At-Risk / Churned,-1.4348640705883993,0.753952778633682
13044.0,291,1,560.47,3,At-Risk / Churned,-1.4204055292481648,0.8240133095489148
13045.0,99,1,305.28000000000003,3,At-Risk / Churned,-1.2985293948328107,-0.07584866477138642
13046.0,31,2,629.31,0,Potential Loyalists,-0.1538824500645466,-0.3799338171713464
13047.0,32,10,3237.54,1,Champions,1.7863036126315324,0.734176665851025
13048.0,14,4,1835.91,2,At-Risk / Churned,1.1052953623063149,-0.274941315842568
13049.0,64,2,656.6800000000001,2,At-Risk / Churned,-0.4045003076116773,0.08482276255341241
13050.0,15,17,5836.86,1,Champions,2.788020386796002,0.678778415184172
13052.0,212,1,348.15000000000003,3,At-Risk / Churned,-1.525292629263941,0.4511965375128076
13055.0,78,3,1214.41,2,At-Risk / Churned,0.07261177555993287,0.5424284677990273
13058.0,25,3,271.40000000000003,0,Potential Loyalists,-0.21241768744688672,-0.7062200613437212
13059.0,250,1,183.4,3,At-Risk / Churned,-1.8909616377861544,0.32304963780070856
13060.0,254,1,307.53,3,At-Risk / Churned,-1.6527546540174778,0.5203090362427721
13061.0,72,1,248.61,3,At-Risk / Churned,-1.275362382426945,-0.3498060795837571
13062.0,191,1,346.98,3,At-Risk / Churned,-1.4872227916885599,0.3841670143320167
13064.0,13,4,1119.49,2,At-Risk / Churned,0.8970875100941527,-0.49850062729986183
13065.0,373,1,205.86,3,At-Risk / Churned,-1.9888109809502224,0.6177053060326912
13066.0,24,2,470.8,0,Potential Loyalists,-0.19700471326526586,-0.6418138372240018
13067.0,82,1,115.46000000000001,3,At-Risk / Churned,-1.686181463799796,-0.545729388440903
13068.0,10,2,344.0,0,Potential Loyalists,-0.03182729874348303,-1.2761890526135211
13069.0,1,24,4436.12,1,Champions,3.7495749596646695,-0.6131927143320974
13070.0,192,1,228.8,3,At-Risk / Churned,-1.686109116099252,0.23652060854464238
13072.0,267,1,177.15,3,At-Risk / Churned,-1.9323660286126751,0.35205584764581505
13075.0,130,1,919.61,3,At-Risk / Churned,-0.8794690474164851,0.4956911993853728
13077.0,1,4,729.27,0,Potential Loyalists,1.4375041246943627,-1.8879638441731714
13078.0,3,26,12627.94,1,Champions,4.050683357857996,0.23633813837450654
13079.0,4,5,220.10000000000002,0,Potential Loyalists,0.6853212854470444,-1.671597533331265
13080.0,179,1,58.08,3,At-Risk / Churned,-2.304030993902572,-0.3018023888516233
13081.0,12,11,28337.38,1,Champions,3.2502871267787365,0.9660355010058208
13082.0,126,9,3613.63,2,At-Risk / Churned,1.23725147695894,1.5919667832704518
13083.0,4,2,303.75,0,Potential Loyalists,0.21058954739532296,-1.8212073849411303
13085.0,158,2,416.08000000000004,3,At-Risk / Churned,-0.9624339539875303,0.48628362713513046
13089.0,3,97,58825.83,1,Champions,5.9469119041041765,1.2913673750441057
13090.0,9,14,8910.82,1,Champions,3.0034300329490553,0.4646137286455146
13091.0,28,1,345.82,0,Potential Loyalists,-0.7665271712070658,-0.8154583092398473
13092.0,71,5,477.83,2,At-Risk / Churned,0.0328114768874679,0.30055328601795334
13093.0,276,8,7832.47,2,At-Risk / Churned,1.2109707563182648,2.3272490242150448
13094.0,21,12,1927.3200000000002,1,Champions,1.8463175487479755,0.3526916724720111
13095.0,71,1,74.39999999999999,3,At-Risk / Churned,-1.8381533888613382,-0.794014209387189
13097.0,33,10,6010.42,1,Champions,2.0684140641232327,0.9781078159351259
13098.0,1,28,28882.44,1,Champions,4.772758884788229,0.1252677041178555
13099.0,99,1,207.35999999999999,3,At-Risk / Churned,-1.4813354527669444,-0.21598357187545292
13101.0,234,1,101.19,3,At-Risk / Churned,-2.145897629029773,0.0665667016789118
13102.0,1,24,6424.09,1,Champions,3.925250072289562,-0.47852422540786343
13103.0,40,1,243.94,3,At-Risk / Churned,-1.0638853251453548,-0.7224303084868224
13104.0,3,6,1098.48,1,Champions,1.671171059074388,-1.170368220995737
13106.0,133,1,76.5,3,At-Risk / Churned,-2.062479541073095,-0.39018922943171025
13107.0,44,4,1531.6200000000001,2,At-Risk / Churned,0.5995542191958223,0.35571244655906026
13108.0,373,1,350.06,3,At-Risk / Churned,-1.737822592027881,0.8101072152653954
13109.0,60,2,786.54,2,At-Risk / Churned,-0.2947215945477738,0.11010373078881844
13110.0,31,7,1488.67,2,At-Risk / Churned,1.1414906307691017,0.3098146737732629
13113.0,1,24,12245.960000000001,1,Champions,4.231356686590706,-0.24386995604832706
13115.0,12,4,2294.78,2,At-Risk / Churned,1.2657922670399029,-0.284553411441484
13116.0,138,1,501.14,3,At-Risk / Churned,-1.189762411270464,0.31277308680579546
13117.0,22,8,984.91,2,At-Risk / Churned,1.178363176436425,-0.004448964638075005
13118.0,20,5,1197.81,2,At-Risk / Churned,0.9391351880960032,-0.14679817222381444
13120.0,239,1,30.599999999999998,3,At-Risk / Churned,-2.7108926471983428,-0.34703028368639915
13121.0,269,1,283.73,3,At-Risk / Churned,-1.7126904892851358,0.5273457977504815
13122.0,94,2,922.39,2,At-Risk / Churned,-0.388484981787092,0.44886232560123157
13124.0,90,3,3866.33,2,At-Risk / Churned,0.5678413641046072,1.0531395964626298
13126.0,5,8,2099.64,1,Champions,2.0507822557763324,-0.5812287049410758
13127.0,78,1,259.17,3,At-Risk / Churned,-1.285882706724628,-0.28465351720001975
13130.0,94,1,64.0,3,At-Risk / Churned,-2.0145111591723106,-0.6722493692967145
13131.0,23,3,1073.3,2,At-Risk / Churned,0.469302081514444,-0.25782387767283893
13132.0,262,1,77.3,3,At-Risk / Churned,-2.3152741447532614,0.04107038122192219
13133.0,274,2,109.8,3,At-Risk / Churned,-1.8008038572903946,0.35144613514294787
13134.0,86,4,1793.58,2,At-Risk / Churned,0.42252220075405167,0.8310822768115129
13135.0,197,1,3096.0,2,At-Risk / Churned,-0.4616277693850286,1.1988878578779298
13136.0,56,5,2607.61,2,At-Risk / Churned,0.9265238463531938,0.7691065619971693
13137.0,11,8,3650.41,1,Champions,2.0482744613988193,0.0593519375778866
13138.0,22,6,962.39,2,At-Risk / Churned,0.9400672162320511,-0.10941928360082934
13139.0,16,7,5064.94,1,Champions,1.964012363137866,0.35403294344018293
13140.0,108,3,423.72,3,At-Risk / Churned,-0.5493209119965825,0.36404993501677124
13141.0,85,5,2388.75,2,At-Risk / Churned,0.7277771722204918,0.997997032654922
13142.0,19,1,307.09,0,Potential Loyalists,-0.6807373929073945,-1.0941094728052145
13144.0,333,1,110.95,3,At-Risk / Churned,-2.236947130588449,0.32263967574169927
13145.0,40,4,618.52,2,At-Risk / Churned,0.20529763991305508,-0.03280441490637067
13146.0,26,1,228.91,0,Potential Loyalists,-0.9343110613994302,-1.0103154537583627
13147.0,10,4,712.8000000000001,0,Potential Loyalists,0.7752635584148723,-0.815429845500657
13148.0,29,12,3707.12,1,Champions,2.0380882948048518,0.7871924645533835
13149.0,14,4,1676.06,2,At-Risk / Churned,1.0620925279413491,-0.3080596120783974
13151.0,296,1,1257.8700000000001,3,At-Risk / Churned,-1.0437486638317108,1.1284876049676622
13153.0,6,1,486.22,0,Potential Loyalists,-0.06209050371025553,-1.5929869361780458
13155.0,33,4,971.76,2,At-Risk / Churned,0.4909410021096652,0.012630083535849098
13157.0,49,4,1741.22,2,At-Risk / Churned,0.6201205561505224,0.46914057869479847
13158.0,95,4,1201.06,2,At-Risk / Churned,0.19474418890112324,0.7477205524170423
13159.0,9,4,1437.85,0,Potential Loyalists,1.1443304528821923,-0.620858112460242
13160.0,22,1,91.8,0,Potential Loyalists,-1.3035584920707113,-1.4419993876287889
13161.0,313,1,112.75,3,At-Risk / Churned,-2.20578291237861,0.28929299720264806
13162.0,122,4,1688.29,2,At-Risk / Churned,0.2615120252962864,1.0286314926387112
13165.0,46,2,1021.48,2,At-Risk / Churned,-0.07120552036931153,0.039769444125533335
13166.0,283,1,417.2,3,At-Risk / Churned,-1.5495876325952596,0.6992354116228496
13167.0,19,4,791.33,2,At-Risk / Churned,0.5963486227823898,-0.39842528291564683
13168.0,36,4,1319.19,2,At-Risk / Churned,0.6035498488645423,0.17733271302011422
13169.0,64,2,712.88,2,At-Risk / Churned,-0.36559018927168185,0.11465036170741931
13170.0,27,1,116.00999999999999,0,Potential Loyalists,-1.268721967056088,-1.2329566621333454
13171.0,22,3,468.41,0,Potential Loyalists,0.09267499204470511,-0.5859875543767225
13173.0,4,2,353.65,0,Potential Loyalists,0.28254778264349034,-1.7660458617080885
13174.0,16,3,2817.03,2,At-Risk / Churned,1.0586982774790372,-0.1256514033175057
13176.0,46,1,492.84,3,At-Risk / Churned,-0.7833305555038961,-0.38076671668514905
13177.0,65,1,282.45,3,At-Risk / Churned,-1.1765126049028183,-0.36746962275340933
13178.0,26,11,5725.47,1,Champions,2.212164914532298,0.8477208878250372
13182.0,45,1,121.18,3,At-Risk / Churned,-1.4379027061570246,-0.9024815033007072
13183.0,8,9,3957.78,1,Champions,2.2918619172418593,-0.05315796322252202
13184.0,15,10,1701.29,1,Champions,1.757730332241526,0.04124663085628988
13185.0,268,1,71.4,3,At-Risk / Churned,-2.361069377155716,0.02687402935094925
13186.0,40,3,1575.89,2,At-Risk / Churned,0.44679003877759255,0.2213100299191677
13187.0,337,1,236.02,3,At-Risk / Churned,-1.8855515732889503,0.6030464865436879
13188.0,11,1,114.60000000000001,0,Potential Loyalists,-0.9507068078411688,-1.774564447978855
13189.0,19,2,260.68,0,Potential Loyalists,-0.39144365151611477,-0.99770602804905
13192.0,95,2,911.94,2,At-Risk / Churned,-0.39788718271978535,0.45136103983839576
13193.0,61,1,117.88,3,At-Risk / Churned,-1.5649555153716594,-0.7231933657043891
13194.0,136,1,60.7,3,At-Risk / Churned,-2.1791311018552673,-0.4590882188754673
13196.0,11,4,1797.78,2,At-Risk / Churned,1.180608722483231,-0.4240476172475646
13198.0,10,6,3401.2400000000002,1,Champions,1.8206523141717001,-0.11809005841967771
13199.0,4,38,9817.12,1,Champions,4.178578727537716,0.42752572599948113
13200.0,19,4,870.09,2,At-Risk / Churned,0.6413189927239745,-0.3639520346796933
13203.0,10,4,869.46,0,Potential Loyalists,0.8694202233717765,-0.7432515181187569
13207.0,15,2,250.26000000000002,0,Potential Loyalists,-0.3254586763308691,-1.1539632542046354
13208.0,59,6,1223.9,2,At-Risk / Churned,0.6876351960027443,0.5858650363836317
13209.0,30,8,5891.61,1,Champions,1.9127186685271447,0.8351749060639345
13210.0,94,1,353.48,3,At-Risk / Churned,-1.2095750098639022,-0.05520388523140279
13211.0,10,3,1197.42,0,Potential Loyalists,0.81929817440543,-0.7126819821370418
13212.0,20,3,788.08,0,Potential Loyalists,0.3739060093545447,-0.454727358067398
13213.0,57,5,1520.58,2,At-Risk / Churned,0.6640716455250449,0.5840377910438047
13216.0,268,1,333.74,3,At-Risk / Churned,-1.6344868721887333,0.5838554170994584
13217.0,122,3,533.98,2,At-Risk / Churned,-0.48597255281880036,0.5246190002976746
13218.0,127,1,62.63999999999999,3,At-Risk / Churned,-2.1384751303860683,-0.49090820224997095
13220.0,78,4,819.2900000000001,2,At-Risk / Churned,0.08788338371807644,0.48514338781191096
13221.0,240,2,847.41,3,At-Risk / Churned,-0.7843939373767583,1.008270932583099
13223.0,200,2,163.20000000000002,3,At-Risk / Churned,-1.4943604863930635,0.29579546524859496
13224.0,60,2,2155.95,2,At-Risk / Churned,0.18338916986190407,0.4766124138880681
13225.0,3,7,6463.84,1,Champions,2.6326166286995387,-0.4746317125222766
13226.0,273,1,108.21000000000001,3,At-Risk / Churned,-2.1730415790126996,0.18808292870440663
13227.0,202,1,257.7,3,At-Risk / Churned,-1.64919890279107,0.31164002997882534
13228.0,81,1,358.0,3,At-Risk / Churned,-1.147330786104052,-0.14389461412631127
13229.0,226,1,160.95,3,At-Risk / Churned,-1.9141615300378958,0.21210536157714688
13230.0,4,14,2806.97,1,Champions,2.7202465214793503,-0.3949712787056262
13232.0,13,7,1357.6,1,Champions,1.4136752088055269,-0.2478130192465696
13233.0,74,2,605.12,3,At-Risk / Churned,-0.49792301977173076,0.1458523869344391
13235.0,212,1,1031.07,3,At-Risk / Churned,-1.010982548239091,0.8454547816956708
13236.0,25,2,744.85,0,Potential Loyalists,0.005330593421411922,-0.4503531684084077
13238.0,17,4,700.73,0,Potential Loyalists,0.578986445390223,-0.5093971802432148
13239.0,262,1,329.56,3,At-Risk / Churned,-1.631830258727629,0.5649826987970459
13240.0,96,4,663.65,2,At-Risk / Churned,-0.09039225290188797,0.5387471736992736
13242.0,112,3,270.40000000000003,3,At-Risk / Churned,-0.775606262844303,0.22399151870860018
13243.0,203,1,600.07,3,At-Risk / Churned,-1.2510239529022547,0.6214267387163965
13244.0,93,1,121.74000000000001,3,At-Risk / Churned,-1.7088149433766737,-0.44771863982814797
13245.0,51,1,430.5,3,At-Risk / Churned,-0.885996867344718,-0.36575871508755003
13246.0,18,6,1987.3,2,At-Risk / Churned,1.3569097382780544,0.0330266054411264
13247.0,18,4,501.12,0,Potential Loyalists,0.3994951095236109,-0.5968742452371959
13248.0,125,2,465.68,3,At-Risk / Churned,-0.820223253791804,0.37967309462387955
13249.0,92,3,711.41,2,At-Risk / Churned,-0.2432198314473931,0.4515503690160604
13253.0,157,2,1030.4,2,At-Risk / Churned,-0.5303822316341319,0.8116363151507161
13255.0,9,2,399.51,0,Potential Loyalists,0.07539033559477959,-1.2823449221379797
13258.0,12,3,698.58,0,Potential Loyalists,0.5000316840069169,-0.8025758675678896
13259.0,62,1,292.32,3,At-Risk / Churned,-1.1424938799168958,-0.38451272910942746
13260.0,61,1,557.62,3,At-Risk / Churned,-0.830682198929228,-0.1603163792878358
13261.0,269,2,944.1,3,At-Risk / Churned,-0.7765971958742772,1.1195708589318165
13262.0,263,1,200.29,3,At-Risk / Churned,-1.8686692597459602,0.38694517175878945
13263.0,1,35,7454.07,1,Champions,4.325650136349879,-0.28432781567924337
13265.0,53,5,2107.66,2,At-Risk / Churned,0.8462196676292517,0.6574303783809867
13266.0,11,12,3834.2599999999998,1,Champions,2.4042175091704947,0.21851582868800803
13267.0,3,19,4521.49,1,Champions,3.2919054015011704,-0.2525366378931742
13268.0,18,11,3214.69,1,Champions,2.0726069047345375,0.4150155928221034
13269.0,1,15,5346.2300000000005,1,Champions,3.434413302741487,-0.7168044854453037
13270.0,366,1,590.0,3,At-Risk / Churned,-1.4834373476714218,0.9875995940845942
13271.0,37,1,217.38,3,At-Risk / Churned,-1.0893151758031705,-0.812358316406918
13272.0,31,2,276.56,0,Potential Loyalists,-0.5430836342057701,-0.6782864669728887
13273.0,113,1,138.98,3,At-Risk / Churned,-1.7201583247585577,-0.2776048658752784
13276.0,64,2,590.9300000000001,2,At-Risk / Churned,-0.4544830798970666,0.04650712230509825
13277.0,16,4,258.4,0,Potential Loyalists,0.12858167175441182,-0.9076492801719743
13278.0,41,1,542.73,0,Potential Loyalists,-0.694680858915355,-0.41706979381366155
13279.0,78,1,137.75,3,At-Risk / Churned,-1.584204300408762,-0.5133399693367754
13280.0,122,3,814.86,2,At-Risk / Churned,-0.28571261892701294,0.6781336460907784
13282.0,18,3,1132.14,2,At-Risk / Churned,0.5838743533261765,-0.38654142761524457
13283.0,60,2,93.66,3,At-Risk / Churned,-1.3000811895291045,-0.6605817434291802
13284.0,331,1,201.19,3,At-Risk / Churned,-1.9541284184317744,0.5338747767274601
13285.0,23,4,2709.12,2,At-Risk / Churned,1.1102486228656812,0.1645190132683855
13291.0,156,1,361.11,3,At-Risk / Churned,-1.3914337071768723,0.27105125293878796
13292.0,39,2,578.9399999999999,0,Potential Loyalists,-0.27867233036032335,-0.2687550747818565
13294.0,190,2,873.74,3,At-Risk / Churned,-0.6810393622553854,0.8719657627526041
13295.0,360,1,201.20000000000002,3,At-Risk / Churned,-1.98610469132181,0.5869868933587709
13296.0,137,1,87.4,3,At-Risk / Churned,-2.011273217007489,-0.3236708541571876
13297.0,8,4,2089.85,1,Champions,1.3619367784801868,-0.5517085755694112
13298.0,1,1,360.0,0,Potential Loyalists,0.2743299580044351,-2.4963258382994074
13299.0,268,1,142.5,3,At-Risk / Churned,-2.03642667003955,0.2757376398781689
13300.0,169,1,371.89,3,At-Risk / Churned,-1.4079115584625252,0.33215990873269197
13301.0,104,4,618.09,2,At-Risk / Churned,-0.1543715635461751,0.5631612038473619
13302.0,155,1,63.75,3,At-Risk / Churned,-2.205862586088903,-0.35919407241668894
13304.0,351,1,300.42,3,At-Risk / Churned,-1.787000784008154,0.7162132045935701
13305.0,4,10,2000.86,1,Champions,2.2791148867611635,-0.6372383304373944
13307.0,120,1,15.0,3,At-Risk / Churned,-2.7721526447132963,-1.0288013855914768
13308.0,23,3,1385.51,2,At-Risk / Churned,0.5903655732879227,-0.16501939753092223
13309.0,7,5,1456.79,1,Champions,1.4007256613203312,-0.6875217676664062
13310.0,28,3,1132.03,2,At-Risk / Churned,0.42224687738373073,-0.11848009365694843
13311.0,4,2,598.57,0,Potential Loyalists,0.5317170106576897,-1.5750384792637782
13313.0,22,5,1555.32,2,At-Risk / Churned,1.0282241713282798,0.005820401466077365
13314.0,2,3,775.94,0,Potential Loyalists,1.1101167364967617,-1.6940993247782912
13316.0,37,4,5977.7300000000005,2,At-Risk / Churned,1.3101117961556468,0.7436865607773725
13317.0,66,6,2273.68,2,At-Risk / Churned,0.9391966320789854,0.880991814658502
13318.0,1,3,640.76,0,Potential Loyalists,1.1743457684251115,-2.0207030271204673
13319.0,5,26,10845.550000000001,1,Champions,3.823550098766017,0.4380632179925926
13320.0,78,4,1548.7,2,At-Risk / Churned,0.3897626556017892,0.7165570739891476
13321.0,72,2,567.36,3,At-Risk / Churned,-0.5181183332459789,0.10531727660474434
13322.0,17,1,199.48000000000002,0,Potential Loyalists,-0.8443739845124726,-1.3172119618597466
13323.0,3,5,787.85,0,Potential Loyalists,1.3741780166683435,-1.3503756395043551
13324.0,36,10,7121.95,1,Champions,2.116613114671703,1.093435381430927
13325.0,82,1,675.3,3,At-Risk / Churned,-0.8514330428230851,0.0941694953859416
13327.0,39,8,3627.77,1,Champions,1.5852627920821367,0.8204235815643792
13328.0,316,1,1308.48,3,At-Risk / Churned,-1.0499471123190167,1.1841440967769428
13329.0,32,2,789.0,0,Potential Loyalists,-0.05848091994565719,-0.2782778473456963
13330.0,93,3,1140.93,2,At-Risk / Churned,-0.023411103882750632,0.6299645173732463
13332.0,14,1,350.9,0,Potential Loyalists,-0.5077169788713232,-1.2281388778164035
13334.0,82,3,3536.82,2,At-Risk / Churned,0.5607444623746923,0.9624036474084668
13336.0,77,1,795.12,3,At-Risk / Churned,-0.7502885141673594,0.11411237458876833
13338.0,158,1,487.02,3,At-Risk / Churned,-1.2546656459623766,0.387628017233253
13339.0,201,1,860.12,3,At-Risk / Churned,-1.07665338407491,0.7459627464174153
13340.0,45,7,10736.48,1,Champions,1.940111608008363,1.2584092513889649
13341.0,261,1,775.85,3,At-Risk / Churned,-1.224904223499179,0.8733916216218582
13343.0,178,1,353.43,3,At-Risk / Churned,-1.4517173983586675,0.3463975505184927
13344.0,68,3,2543.72,2,At-Risk / Churned,0.47498034676808937,0.7254221681084659
13345.0,288,1,389.5,3,At-Risk / Churned,-1.5887772496812835,0.685370858944817
13347.0,70,1,341.36,3,At-Risk / Churned,-1.1148118902869133,-0.2524816532627909
13348.0,64,1,233.76,3,At-Risk / Churned,-1.2601151055508324,-0.44570934044999583
13349.0,11,1,247.32,0,Potential Loyalists,-0.5878861157024201,-1.4964344748101535
13350.0,16,2,979.12,0,Potential Loyalists,0.29730565100014233,-0.6203713434636694
13351.0,66,1,373.94,3,At-Risk / Churned,-1.0495171824887235,-0.25617871185340896
13352.0,60,1,397.97999999999996,3,At-Risk / Churned,-0.9841772245532827,-0.29305458698007547
13354.0,71,1,743.53,3,At-Risk / Churned,-0.7514950041756318,0.0389930416452337
13355.0,122,1,674.7,3,At-Risk / Churned,-1.0021581339055354,0.3432315888603813
13356.0,80,1,768.24,3,At-Risk / Churned,-0.7810085866782113,0.1255459434780536
13357.0,257,1,609.95,3,At-Risk / Churned,-1.3330238162328247,0.7762488011045993
13358.0,269,1,439.03,3,At-Risk / Churned,-1.5061248765165844,0.6856942315132475
13359.0,64,1,439.56,3,At-Risk / Churned,-0.9614037204803769,-0.2167240832280619
13362.0,9,4,3090.7400000000002,1,Champions,1.5072971000008595,-0.3426162535707752
13363.0,18,2,992.5,0,Potential Loyalists,0.26123851959494315,-0.5449205315341685
13364.0,71,1,134.95999999999998,3,At-Risk / Churned,-1.558389920497094,-0.5795539880281105
13365.0,34,2,2225.37,2,At-Risk / Churned,0.4106977915816857,0.13592510650128944
13366.0,50,1,56.160000000000004,3,At-Risk / Churned,-1.837807197992984,-1.113393880932587
13368.0,257,2,623.4,3,At-Risk / Churned,-0.9559195337022961,0.9399657811142845
13369.0,366,1,308.28000000000003,3,At-Risk / Churned,-1.7907311987153973,0.7520352164247787
13370.0,372,1,754.87,3,At-Risk / Churned,-1.3728731713385927,1.0873872648532767
13372.0,90,1,378.64,3,At-Risk / Churned,-1.160597724581499,-0.05753339004693698
13373.0,61,3,3312.25,2,At-Risk / Churned,0.6410902804568024,0.7536019052307205
13375.0,89,1,778.65,3,At-Risk / Churned,-0.8148900503070399,0.19723564766988433
13376.0,99,3,1019.76,2,At-Risk / Churned,-0.10028449835987364,0.6283896843276497
13379.0,26,3,572.56,0,Potential Loyalists,0.12649516510021666,-0.4114344186721533
13381.0,32,6,3639.31,2,At-Risk / Churned,1.4329473298508215,0.6030475004919288
13382.0,281,1,222.99,3,At-Risk / Churned,-1.8431667465722055,0.46763362346876086
13384.0,31,7,4151.93,1,Champions,1.6280116596446808,0.6827704716069397
13385.0,330,1,534.57,3,At-Risk / Churned,-1.490720367462999,0.8863165097768688
13388.0,131,2,677.1,3,At-Risk / Churned,-0.6606891227495907,0.5450893555993271
13389.0,11,3,797.96,0,Potential Loyalists,0.5936502464900808,-0.805004502663689
13390.0,75,1,544.08,3,At-Risk / Churned,-0.9201247164769129,-0.04015775327581901
13391.0,204,1,59.8,3,At-Risk / Churned,-2.3401088202341556,-0.20890789463732726
13394.0,2,8,2520.02,1,Champions,2.4022118986849152,-0.9543339071871656
13395.0,185,1,307.72,3,At-Risk / Churned,-1.5318976938750686,0.3204912541329691
13396.0,29,2,1360.99,2,At-Risk / Churned,0.23640320066092013,-0.14057291752382017
13397.0,73,5,1544.13,2,At-Risk / Churned,0.5782674224783605,0.7440843264552646
13398.0,192,1,457.34,3,At-Risk / Churned,-1.3584895753221715,0.48766619108772835
13402.0,127,2,621.23,3,At-Risk / Churned,-0.689733541350621,0.49430121675989
13403.0,18,1,75.0,0,Potential Loyalists,-1.3253236158995902,-1.6357800022618698
13404.0,1,2,252.49,0,Potential Loyalists,0.4733273621672744,-2.469141482737235
13405.0,74,3,572.451,2,At-Risk / Churned,-0.26398682458917855,0.23623639403516944
13408.0,2,62,28117.04,1,Champions,5.30687766917881,0.6706757120386008
13410.0,24,5,1003.06,2,At-Risk / Churned,0.7883871898120306,-0.10074368284129112
13411.0,107,1,213.55,3,At-Risk / Churned,-1.4968514712594447,-0.15653983578574543
13414.0,134,3,1390.5,2,At-Risk / Churned,-0.06793266625727931,0.9313675964977206
13416.0,44,2,712.5,2,At-Risk / Churned,-0.22532842616146584,-0.11868553497216026
13417.0,5,2,640.83,0,Potential Loyalists,0.49436947604434783,-1.4346678271867253
13418.0,12,18,6127.43,1,Champions,2.939320888953053,0.5855768872141393
13419.0,64,1,221.06,3,At-Risk / Churned,-1.2865068653746619,-0.465940654734765
13420.0,150,2,159.85,3,At-Risk / Churned,-1.3948465803671357,0.10695360085531583
13421.0,40,2,1851.08,2,At-Risk / Churned,0.2628931705069763,0.1692850165388792
13422.0,64,1,2626.3,2,At-Risk / Churned,-0.11404386167320762,0.4328424379232349
13425.0,108,3,1624.21,2,At-Risk / Churned,0.08748648265277384,0.8522117940976319
13426.0,1,10,3641.32,1,Champions,2.9132763278761926,-1.0004476441533325
13427.0,19,3,582.6,0,Potential Loyalists,0.24940539274697826,-0.5953920173709855
13428.0,10,1,218.47,0,Potential Loyalists,-0.6132437523010928,-1.596527029928592
13429.0,11,4,1006.8,0,Potential Loyalists,0.9056924011779236,-0.634792127483609
13430.0,19,2,679.45,0,Potential Loyalists,0.06203671046093328,-0.6500784432888717
13431.0,67,2,1269.1,2,At-Risk / Churned,-0.10943509845781309,0.3528367002393592
13434.0,74,2,534.24,3,At-Risk / Churned,-0.5569374348361371,0.10061329767060774
13435.0,5,7,3809.8900000000003,1,Champions,2.226882070245509,-0.40981826908084523
13436.0,2,1,196.89,0,Potential Loyalists,-0.16588007110351752,-2.457940495392791
13437.0,14,7,3408.06,1,Champions,1.8238749057706782,0.13058858091889192
13439.0,255,1,283.71,3,At-Risk / Churned,-1.6923781108804106,0.4935625423278956
13441.0,92,1,296.64,3,At-Risk / Churned,-1.2843776055833405,-0.13226861573198256
13447.0,23,3,1129.14,2,At-Risk / Churned,0.4933478053155852,-0.23939098048549803
13448.0,17,6,3539.37,1,Champions,1.6513531058163198,0.2086232462400568
13449.0,24,1,291.88,0,Potential Loyalists,-0.7900298616126146,-0.9710507721794465
13450.0,27,6,2043.7199999999998,2,At-Risk / Churned,1.2220152547407301,0.2890534278544441
13451.0,26,5,2976.15,2,At-Risk / Churned,1.2747575037853967,0.34343453837278765
13452.0,259,2,590.0,3,At-Risk / Churned,-0.9849578870178952,0.9248634916591102
13453.0,166,2,356.97999999999996,3,At-Risk / Churned,-1.0537013179298675,0.46182309710790775
13455.0,25,2,1058.34,0,Potential Loyalists,0.17183377120469007,-0.32271567315866834
13456.0,18,6,1766.72,2,At-Risk / Churned,1.3011094975129447,-0.009748571948348456
13458.0,7,14,9646.57,1,Champions,3.126340980840366,0.35199464001733743
13460.0,29,2,183.44,0,Potential Loyalists,-0.7123706661674619,-0.8678810778401838
13461.0,39,3,1445.0,2,At-Risk / Churned,0.41510549770854605,0.17413292061845473
13462.0,253,1,151.5,3,At-Risk / Churned,-1.985636089235713,0.26148761752452954
13464.0,58,1,674.68,3,At-Risk / Churned,-0.7214500343332162,-0.12255471078921744
13466.0,184,1,307.9,3,At-Risk / Churned,-1.5295611531386824,0.31728542081032585
13467.0,11,2,1083.71,0,Potential Loyalists,0.47851451724878746,-0.804318813022769
13468.0,2,37,5704.97,1,Champions,4.092740236392183,-0.10374758076927543
13470.0,99,2,165.0,3,At-Risk / Churned,-1.2224166663913507,-0.14286486695513706
13471.0,1,4,2531.58,1,Champions,2.027625534636425,-1.4355903840324369
13473.0,61,2,422.64,3,At-Risk / Churned,-0.595160742816821,-0.10513352802558737
13474.0,236,1,229.59,3,At-Risk / Churned,-1.7629562218845685,0.3679761874933683
13475.0,191,4,1431.78,2,At-Risk / Churned,0.013198563326112326,1.2510549235240644
13476.0,179,2,1238.47,2,At-Risk / Churned,-0.49299221275925587,0.9611357002791878
13477.0,38,6,1454.58,2,At-Risk / Churned,0.9341239733918019,0.37550946349607917
13479.0,201,2,300.95,3,At-Risk / Churned,-1.2071816981806078,0.5205402877426073
13481.0,46,5,1804.56,2,At-Risk / Churned,0.8256324748850656,0.5129562155027525
13482.0,232,1,184.64,3,At-Risk / Churned,-1.8593461573040417,0.2783078718736271
13483.0,66,1,140.34,3,At-Risk / Churned,-1.5124719666313435,-0.6110691700929525
13484.0,241,1,313.8,3,At-Risk / Churned,-1.6232131014998903,0.49445222472741823
13485.0,233,1,454.24,3,At-Risk / Churned,-1.4353178434317713,0.6073279492439678
13486.0,78,3,1122.41,2,At-Risk / Churned,0.03525985034814048,0.5137953435532294
13487.0,58,3,575.4,2,At-Risk / Churned,-0.16986318066700273,0.08597049958293616
13488.0,17,13,8968.31,1,Champions,2.719468532957857,0.8131073459321739
13489.0,105,4,449.52,2,At-Risk / Churned,-0.308823506020567,0.45354809639108756
13491.0,52,10,1215.82,2,At-Risk / Churned,1.1407486942697516,0.6784769187272769
13492.0,136,3,1269.84,2,At-Risk / Churned,-0.1165944327591541,0.9076962659265624
13493.0,275,2,618.63,3,At-Risk / Churned,-0.9853291373235766,0.9799348069733709
13494.0,312,1,316.26000000000005,3,At-Risk / Churned,-1.7178251550497627,0.6603934218368893
13495.0,8,5,2044.8700000000001,1,Champions,1.5165390701746992,-0.4895645466131743
13496.0,11,2,653.33,0,Potential Loyalists,0.23865812719807336,-0.988187188709664
13497.0,283,2,348.05,3,At-Risk / Churned,-1.2685864028403433,0.7892820082474281
13499.0,18,5,1159.11,2,At-Risk / Churned,0.9618072785675726,-0.22218922921825784
13500.0,23,3,1166.77,2,At-Risk / Churned,0.5088909125314343,-0.22747599303696198
13501.0,288,1,1340.32,3,At-Risk / Churned,-1.0032104139653695,1.1342528875471627
13502.0,17,3,292.0,0,Potential Loyalists,-0.037309203088315646,-0.9128432653466777
13503.0,71,1,216.85,3,At-Risk / Churned,-1.3346725019874583,-0.4080573756362761
13504.0,64,1,295.93,3,At-Risk / Churned,-1.1486314250956928,-0.36024852268087454
13505.0,73,4,4393.63,2,At-Risk / Churned,0.9093643828507271,1.054266140187624
13506.0,316,2,458.52,3,At-Risk / Churned,-1.1801102709764235,0.9590015578455126
13507.0,3,4,2479.16,1,Champions,1.7528360888213173,-1.003734574604603
13508.0,244,1,110.97,3,At-Risk / Churned,-2.118450430805237,0.1262350122969128
13509.0,9,7,979.72,1,Champions,1.3875857246662955,-0.5797008377495309
13510.0,1,4,1791.56,1,Champions,1.8636293530567605,-1.561306073823025
13512.0,261,1,251.21,3,At-Risk / Churned,-1.7587485486748913,0.46415887648227294
13513.0,127,1,205.1,3,At-Risk / Churned,-1.5808404547571238,-0.06343832324068593
13514.0,74,1,152.20000000000002,3,At-Risk / Churned,-1.5173371498224297,-0.5102445055981533
13515.0,73,4,891.12,2,At-Risk / Churned,0.15270106026878907,0.47422549154960464
13516.0,21,3,1389.41,2,At-Risk / Churned,0.6249471319858145,-0.21916394819207394
13517.0,60,3,2128.42,2,At-Risk / Churned,0.43752153038021924,0.5824783354568915
13518.0,86,1,659.4399999999999,3,At-Risk / Churned,-0.8806793420468692,0.11537852626268393
13519.0,78,1,122.75,3,At-Risk / Churned,-1.6384959624664683,-0.5549587050885376
13520.0,59,6,3624.35,2,At-Risk / Churned,1.2025486398280238,0.9805858045711355
13521.0,1,3,1093.65,0,Potential Loyalists,1.4277356064061026,-1.826460222435216
13522.0,30,1,125.80000000000001,0,Potential Loyalists,-1.2694853853555719,-1.139195839678772
13523.0,33,5,3964.88,2,At-Risk / Churned,1.32274829952594,0.5939038483426411
13524.0,41,5,680.1800000000001,2,At-Risk / Churned,0.4060363751882091,0.08704363498377425
13525.0,15,2,628.78,0,Potential Loyalists,0.11058269912361739,-0.819703994236017
13527.0,34,7,2287.51,2,At-Risk / Churned,1.3109878299845423,0.5228120507602886
13529.0,79,2,307.76,3,At-Risk / Churned,-0.8426644254611902,-0.05859534506770556
13531.0,205,2,483.8,3,At-Risk / Churned,-0.9899942239849902,0.705206993060994
13532.0,34,1,210.31,0,Potential Loyalists,-1.0735076087285065,-0.8764700521646016
13533.0,183,3,270.79,3,At-Risk / Churned,-0.9612259163025475,0.5336254998329787
13534.0,2,25,5870.08,1,Champions,3.7630024304408596,-0.2391856621658006
13536.0,1,7,3448.29,1,Champions,2.599373695742404,-1.1426180379303077
13538.0,43,7,1280.85,2,At-Risk / Churned,0.9485046399052007,0.45706228567410323
13539.0,86,3,631.34,2,At-Risk / Churned,-0.2743128527427009,0.3658965416768089
13544.0,40,2,291.41,0,Potential Loyalists,-0.613053761977402,-0.502195695856431
13546.0,12,3,626.99,0,Potential Loyalists,0.44880287610809044,-0.8418466899743371
13548.0,96,2,682.41,3,At-Risk / Churned,-0.5392604205930394,0.3525932169722735
13549.0,26,7,918.2,2,At-Risk / Churned,0.9773039899322604,0.02646745244462149
13551.0,319,1,91.80000000000001,3,At-Risk / Churned,-2.3096102032102928,0.22724644446223036
13552.0,66,12,3740.07,1,Champions,1.7352559772615774,1.2998368397107178
13555.0,74,4,4149.28,2,At-Risk / Churned,0.8770882463799394,1.0419662789859
13557.0,28,2,584.06,0,Potential Loyalists,-0.1516182487701054,-0.4694457778747965
13558.0,6,4,605.06,0,Potential Loyalists,0.870330264976285,-1.1615151740199618
13560.0,7,1,174.37,0,Potential Loyalists,-0.5980031125843176,-1.8800301278492493
13561.0,216,1,141.85999999999999,3,At-Risk / Churned,-1.9564633899805894,0.13791679643003535
13562.0,82,3,1799.33,2,At-Risk / Churned,0.24017705731418104,0.7166640694294242
13563.0,84,2,777.53,2,At-Risk / Churned,-0.42696015683943056,0.3162691010580652
13564.0,144,3,1749.02,2,At-Risk / Churned,0.0135461719710973,1.0600652790363556
13565.0,19,2,240.22,0,Potential Loyalists,-0.4300769325484037,-1.0273214101089583
13566.0,41,2,874.71,2,At-Risk / Churned,-0.1017553686937278,-0.08790925447851501
13568.0,173,1,192.85,3,At-Risk / Churned,-1.727238356709,0.108928973599184
13569.0,17,2,373.75,0,Potential Loyalists,-0.18076066353735346,-0.9338637620719157
13570.0,243,1,239.49,3,At-Risk / Churned,-1.7541308235183586,0.40172286476181146
13571.0,13,12,2092.32,1,Champions,2.0579897196749077,0.0959934031199476
13572.0,206,1,1384.25,3,At-Risk / Churned,-0.8604019161163494,0.9344007338014045
13573.0,50,2,294.4,3,At-Risk / Churned,-0.6916248282144696,-0.3601193800714774
13575.0,23,5,732.0699999999999,2,At-Risk / Churned,0.6547136633997879,-0.24105410007544728
13576.0,10,18,6717.34,1,Champions,3.046766248061161,0.5130935796158895
13577.0,25,4,1687.6000000000001,2,At-Risk / Churned,0.855163800850939,0.04317133845627444
13579.0,15,2,467.04,0,Potential Loyalists,-0.030267116242735426,-0.9276762136200185
13581.0,309,1,118.0,3,At-Risk / Churned,-2.1794726861927343,0.2975778523113316
13583.0,156,1,781.03,3,At-Risk / Churned,-1.0260681864154368,0.5511320330263962
13584.0,307,1,142.4,3,At-Risk / Churned,-2.0884918794192884,0.3613220335048205
13587.0,64,1,712.4,3,At-Risk / Churned,-0.73268015239679,-0.04138987205299938
13588.0,16,9,2478.95,1,Champions,1.8269002580887048,0.17993402404424075
13589.0,15,2,379.65,0,Potential Loyalists,-0.1283408018397125,-1.0028572386680927
13590.0,11,6,1981.92,1,Champions,1.5312197740705102,-0.2593083912861558
13591.0,65,3,1117.13,2,At-Risk / Churned,0.1017265580542416,0.3980904857517048
13592.0,36,4,247.95999999999998,0,Potential Loyalists,-0.18808701787440096,-0.42951784781079205
13593.0,108,5,2037.0800000000002,2,At-Risk / Churned,0.5616781969707965,1.0903537597356106
13594.0,53,1,396.97,3,At-Risk / Churned,-0.9388036612650981,-0.37125631734179915
13596.0,6,2,697.04,0,Potential Loyalists,0.4753042230486252,-1.306394999148594
13598.0,47,1,180.17000000000002,3,At-Risk / Churned,-1.2672271748137172,-0.7321955402357456
13599.0,1,21,5153.67,1,Champions,3.7050725531121858,-0.6077834706042264
13600.0,312,1,219.52,3,At-Risk / Churned,-1.890429133413274,0.528079193593545
13601.0,45,2,693.32,2,At-Risk / Churned,-0.24665779486321418,-0.11466309760141982
13602.0,65,1,428.89,3,At-Risk / Churned,-0.9788720007034177,-0.2159628946806789
13603.0,26,1,164.34,0,Potential Loyalists,-1.0907574878070658,-1.1302436753892697
13606.0,29,3,280.53999999999996,0,Potential Loyalists,-0.25143811760820617,-0.6034869025158838
13607.0,40,1,678.01,0,Potential Loyalists,-0.5800392084507277,-0.35152503662709494
13610.0,12,7,1131.88,1,Champions,1.3557742501480896,-0.3608919041734104
13611.0,89,3,1171.8,2,At-Risk / Churned,0.005863207385801216,0.6120976143293911
13614.0,24,4,1610.46,2,At-Risk / Churned,0.847961912505302,0.001295446869306407
13615.0,319,1,417.69,3,At-Risk / Churned,-1.5946365506496272,0.7753287537451329
13617.0,40,3,544.18,2,At-Risk / Churned,-0.057210149700682444,-0.16504488846260107
13618.0,174,1,177.34,3,At-Risk / Churned,-1.7690009274377543,0.08222671881040458
13621.0,117,1,213.85,3,At-Risk / Churned,-1.5300262924445303,-0.09988755845422694
13623.0,31,5,747.78,2,At-Risk / Churned,0.55484707297272,-0.050946661373226815
13626.0,253,1,257.23,3,At-Risk / Churned,-1.7357053658675552,0.45307874474126747
13627.0,59,5,1638.47,2,At-Risk / Churned,0.68652878297592,0.6326774825445544
13629.0,23,11,7792.36,1,Champions,2.4034106228645733,0.8851481028713517
13630.0,5,7,2031.78,1,Champions,1.9286568391244796,-0.6384308518995836
13631.0,100,11,3070.42,2,At-Risk / Churned,1.4124265864616175,1.457551415013479
13632.0,25,5,2121.27,2,At-Risk / Churned,1.1285582392708635,0.19637868683519852
13634.0,33,5,1575.16,2,At-Risk / Churned,0.8848780818286395,0.2582426400977951
13635.0,68,1,1071.03,3,At-Risk / Churned,-0.5622376951404779,0.14462329120552359
13636.0,37,5,949.12,2,At-Risk / Churned,0.602187030442374,0.14463724400688158
13637.0,52,3,810.5,2,At-Risk / Churned,0.03344728479090842,0.14241387192151822
13638.0,16,1,122.64,0,Potential Loyalists,-1.0518943959659208,-1.5292745125137248
13639.0,74,1,1033.34,3,At-Risk / Churned,-0.6110831775337122,0.18446888439863215
13642.0,216,1,354.8,3,At-Risk / Churned,-1.523448902758085,0.46985571370324886
13643.0,31,3,519.44,0,Potential Loyalists,0.015454571738293172,-0.3390700462316474
13644.0,16,4,2624.26,2,At-Risk / Churned,1.2269221826075347,-0.06568678069894048
13645.0,120,1,252.1,3,At-Risk / Churned,-1.4618698285627296,-0.024368803890750322
13647.0,10,4,1678.1200000000001,2,At-Risk / Churned,1.1811909831783691,-0.5042552454733344
13649.0,257,2,346.6,3,At-Risk / Churned,-1.233872816761437,0.7268932060533566
13650.0,17,6,1836.34,2,At-Risk / Churned,1.3401000395076477,-0.029976174511838174
13651.0,35,2,94.2,0,Potential Loyalists,-1.0958697876966832,-0.9928622473852554
13652.0,46,3,1095.08,2,At-Risk / Churned,0.2220069767135957,0.17559329689741657
13654.0,43,6,2707.33,2,At-Risk / Churned,1.1826814555017358,0.6778623174992817
13655.0,114,2,932.97,2,At-Risk / Churned,-0.4560845146018348,0.5741380558849497
13656.0,165,2,379.65,3,At-Risk / Churned,-1.0222683672628075,0.4803516722173481
13657.0,11,2,382.14,0,Potential Loyalists,-0.015318140213211238,-1.1828795366686229
13658.0,10,5,2639.17,1,Champions,1.560874975215372,-0.26956877714298777
13659.0,206,2,1573.2,2,At-Risk / Churned,-0.432954022450981,1.1367099647976844
13662.0,86,3,897.76,2,At-Risk / Churned,-0.10747182189753772,0.4937930272903093
13663.0,179,1,189.47,3,At-Risk / Churned,-1.7485398098341511,0.12402433897270145
13666.0,60,3,84.65,3,At-Risk / Churned,-1.0873172093853667,-0.586427867983718
13667.0,149,1,305.02,3,At-Risk / Churned,-1.4538680987457342,0.18091246471447628
13668.0,3,21,6363.59,1,Champions,3.540262267451475,-0.09162017396405595
13669.0,51,2,218.55,3,At-Risk / Churned,-0.8398631356450008,-0.45575612462817566
13670.0,75,1,349.7,3,At-Risk / Churned,-1.1293951153841286,-0.20057961369939445
13672.0,301,2,186.39000000000001,3,At-Risk / Churned,-1.5872401167089478,0.6019722138044402
13673.0,19,2,396.92,0,Potential Loyalists,-0.19255266041872712,-0.8452407822238241
13675.0,151,2,486.82000000000005,3,At-Risk / Churned,-0.8708849921101524,0.5147288793539357
13678.0,152,1,232.6,3,At-Risk / Churned,-1.5895784511210787,0.09523580680744437
13680.0,1,4,3722.42,1,Champions,2.210513066081232,-1.295393021214491
13681.0,18,4,827.83,2,At-Risk / Churned,0.6373203945223048,-0.4145628678303361
13682.0,187,1,59.5,3,At-Risk / Churned,-2.3093768322200328,-0.265592470417373
13684.0,286,1,67.23,3,At-Risk / Churned,-2.413969822131701,0.04636018689380623
13685.0,3,7,3119.44,1,Champions,2.286963663345766,-0.7396013023569236
13686.0,183,1,72.0,3,At-Risk / Churned,-2.2120337010962863,-0.21090634694987606
13689.0,63,1,910.0,3,At-Risk / Churned,-0.6107317280345208,0.03772158868545182
13690.0,59,1,172.25,3,At-Risk / Churned,-1.373706223039248,-0.6069801363692786
13692.0,25,3,1488.32,2,At-Risk / Churned,0.5937231568126794,-0.08825108591834743
13694.0,4,50,65039.62,1,Champions,5.3184832684146635,1.2184078886137857
13695.0,31,15,2504.13,1,Champions,2.015145842556145,0.765230058117022
13697.0,39,1,151.29999999999998,3,At-Risk / Churned,-1.2799301339709954,-0.9109337462895142
13699.0,155,1,308.58000000000004,3,At-Risk / Churned,-1.4633665524805466,0.2099862593004076
13700.0,26,10,2265.12,1,Champions,1.6935493785154412,0.47706452220924145
13703.0,318,1,99.5,3,At-Risk / Churned,-2.2705885498923615,0.25425833331962094
13704.0,5,9,2308.06,1,Champions,2.19097824661631,-0.5063332545786077
13705.0,8,3,711.86,0,Potential Loyalists,0.6494696811179477,-1.028877474936703
13706.0,303,1,330.79,3,At-Risk / Churned,-1.6854267156563196,0.658185507560233
13707.0,267,2,806.41,3,At-Risk / Churned,-0.8484759560230656,1.0575785104195274
13708.0,271,1,296.88,3,At-Risk / Churned,-1.6940856351825746,0.5484487367120766
13709.0,4,13,6328.05,1,Champions,3.0434864533422115,-0.12585165767290646
13710.0,32,1,180.48,0,Potential Loyalists,-1.1232386092579445,-0.969134066438352
13711.0,219,2,252.06,3,At-Risk / Churned,-1.323618595975001,0.5104055629057789
13712.0,247,1,228.84,3,At-Risk / Churned,-1.7818383547537144,0.3955553722848473
13715.0,281,5,1079.34,2,At-Risk / Churned,-0.10275044667125434,1.4621255997450466
13716.0,269,1,138.28,3,At-Risk / Churned,-2.0520088085597274,0.267232201474664
13717.0,32,6,1445.01,2,At-Risk / Churned,0.9948281997231849,0.2671954817198149
13718.0,246,2,306.55,3,At-Risk / Churned,-1.2753134488891427,0.6547380157448374
13719.0,15,5,1041.68,2,At-Risk / Churned,0.9768318686077526,-0.3699659110815909
13720.0,117,4,799.9,2,At-Risk / Churned,-0.07678833268475084,0.730830648346004
13721.0,36,1,524.14,0,Potential Loyalists,-0.662754755285987,-0.510086695485411
13722.0,132,3,2375.41,2,At-Risk / Churned,0.1917456815442499,1.1165959055665116
13723.0,217,1,199.85000000000002,3,At-Risk / Churned,-1.7965495577612203,0.2647648334910709
13725.0,50,8,1980.56,2,At-Risk / Churned,1.2053307534002762,0.7543719985714622
13726.0,39,2,1079.6599999999999,2,At-Risk / Churned,0.016679191468471168,-0.04234541121679243
13727.0,29,2,333.48,0,Potential Loyalists,-0.42990262152459374,-0.6513475906941619
13728.0,37,6,1016.14,2,At-Risk / Churned,0.7739719180497868,0.22866297930618396
13730.0,136,2,752.6,3,At-Risk / Churned,-0.6248007416200145,0.6070631164501463
13731.0,219,2,610.59,3,At-Risk / Churned,-0.9048724779211398,0.8314066775122189
13732.0,28,1,491.86,0,Potential Loyalists,-0.5997666056063566,-0.6876235064266004
13735.0,25,4,2885.2400000000002,2,At-Risk / Churned,1.1095403286506633,0.23817051679593998
13736.0,5,2,731.9,0,Potential Loyalists,0.5573334676069387,-1.3864010836868788
13737.0,200,1,339.59999999999997,3,At-Risk / Churned,-1.514899696382716,0.40541304472639683
13739.0,18,1,216.9,0,Potential Loyalists,-0.825495020034912,-1.2526229305487986
13740.0,241,1,350.75,3,At-Risk / Churned,-1.5705477507616856,0.5348242677368494
13741.0,72,3,668.4300000000001,2,At-Risk / Churned,-0.18022250066740494,0.27539434362755355
13742.0,17,12,3131.02,1,Champions,2.153160536435441,0.4019015412914376
13743.0,3,7,1341.6,1,Champions,1.8867573832577667,-1.0463902048494376
13744.0,95,2,1156.36,2,At-Risk / Churned,-0.28531493799193824,0.5376563258683427
13745.0,162,1,300.04,3,At-Risk / Churned,-1.493413675336048,0.22763993527792606
13747.0,374,1,79.6,3,At-Risk / Churned,-2.437100801000873,0.2765318018980516
13748.0,96,5,948.25,2,At-Risk / Churned,0.2436596211842149,0.7384531130347047
13750.0,54,5,1647.26,2,At-Risk / Churned,0.7223148516878024,0.5794562814748991
13751.0,288,1,296.25,3,At-Risk / Churned,-1.7182560997448901,0.5861153592603237
13752.0,124,6,1186.28,2,At-Risk / Churned,0.3923692861957097,1.0398634362815646
13753.0,288,1,741.26,3,At-Risk / Churned,-1.2839971907892251,0.9190082215282791
13754.0,152,2,282.59999999999997,3,At-Risk / Churned,-1.130769535788829,0.32158567358812745
13755.0,4,9,2161.35,1,Champions,2.2294958967472005,-0.6458069230917365
13756.0,2,14,5189.52,1,Champions,3.2069831880171162,-0.4953528272628264
13758.0,12,7,3190.55,1,Champions,1.8472703649668727,0.015877679780728737
13759.0,33,2,659.4100000000001,0,Potential Loyalists,-0.15491163203549457,-0.324527621203827
13760.0,54,2,286.79,3,At-Risk / Churned,-0.732862687544125,-0.32174070472798155
13761.0,50,2,1070.65,2,At-Risk / Churned,-0.08012804388983472,0.10863994899103972
13762.0,219,1,306.72,3,At-Risk / Churned,-1.5975876723325502,0.4257496528602887
13763.0,63,1,1714.96,2,At-Risk / Churned,-0.3102635481723207,0.26805356426958965
13764.0,71,3,1521.76,2,At-Risk / Churned,0.2150458806988842,0.565612440322597
13767.0,2,37,17220.36,1,Champions,4.616928861549863,0.2980833274709039
13769.0,2,10,2796.51,1,Champions,2.6331151844014644,-0.8393725174737826
13771.0,64,4,2634.45,2,At-Risk / Churned,0.7162732191364809,0.7860438682482204
13772.0,34,3,1132.13,2,At-Risk / Churned,0.35043052858233426,0.000779529145518923
13774.0,82,1,345.0,3,At-Risk / Churned,-1.1694651298185863,-0.14962656624832282
13777.0,1,33,25977.16,1,Champions,4.866337261284808,0.147822807710004
13778.0,103,1,178.7,3,At-Risk / Churned,-1.5665433469986147,-0.24494688793467784
13780.0,7,2,360.01,0,Potential Loyalists,0.11138522562590752,-1.4615918557715832
13781.0,251,1,127.84,3,At-Risk / Churned,-2.0626187028752594,0.19514692641814704
13782.0,13,6,912.0,2,At-Risk / Churned,1.1042717643495499,-0.44370907565228196
13784.0,10,11,2462.79,1,Champions,2.1550632766551763,-0.028386279623370595
13786.0,367,1,230.39999999999998,3,At-Risk / Churned,-1.929433064913842,0.6482318416516208
13787.0,76,2,309.04,3,At-Risk / Churned,-0.8260962236727241,-0.08132316105931411
13790.0,4,1,348.8,0,Potential Loyalists,-0.09075726217633895,-1.9268504337282804
13791.0,128,2,1516.0,2,At-Risk / Churned,-0.26981147427088087,0.8234173327262189
13792.0,66,2,195.55,3,At-Risk / Churned,-0.9892241223880643,-0.3353219068644652
13798.0,1,57,37153.85,1,Champions,5.519257769009049,0.4832079809484531
13799.0,117,2,688.86,3,At-Risk / Churned,-0.6096879302090211,0.48026013591750255
13800.0,310,1,558.32,3,At-Risk / Churned,-1.4463145284687882,0.8625852874157443
13801.0,67,1,324.8,3,At-Risk / Churned,-1.121842010302555,-0.29788862045668324
13802.0,139,3,4599.42,2,At-Risk / Churned,0.4856025093036163,1.3894053711446002
13803.0,255,1,277.07,3,At-Risk / Churned,-1.7035762895313842,0.4849782768898524
13804.0,31,7,2635.79,2,At-Risk / Churned,1.4124534764451417,0.5175285407893481
13805.0,52,2,924.6,2,At-Risk / Churned,-0.16435201684462578,0.0797315738203086
13806.0,64,1,256.38,3,At-Risk / Churned,-1.2164627329333964,-0.4122464385596187
13807.0,367,1,112.6,3,At-Risk / Churned,-2.26704744511709,0.38942444576200574
13808.0,6,5,1747.66,1,Champions,1.5380816791535583,-0.706002864918629
13809.0,305,1,155.05,3,At-Risk / Churned,-2.045886043063514,0.38794399261319573
13810.0,29,3,1499.01,2,At-Risk / Churned,0.5424356179203695,0.005078390329822936
13811.0,184,3,814.5,2,At-Risk / Churned,-0.4418919074188476,0.9367590267637008
13812.0,42,3,539.0,2,At-Risk / Churned,-0.07994002858070946,-0.13832093710789356
13813.0,40,4,1366.8600000000001,2,At-Risk / Churned,0.5811563999672235,0.255320240368556
13814.0,92,2,1579.12,2,At-Risk / Churned,-0.1254324621774534,0.6307895329845307
13815.0,22,4,4027.36,2,At-Risk / Churned,1.3146009945457748,0.2817207896444925
13816.0,24,2,571.6700000000001,0,Potential Loyalists,-0.1050615283241894,-0.5713323125624278
13817.0,29,2,382.98,0,Potential Loyalists,-0.3644105069090853,-0.6011428463798353
13819.0,302,3,1140.35,2,At-Risk / Churned,-0.4708981603558685,1.3718523763393402
13821.0,145,2,385.64,3,At-Risk / Churned,-0.9658023093257964,0.4046361274041283
13822.0,6,2,632.0,0,Potential Loyalists,0.4288919057981738,-1.3419736109291722
13823.0,19,2,957.66,0,Potential Loyalists,0.22469866788461945,-0.525385538958825
13824.0,33,5,1698.94,2,At-Risk / Churned,0.9207535789319211,0.2857439686133522
13826.0,176,1,189.5,3,At-Risk / Churned,-1.7420427639560734,0.1134257018140839
13827.0,58,3,412.05,2,At-Risk / Churned,-0.32799384635158724,-0.035248821026218534
13828.0,22,1,209.49,0,Potential Loyalists,-0.9149187437570591,-1.144077121581651
13831.0,16,6,2202.99,1,Champions,1.4482831100332831,-2.771842166551661e-05
13832.0,19,1,52.199999999999996,0,Potential Loyalists,-1.5141783068610926,-1.7330060519093469
13833.0,159,1,384.8,3,At-Risk / Churned,-1.3685946895475614,0.30610417036905757
13835.0,25,4,834.57,2,At-Risk / Churned,0.521309334685298,-0.21275379406453446
13837.0,212,2,271.24,3,At-Risk / Churned,-1.2765943839732246,0.5164804114014375
13838.0,6,4,691.73,0,Potential Loyalists,0.9337571773087198,-1.1128935661364527
13841.0,253,1,85.0,3,At-Risk / Churned,-2.2574576765404033,0.0531154589850821
13842.0,59,9,3385.62,2,At-Risk / Churned,1.4928608408980244,1.092855011666632
13844.0,11,1,361.62,0,Potential Loyalists,-0.40820968243939787,-1.3586986657858389
13845.0,65,1,312.98,3,At-Risk / Churned,-1.12797078392914,-0.33025858254127594
13846.0,25,3,865.0600000000001,2,At-Risk / Churned,0.33646815239913275,-0.2854568380304455
13848.0,92,3,1255.0,2,At-Risk / Churned,0.02585726588875952,0.6578186648545921
13849.0,52,2,1537.95,2,At-Risk / Churned,0.07690772888360832,0.26467572959745683
13850.0,129,1,1595.48,2,At-Risk / Churned,-0.615300177968461,0.6910939685020685
13851.0,96,3,2651.46,2,At-Risk / Churned,0.36450655983514296,0.9564540526125767
13853.0,57,1,1090.14,2,At-Risk / Churned,-0.4874931302495534,0.040945809735226726
13854.0,9,25,8109.5199999999995,1,Champions,3.4562753994794346,0.6416901804627192
13856.0,169,3,388.5,3,At-Risk / Churned,-0.7602323537566145,0.6143472987860639
13858.0,57,1,216.17,3,At-Risk / Churned,-1.2535331962482976,-0.5462828341065743
13859.0,326,1,201.16,3,At-Risk / Churned,-1.9484002624241856,0.5241997827419665
13860.0,1,5,1245.9,1,Champions,1.8563030293284222,-1.6232927861354793
13862.0,18,8,2209.36,1,Champions,1.6344822749053487,0.1681054418709269
13863.0,248,1,305.78,3,At-Risk / Churned,-1.646355415330313,0.5031435980667056
13865.0,58,4,501.56,2,At-Risk / Churned,-0.03306708418283173,0.12184328906080792
13866.0,74,1,145.67000000000002,3,At-Risk / Churned,-1.5380074430315394,-0.5260898755569325
13867.0,31,3,1015.29,2,At-Risk / Churned,0.3330317810020924,-0.09562268337354014
13868.0,7,2,3192.54,0,Potential Loyalists,1.1458608361514928,-0.6685867156757458
13869.0,123,4,3104.95,2,At-Risk / Churned,0.5474148240214396,1.2553035785200273
13870.0,2,8,2770.94,1,Champions,2.4472375638652304,-0.9198182708967332
13871.0,23,13,6403.25,1,Champions,2.4496944096181674,0.8729675892730121
13873.0,120,3,389.6,3,At-Risk / Churned,-0.628970802292547,0.3998038287856699
13874.0,358,1,540.45,3,At-Risk / Churned,-1.5165684175911156,0.9417729121286673
13875.0,54,5,1786.79,2,At-Risk / Churned,0.7608755436859648,0.6090160184557054
13876.0,64,1,122.7,3,At-Risk / Churned,-1.564151483168283,-0.6787766141233311
13877.0,86,1,117.24,3,At-Risk / Churned,-1.6969688084238004,-0.5103701487728836
13878.0,55,1,1281.53,2,At-Risk / Churned,-0.3973937723633336,0.07748649225419789
13880.0,21,13,3219.77,1,Champions,2.1567758494071056,0.5677690021180972
13881.0,4,20,17159.52,1,Champions,3.8835870450807057,0.39278761273352997
13882.0,3,5,1191.13,1,Champions,1.5701231527208486,-1.2001686182025495
13883.0,11,5,2674.48,1,Champions,1.533930747809932,-0.20956962448841432
13884.0,7,5,787.6,0,Potential Loyalists,1.1091632724729439,-0.9110267692943599
13885.0,189,2,506.8,3,At-Risk / Churned,-0.9371038842199659,0.6708067901910637
13886.0,71,1,243.56,3,At-Risk / Churned,-1.2797907212032102,-0.3659862684814058
13887.0,204,1,349.55,3,At-Risk / Churned,-1.5087653446509752,0.4283808365949641
13888.0,120,2,605.63,3,At-Risk / Churned,-0.680292094112928,0.44940819410362853
13889.0,93,1,416.90000000000003,3,At-Risk / Churned,-1.1274276373978749,-0.002040542310298425
13890.0,1,10,1883.8100000000002,1,Champions,2.600655912522817,-1.2400952431413526
13892.0,27,4,632.97,2,At-Risk / Churned,0.3619663993762738,-0.2662090669438035
13893.0,298,1,821.1,3,At-Risk / Churned,-1.248516057641436,0.9777387145628786
13894.0,24,3,564.62,0,Potential Loyalists,0.14928835155173287,-0.46529964567172577
13895.0,28,4,2593.07,2,At-Risk / Churned,1.0171678322782585,0.2685806444092051
13897.0,50,1,311.16,3,At-Risk / Churned,-1.0322081871478637,-0.4958402625038977
13898.0,326,1,155.93,3,At-Risk / Churned,-2.068580695392685,0.43207223510984527
13899.0,16,2,388.52,0,Potential Loyalists,-0.14057573626477593,-0.9560411140413952
13900.0,183,3,740.95,2,At-Risk / Churned,-0.4846735975712243,0.8989395144248988
13901.0,72,5,2867.2,2,At-Risk / Churned,0.8770023514249263,0.9604760634723292
13904.0,37,2,332.64,0,Potential Loyalists,-0.521424363460367,-0.5023887836422061
13908.0,80,4,2369.55,2,At-Risk / Churned,0.5819151431135855,0.8870313449229025
13911.0,57,9,2580.91,2,At-Risk / Churned,1.377072637440348,0.9726698778944942
13914.0,12,2,626.45,0,Potential Loyalists,0.18816663984870152,-0.9526983326570645
13917.0,50,2,272.04,3,At-Risk / Churned,-0.7289764211073836,-0.3887522495692889
13918.0,50,2,1212.8400000000001,2,At-Risk / Churned,-0.02100608525376931,0.1539614786761263
13919.0,59,2,384.81,3,At-Risk / Churned,-0.6270186399119081,-0.15994912354450305
13922.0,352,1,172.25,3,At-Risk / Churned,-2.050867321460059,0.5165688111423153
13923.0,54,1,351.13,3,At-Risk / Churned,-1.003886938205675,-0.4041391793251607
13924.0,2,6,1838.8500000000001,1,Champions,2.0254122280074025,-1.165477975641937
13925.0,93,4,678.25,2,At-Risk / Churned,-0.06807654404418569,0.5267330787518749
13926.0,23,1,223.85000000000002,0,Potential Loyalists,-0.8998644775791261,-1.0930868305738186
13927.0,75,1,348.99,3,At-Risk / Churned,-1.130356794958786,-0.201316815077628
13928.0,11,4,464.57,0,Potential Loyalists,0.5392271537718099,-0.9157159326489058
13929.0,169,2,842.65,3,At-Risk / Churned,-0.6537050400636022,0.7849547638924106
13930.0,58,2,337.34,3,At-Risk / Churned,-0.6828997300868694,-0.21836540088366052
13931.0,96,2,1237.53,2,At-Risk / Churned,-0.2571090710489011,0.5688839329610244
13932.0,295,1,307.4,3,At-Risk / Churned,-1.7099269416458243,0.6146844417839623
13933.0,109,2,608.7900000000001,3,At-Risk / Churned,-0.6414068303519376,0.3908703055626179
13934.0,264,1,922.1,3,At-Risk / Churned,-1.1474021670916625,0.9433563750663874
13936.0,180,1,376.58,3,At-Risk / Churned,-1.42593864310103,0.37645834425164443
13937.0,169,1,158.85,3,At-Risk / Churned,-1.8098648893702147,0.024031757382179966
13938.0,35,1,71.66,3,At-Risk / Churned,-1.5908545444734805,-1.2469436797252684
13939.0,23,3,568.55,0,Potential Loyalists,0.16817291404475465,-0.48866255110943985
13940.0,17,4,839.14,0,Potential Loyalists,0.6644120705299734,-0.443911866580475
13941.0,22,5,5112.96,1,Champions,1.5927541708644521,0.4385760767236461
13946.0,79,3,561.5699999999999,2,At-Risk / Churned,-0.29773880569613326,0.2701859811192378
13947.0,65,1,90.6,3,At-Risk / Churned,-1.7125489290938358,-0.7783827037738363
13948.0,361,1,102.0,3,At-Risk / Churned,-2.307248705389896,0.3433694401028875
13949.0,3,6,2427.32,1,Champions,2.047174338786607,-0.8821327802846796
13950.0,11,4,745.06,0,Potential Loyalists,0.762990856878299,-0.7441838395528007
13951.0,176,3,674.45,2,At-Risk / Churned,-0.5144128244481169,0.840189947059544
13952.0,218,2,3251.071,2,At-Risk / Churned,-0.1101914518213774,1.4363678704303842
13953.0,7,7,3515.68,1,Champions,2.078826776014201,-0.25665117911425434
13954.0,2,2,439.92,0,Potential Loyalists,0.5810650656879381,-2.0107120478702654
13955.0,154,2,322.96,3,At-Risk / Churned,-1.0725928694058868,0.37822086282720063
13956.0,5,5,1026.42,0,Potential Loyalists,1.344628523514088,-0.9971874027138146
13959.0,79,3,598.2,2,At-Risk / Churned,-0.2678052333947956,0.2931323671479339
13960.0,21,2,230.22,0,Potential Loyalists,-0.48658838101874974,-0.9822953481712792
13962.0,22,2,169.55,0,Potential Loyalists,-0.6479945943695091,-1.0648216900413725
13963.0,308,4,664.54,2,At-Risk / Churned,-0.5324912760203478,1.2738203697663564
13967.0,146,1,80.7,3,At-Risk / Churned,-2.0728168886981773,-0.31228601623136465
13969.0,7,18,9053.94,1,Champions,3.310087316337177,0.41976321559342866
13971.0,19,8,2758.26,1,Champions,1.7201373020088726,0.2813122097948806
13972.0,71,2,190.25,3,At-Risk / Churned,-1.0296981063949615,-0.29963350308547976
13973.0,287,1,264.7,3,At-Risk / Churned,-1.770177068486279,0.5431009894372163
13974.0,49,1,413.59000000000003,3,At-Risk / Churned,-0.8899805799950485,-0.4051676274222831
13975.0,31,6,2526.28,2,At-Risk / Churned,1.2715361326999335,0.4507900426081946
13976.0,207,1,357.98,3,At-Risk / Churned,-1.503040280881989,0.4462361575229144
13978.0,15,2,196.79000000000002,0,Potential Loyalists,-0.43900643615381874,-1.241006347603636
13979.0,73,1,869.87,3,At-Risk / Churned,-0.6875863222991515,0.11338105788828803
13980.0,60,1,200.14,3,At-Risk / Churned,-1.3091907194238923,-0.5422024348466452
13982.0,39,4,1871.81,2,At-Risk / Churned,0.7396870938413478,0.3539577423546512
13983.0,30,12,2603.43,1,Champions,1.8579003495378101,0.6794586087191771
13984.0,27,5,920.51,2,At-Risk / Churned,0.704370262161376,-0.06010068573256646
13985.0,4,15,7060.13,1,Champions,3.2162148393270504,-0.03472754831720242
13986.0,17,1,320.46,0,Potential Loyalists,-0.6203184125755025,-1.1454561288509262
13988.0,20,6,4147.96,1,Champions,1.6677230175564453,0.36405985415830905
13989.0,66,2,1266.08,2,At-Risk / Churned,-0.1049036561415657,0.3425777633550451
13990.0,213,1,311.3,3,At-Risk / Churned,-1.5800107454617178,0.41359252029866045
13991.0,12,6,855.97,2,At-Risk / Churned,1.102536108123601,-0.5137329353373209
13992.0,30,1,76.8,3,At-Risk / Churned,-1.5012810818378959,-1.3168850736174886
13993.0,43,9,3466.36,1,Champions,1.6225573307491625,0.9047835871350045
13994.0,4,6,2313.14,1,Champions,1.9390527590120068,-0.7581765032143672
13995.0,15,5,1393.69,2,At-Risk / Churned,1.1148634504576085,-0.26415408450127953
13999.0,10,12,3901.81,1,Champions,2.4457513347557085,0.16970072545013878
14000.0,211,1,635.66,3,At-Risk / Churned,-1.2384253334043507,0.6667403294491261
14001.0,46,3,2043.0800000000002,2,At-Risk / Churned,0.517740516534465,0.4022958066429434
14002.0,134,2,529.73,3,At-Risk / Churned,-0.7855569983995002,0.4701994211578588
14004.0,43,7,4582.64,2,At-Risk / Churned,1.5531513615422332,0.920570514695231
14005.0,10,5,2874.72,1,Champions,1.6014285862438165,-0.2384813144055488
14006.0,116,3,962.19,2,At-Risk / Churned,-0.1878262236540377,0.7068146405819121
14009.0,198,2,695.61,3,At-Risk / Churned,-0.8047701963903776,0.8151500373016699
14012.0,278,1,328.8,3,At-Risk / Churned,-1.6554895870924171,0.6015887563733809
14013.0,110,3,473.02,3,At-Risk / Churned,-0.5041556208833935,0.4155264510515843
14014.0,77,1,505.18,3,At-Risk / Churned,-0.9651850776120781,-0.05062237378679846
14015.0,53,1,917.34,3,At-Risk / Churned,-0.5420021275717308,-0.06707741489587304
14016.0,162,4,4341.21,2,At-Risk / Churned,0.6019167569777241,1.5505714199663245
14019.0,47,3,1421.61,2,At-Risk / Churned,0.33769839855199596,0.2837948345971535
14020.0,17,2,642.8,0,Potential Loyalists,0.07602372276635067,-0.7370187749467638
14021.0,155,3,631.9,2,At-Risk / Churned,-0.4970300583176809,0.7364489767730357
14022.0,225,1,440.0,3,At-Risk / Churned,-1.4371060753030687,0.5737126294008018
14023.0,7,2,584.07,0,Potential Loyalists,0.34050275770483845,-1.285955640885518
14024.0,122,2,327.7,3,At-Risk / Churned,-0.9773386882756906,0.23689513928932474
14027.0,61,1,104.82,3,At-Risk / Churned,-1.6201794917711574,-0.7655267921242571
14029.0,63,2,467.66,3,At-Risk / Churned,-0.5593675936672219,-0.04826631482336337
14030.0,18,8,2360.09,1,Champions,1.6657863585425132,0.19210243027517637
14031.0,7,19,17286.86,1,Champions,3.663364251224298,0.6747182074574302
14032.0,2,11,2975.59,1,Champions,2.741267107009537,-0.783368089461523
14034.0,22,3,651.8199999999999,0,Potential Loyalists,0.2491882733832604,-0.4660080832979594
14035.0,29,5,1428.02,2,At-Risk / Churned,0.886199604643508,0.14323746865621634
14036.0,285,1,626.65,3,At-Risk / Churned,-1.3595972915567451,0.8513824650069641
14037.0,176,2,147.20000000000002,3,At-Risk / Churned,-1.4944226054064258,0.17788313927595004
14038.0,78,3,1560.38,2,At-Risk / Churned,0.1914772544376837,0.6335480019580961
14039.0,33,1,152.2,0,Potential Loyalists,-1.2150326949111308,-1.0118295094262744
14040.0,41,12,3614.92,1,Champions,1.897567883971622,0.9913609808710941
14041.0,266,1,141.41,3,At-Risk / Churned,-2.0371932640180788,0.2682325218408278
14044.0,27,4,652.82,2,At-Risk / Churned,0.37659651220013285,-0.2549939599355215
14045.0,109,4,1659.75,2,At-Risk / Churned,0.2961105807916057,0.9516115003249462
14046.0,284,1,154.99,3,At-Risk / Churned,-2.018901468936366,0.34272837695704306
14047.0,9,5,1308.6100000000001,2,At-Risk / Churned,1.264591987855888,-0.5850389154452362
14048.0,305,1,409.93,3,At-Risk / Churned,-1.5864196870115779,0.740160302348299
14049.0,17,4,5681.72,2,At-Risk / Churned,1.5715402122409265,0.2514716415303521
14050.0,32,2,746.36,0,Potential Loyalists,-0.08481091845677341,-0.2984618168328285
14051.0,1,23,15610.390000000001,1,Champions,4.30961087417782,-0.1712606800077471
14052.0,20,1,225.36,0,Potential Loyalists,-0.8456635420544616,-1.1753126957305058
14053.0,124,2,260.25,3,At-Risk / Churned,-1.0924872658531406,0.16357580034357327
14054.0,65,1,92.46,3,At-Risk / Churned,-1.7030097099681978,-0.7710701584395987
14055.0,106,1,725.6400000000001,3,At-Risk / Churned,-0.9144177085779648,0.2813177288591501
14056.0,1,23,8214.65,1,Champions,4.0049787337201375,-0.40478465173154854
14057.0,24,17,6217.96,1,Champions,2.647494650797145,0.9847341995946032
14059.0,267,1,183.6,3,At-Risk / Churned,-1.91548900404682,0.364993385364512
14060.0,5,19,6140.42,1,Champions,3.2821740660738365,0.11584374145227286
14062.0,10,12,10464.85,1,Champions,2.9138420494289634,0.5285282695605611
14064.0,29,5,1353.74,2,At-Risk / Churned,0.8608692643937438,0.12381981413245834
14066.0,267,1,152.55,3,At-Risk / Churned,-2.002881691174188,0.2980001673575842
14067.0,64,2,374.7,3,At-Risk / Churned,-0.6702052580055674,-0.11886052322672444
14068.0,320,1,265.85,3,At-Risk / Churned,-1.8095800811303229,0.6134501598076948
14071.0,4,8,1438.82,1,Champions,1.9412076294077112,-0.8342264964762445
14073.0,32,1,151.04,0,Potential Loyalists,-1.2072320800394862,-1.0335215236065407
14075.0,5,3,942.26,0,Potential Loyalists,0.9373020583357383,-1.1840720107862441
14076.0,129,1,122.47,3,At-Risk / Churned,-1.829898956394417,-0.23998943708595166
14077.0,41,5,499.41999999999996,2,At-Risk / Churned,0.25969996650650257,-0.025134480272900807
14078.0,102,6,1049.37,2,At-Risk / Churned,0.40820043842236853,0.8725585636471294
14079.0,125,1,375.1,3,At-Risk / Churned,-1.2893932456009547,0.14538066562180785
14080.0,33,1,45.599999999999994,3,At-Risk / Churned,-1.7797969821764181,-1.4447647842525129
14081.0,302,2,934.52,3,At-Risk / Churned,-0.8254942598372781,1.1889732699449187
14082.0,365,1,182.25,3,At-Risk / Churned,-2.038057902638791,0.5599111120466921
14083.0,4,9,1018.43,1,Champions,1.8726687347049544,-0.9193423943451815
14085.0,2,18,4448.54,1,Champions,3.3477188718242403,-0.4605552251169008
14087.0,3,1,194.42,0,Potential Loyalists,-0.28176896511043137,-2.280115385017807
14088.0,10,13,50491.81,1,Champions,3.727659088333576,1.1294687966367143
14089.0,57,1,161.0,3,At-Risk / Churned,-1.3926117317849072,-0.652897231232378
14090.0,325,1,76.32000000000001,3,At-Risk / Churned,-2.4033082803838175,0.1726387800287475
14092.0,8,14,4076.91,1,Champions,2.672702038996793,0.11342282495951801
14093.0,12,1,442.85,0,Potential Loyalists,-0.34287723841362694,-1.234421855728282
14096.0,4,17,65164.79,1,Champions,4.377329713521259,0.8189399497363052
14098.0,37,1,147.35,3,At-Risk / Churned,-1.2727997965128726,-0.953013394081879
14099.0,16,11,3104.17,1,Champions,2.098512144711615,0.33177490933487475
14100.0,138,1,194.9,3,At-Risk / Churned,-1.6364297289546585,-0.029631775360480006
14101.0,74,6,5976.79,2,At-Risk / Churned,1.3545961346725817,1.3039816927523824
14102.0,5,5,1360.28,1,Champions,1.4781505000126216,-0.8948325355697777
14104.0,155,2,216.20999999999998,3,At-Risk / Churned,-1.264747982907295,0.23688020900502946
14105.0,239,1,1266.23,3,At-Risk / Churned,-0.959180905341034,0.99579152972814
14107.0,52,7,2703.23,2,At-Risk / Churned,1.231637654939141,0.8466104223978307
14108.0,31,2,597.91,0,Potential Loyalists,-0.17813136636181967,-0.39852247703904625
14109.0,73,1,144.2,3,At-Risk / Churned,-1.5376582753302912,-0.5382644921334333
14110.0,4,12,5683.15,1,Champions,2.9254532126508273,-0.19342037514384106
14111.0,14,4,692.85,0,Potential Loyalists,0.6432959991652136,-0.6290993703816753
14112.0,23,7,2915.15,1,Champions,1.5701686754954063,0.37176651102555575
14113.0,4,4,1840.42,1,Champions,1.5262590508058658,-0.9705835193313296
14114.0,274,2,386.53,3,At-Risk / Churned,-1.2066550753435004,0.8069068857605333
14116.0,20,5,1382.74,2,At-Risk / Churned,1.0072121868753128,-0.09461191533675047
14117.0,144,1,90.0,3,At-Risk / Churned,-2.016424873081176,-0.2817551495864542
14121.0,4,4,2780.15,1,Champions,1.7219226857337648,-0.8205922902980746
14124.0,84,1,419.58000000000004,3,At-Risk / Churned,-1.0859364067504473,-0.06352442701840964
14125.0,11,3,2740.43,2,At-Risk / Churned,1.1787152931150269,-0.3565071340033787
14126.0,8,3,706.1300000000001,0,Potential Loyalists,0.6456399392082551,-1.0318132667414839
14127.0,123,3,709.71,2,At-Risk / Churned,-0.35428218055440563,0.6330753973742054
14128.0,61,2,637.5,2,At-Risk / Churned,-0.4004888189124532,0.04409747821348255
14129.0,2,5,1123.8600000000001,1,Champions,1.652489375012782,-1.4036914354245988
14130.0,319,1,483.86,3,At-Risk / Churned,-1.525008383909266,0.8287041002093218
14132.0,2,11,3586.0299999999997,1,Champions,2.829789725793563,-0.7155086919114823
14133.0,130,3,605.64,2,At-Risk / Churned,-0.45039905219478954,0.6102978122513614
14135.0,2,15,4690.31,1,Champions,3.2173767812235976,-0.5073394797110445
14138.0,2,2,982.3800000000001,0,Potential Loyalists,0.9617044740028377,-1.7189226579170374
14139.0,46,1,415.82,3,At-Risk / Churned,-0.8637912559858437,-0.442446033634418
14140.0,4,2,935.05,0,Potential Loyalists,0.7431013405939799,-1.4129961280767593
14141.0,3,4,915.13,0,Potential Loyalists,1.2802376245082698,-1.3660176556056476
14142.0,373,1,311.81,3,At-Risk / Churned,-1.7925654511867495,0.7681426022239443
14143.0,134,1,115.8,3,At-Risk / Churned,-1.8706735743945577,-0.2362634508339047
14145.0,47,4,3742.2,2,At-Risk / Churned,0.9986342419841977,0.721461063407194
14146.0,9,5,4191.0,1,Champions,1.8166885036947171,-0.16181446197865917
14147.0,78,2,483.4,3,At-Risk / Churned,-0.6241527647300031,0.0972509277065126
14148.0,234,1,157.2,3,At-Risk / Churned,-1.9385135931493402,0.2255425197201391
14149.0,221,1,446.62,3,At-Risk / Churned,-1.423211888685662,0.567810724302551
14150.0,36,2,658.64,0,Potential Loyalists,-0.18777617352990708,-0.2713415354206093
14152.0,75,2,621.29,3,At-Risk / Churned,-0.49049060845939996,0.1638273792119623
14154.0,239,2,1345.62,2,At-Risk / Churned,-0.5635753437586217,1.1736911634777591
14155.0,266,1,118.75,3,At-Risk / Churned,-2.119431988808074,0.2051902124718722
14156.0,10,55,117379.63,1,Champions,5.381969727929383,1.9690080762140085
14157.0,20,2,432.88,0,Potential Loyalists,-0.17014097034683323,-0.7828351390496966
14158.0,40,1,507.66,0,Potential Loyalists,-0.7171113722913103,-0.4566013954930272
14159.0,20,11,4693.01,1,Champions,2.2138536106652476,0.6160630179152473
14161.0,216,3,1110.52,2,At-Risk / Churned,-0.3559007238239758,1.1505626672385048
14162.0,174,2,289.36,3,At-Risk / Churned,-1.1709279211044719,0.41533322525558747
14163.0,87,4,2445.91,2,At-Risk / Churned,0.5652868849448178,0.9511160598074346
14164.0,71,2,1631.77,2,At-Risk / Churned,-0.012081698956253847,0.48044776082634494
14165.0,276,1,122.53999999999999,3,At-Risk / Churned,-2.1186961396239194,0.23983666537245527
14167.0,39,4,574.84,2,At-Risk / Churned,0.18003748433668815,-0.07505673848394455
14171.0,98,1,363.79,3,At-Risk / Churned,-1.211729839279638,-0.018626145642551085
14173.0,11,4,450.84,0,Potential Loyalists,0.5250222822648369,-0.9266050594729855
14174.0,33,1,134.46,3,At-Risk / Churned,-1.2734326455064837,-1.056597564402388
14175.0,60,3,3222.3,2,At-Risk / Churned,0.6342426841041967,0.7332802340047349
14176.0,297,4,576.9000000000001,3,At-Risk / Churned,-0.5856436041319795,1.1994756400914472
14177.0,86,4,559.41,2,At-Risk / Churned,-0.12976843173939756,0.40770901799532133
14178.0,9,7,1620.93,1,Champions,1.6263169665717394,-0.3966949746762637
14179.0,41,2,719.78,0,Potential Loyalists,-0.19414772872029537,-0.1587351063992077
14180.0,11,25,4748.52,1,Champions,3.132674798092907,0.5626258347402574
14184.0,67,1,452.89,3,At-Risk / Churned,-0.9645000358808425,-0.17727389237638322
14185.0,331,1,197.65,3,At-Risk / Churned,-1.962510296020057,0.5274494227185963
14188.0,31,6,2054.36,2,At-Risk / Churned,1.1734533522187434,0.3756020456316803
14189.0,2,15,4654.08,1,Champions,3.2136978266577674,-0.5101596814163322
14191.0,2,13,4684.76,1,Champions,3.09602682315549,-0.5590780714059593
14193.0,68,2,853.39,2,At-Risk / Churned,-0.3031490243481858,0.21787222560084432
14194.0,5,21,11349.52,1,Champions,3.6598513114341023,0.37589422511834736
14195.0,202,2,1012.0,3,At-Risk / Churned,-0.6346873379135036,0.9639787291404077
14196.0,107,1,335.52,3,At-Risk / Churned,-1.2832564704919496,0.0071971646654689116
14198.0,18,4,701.4,0,Potential Loyalists,0.5587792235600961,-0.47477071772883017
14199.0,218,1,185.39999999999998,3,At-Risk / Churned,-1.8337287758166663,0.24050637989526782
14201.0,60,7,747.44,2,At-Risk / Churned,0.5683404427488224,0.4684525481626812
14204.0,2,1,161.03,0,Potential Loyalists,-0.26075367278881356,-2.530668409932623
14205.0,17,2,466.7,0,Potential Loyalists,-0.07561903140046786,-0.853264612247345
14206.0,239,1,328.15999999999997,3,At-Risk / Churned,-1.598874680640363,0.5054170378230615
14208.0,95,1,151.74,3,At-Risk / Churned,-1.613093928310409,-0.3548259552893494
14209.0,11,6,2073.43,1,Champions,1.552628831789313,-0.24289670149581521
14210.0,106,6,1905.8400000000001,2,At-Risk / Churned,0.676609066831142,1.1136305448620258
14211.0,53,9,2241.1,2,At-Risk / Churned,1.3374137708192142,0.8760304209010281
14212.0,90,1,1070.48,3,At-Risk / Churned,-0.668233645878101,0.31990155499925094
14214.0,31,5,1004.38,2,At-Risk / Churned,0.6946808403356212,0.05624667904917997
14215.0,12,6,1789.72,1,Champions,1.4522538862778518,-0.24564735377555272
14216.0,3,4,1839.3,1,Champions,1.6112376085306679,-1.1122807032496211
14217.0,2,17,2004.98,1,Champions,2.920764916117927,-0.7711316736580365
14218.0,43,1,169.48000000000002,3,At-Risk / Churned,-1.2628386814551618,-0.8094853983026257
14219.0,4,1,89.94,0,Potential Loyalists,-0.730031963649478,-2.4169036733052542
14220.0,247,2,632.4,3,At-Risk / Churned,-0.9340230327670324,0.9201085769387597
14221.0,42,9,3432.8,1,Champions,1.6267267377194226,0.8866699467762815
14222.0,177,1,683.17,3,At-Risk / Churned,-1.1374774208479932,0.5820937362697273
14223.0,92,3,991.13,2,At-Risk / Churned,-0.08605373046297239,0.5720302765763214
14224.0,110,4,1050.12,2,At-Risk / Churned,0.0755941878277327,0.7909573384164049
14226.0,29,5,2232.19,2,At-Risk / Churned,1.0980518254733862,0.3056384942091109
14227.0,26,10,3350.96,1,Champions,1.8793183199779735,0.6194707074793845
14229.0,52,3,1547.2,2,At-Risk / Churned,0.3399794395218426,0.37739435075830885
14231.0,184,3,925.71,2,At-Risk / Churned,-0.3812277656532598,0.983262758461321
14232.0,43,5,2048.07,2,At-Risk / Churned,0.9108720810299438,0.5171601179007379
14233.0,49,4,1462.72,2,At-Risk / Churned,0.5374665962240303,0.4057799596487078
14234.0,22,4,775.46,2,At-Risk / Churned,0.5333418218603666,-0.3171744703141059
14235.0,75,5,3144.86,2,At-Risk / Churned,0.9054611978717845,1.0196232847722844
14236.0,81,2,490.86,3,At-Risk / Churned,-0.6311424885648192,0.1264409634460866
14237.0,373,1,161.0,3,At-Risk / Churned,-2.1048090012037908,0.528783899509356
14238.0,326,1,146.85,3,At-Risk / Churned,-2.096863712432069,0.4103911266705132
14239.0,43,11,2380.85,1,Champions,1.6092842797702243,0.8382382508893308
14240.0,30,2,890.34,0,Potential Loyalists,0.02268225974928932,-0.2740123942913808
14241.0,184,1,213.70000000000002,3,At-Risk / Churned,-1.7021853759903156,0.18495567360938037
14242.0,235,2,280.55,3,At-Risk / Churned,-1.2998199646407325,0.5937238978940339
14243.0,9,10,2588.77,1,Champions,2.1364395512953154,-0.10410689157937716
14245.0,220,2,1693.45,2,At-Risk / Churned,-0.4230303877259194,1.204979507375167
14246.0,111,3,1474.06,2,At-Risk / Churned,0.03111098424910106,0.8341628660808713
14247.0,278,1,136.76999999999998,3,At-Risk / Churned,-2.0697111481850126,0.2840560627624995
14248.0,318,1,302.58,3,At-Risk / Churned,-1.7459965888733313,0.6563984295270971
14250.0,7,3,1904.05,0,Potential Loyalists,1.1609339857079664,-0.7459780706933449
14251.0,2,5,2879.7000000000003,1,Champions,2.0987296573568055,-1.061613928699392
14256.0,260,2,969.0600000000001,3,At-Risk / Churned,-0.751273008684589,1.107559228697106
14257.0,64,5,3099.7200000000003,2,At-Risk / Churned,0.95834548870356,0.9152403645137376
14258.0,9,9,12669.98,1,Champions,2.803664960091854,0.43684089597056647
14259.0,142,1,120.0,3,At-Risk / Churned,-1.8759079706497905,-0.18691245134567094
14261.0,51,2,1163.45,2,At-Risk / Churned,-0.04813826605728837,0.151161897156577
14262.0,8,8,2618.23,1,Champions,2.0005470553628726,-0.2438976541645507
14264.0,155,2,333.97,3,At-Risk / Churned,-1.0591908488000688,0.3944555662892679
14265.0,109,2,530.18,3,At-Risk / Churned,-0.7068990910764826,0.3406654492444742
14267.0,163,3,1516.24,2,At-Risk / Churned,-0.1012374639999212,1.086210907682404
14270.0,332,1,492.65000000000003,3,At-Risk / Churned,-1.5316991518909597,0.8604870874817119
14271.0,226,1,112.32,3,At-Risk / Churned,-2.0836045092921434,0.08221428233410692
14272.0,74,2,437.96,3,At-Risk / Churned,-0.6510409306632547,0.02847572851711453
14273.0,51,4,559.97,2,At-Risk / Churned,0.06736828615623393,0.08176852933128519
14276.0,99,3,1119.74,2,At-Risk / Churned,-0.05594316939229762,0.6623807242634323
14277.0,15,3,4216.2,2,At-Risk / Churned,1.2731647546568907,-0.017441492278660403
14280.0,197,1,134.04,3,At-Risk / Churned,-1.9481632459166864,0.05934405246574382
14282.0,3,15,3729.34,1,Champions,2.9986789155200713,-0.4083253554761389
14284.0,31,2,595.25,0,Potential Loyalists,-0.18024365915969928,-0.4001417119722458
14285.0,21,4,1910.01,2,At-Risk / Churned,0.9777134109904532,-0.017733398721047403
14286.0,24,3,4628.75,2,At-Risk / Churned,1.1469192200930785,0.2994611651410249
14287.0,8,3,176.63,0,Potential Loyalists,-0.009935106423307893,-1.5343619741394865
14288.0,213,1,426.6,3,At-Risk / Churned,-1.4309006481626891,0.5278968812668648
14289.0,9,6,911.26,0,Potential Loyalists,1.2324592435964583,-0.6573317328321766
14290.0,11,5,2314.65,1,Champions,1.4653897502777917,-0.2621115721160322
14291.0,2,11,3883.25,1,Champions,2.867565214421148,-0.6865508737217552
14292.0,8,9,4871.93,1,Champions,2.39045097452784,0.022418133873922996
14293.0,3,4,1046.56,0,Potential Loyalists,1.3438540334624551,-1.3172507839831484
14295.0,40,1,166.20000000000002,3,At-Risk / Churned,-1.245073324058322,-0.8613248488701002
14297.0,18,4,1305.33,2,At-Risk / Churned,0.8532155205483712,-0.24906264441441153
14298.0,8,44,51527.3,1,Champions,4.870150559018383,1.4582651585157986
14299.0,8,9,3965.62,1,Champions,2.2928007599292672,-0.05243826807526001
14300.0,19,1,43.2,0,Potential Loyalists,-1.6021255028091037,-1.8004243435869578
14301.0,117,1,640.14,3,At-Risk / Churned,-1.0112140234719997,0.29782195915438114
14304.0,223,1,383.45,3,At-Risk / Churned,-1.498830355877147,0.5181567345782582
14305.0,71,3,1858.96,2,At-Risk / Churned,0.30996726177134276,0.6383769814384688
14306.0,51,2,2093.32,2,At-Risk / Churned,0.23040403325080147,0.36468599848672173
14307.0,89,6,2995.72,2,At-Risk / Churned,0.9572461514172259,1.1683827721150444
14309.0,8,9,2352.53,1,Champions,2.0450946765881954,-0.24232403756447662
14311.0,243,1,310.26,3,At-Risk / Churned,-1.6317246100192568,0.49555664440514063
14312.0,47,6,1611.59,2,At-Risk / Churned,0.9033910971399687,0.5444187471978309
14314.0,107,1,120.0,3,At-Risk / Churned,-1.7686421977078295,-0.3648883371046367
14315.0,45,6,2481.13,2,At-Risk / Churned,1.1243090181925564,0.674319291594409
14317.0,65,1,508.58000000000004,3,At-Risk / Churned,-0.898173847481089,-0.15410155193811312
14320.0,207,2,477.79,3,At-Risk / Churned,-0.9996057267857651,0.7067950095709367
14321.0,11,5,1530.75,2,At-Risk / Churned,1.2692743324145668,-0.4124491275259324
14323.0,115,2,605.0600000000001,3,At-Risk / Churned,-0.6646126501276104,0.422310667305298
14326.0,242,1,183.85,3,At-Risk / Churned,-1.8774276310940523,0.3033996522968058
14327.0,163,1,311.65,3,At-Risk / Churned,-1.477793838907856,0.24528309244390112
14329.0,17,7,5014.84,1,Champions,1.9374547729672638,0.3866566976812391
14331.0,124,2,462.65999999999997,3,At-Risk / Churned,-0.8202592767698672,0.3722594971117438
14332.0,23,3,866.31,0,Potential Loyalists,0.3677383589268524,-0.3356802845709268
14333.0,68,1,415.2,3,At-Risk / Churned,-1.0112154132654725,-0.19955267064313403
14334.0,17,8,2552.21,1,Champions,1.723568335651661,0.18627990839595826
14335.0,16,2,468.26,0,Potential Loyalists,-0.05219758385842227,-0.8882924610839765
14336.0,17,4,1614.91,2,At-Risk / Churned,0.9747979875645565,-0.20597718245899085
14338.0,161,2,588.22,3,At-Risk / Churned,-0.8056146437224202,0.6238241035276375
14339.0,243,1,309.52,3,At-Risk / Churned,-1.632854127587924,0.49469078229232905
14340.0,219,1,134.7,3,At-Risk / Churned,-1.9861098335934724,0.12791752633531542
14341.0,45,8,2182.28,2,At-Risk / Churned,1.2907625920472143,0.7242168944173113
14342.0,21,4,668.5600000000001,0,Potential Loyalists,0.48003754329692655,-0.3992402386765184
14344.0,127,8,889.9300000000001,2,At-Risk / Churned,0.4743730938726856,1.0470074982104811
14345.0,39,1,108.97999999999999,3,At-Risk / Churned,-1.4344166191959307,-1.0293595222210226
14346.0,121,2,1021.58,2,At-Risk / Churned,-0.43565176232660696,0.644572974938764
14348.0,260,1,409.57,3,At-Risk / Churned,-1.5260540347578129,0.6389924305600445
14349.0,10,1,133.5,0,Potential Loyalists,-0.8456002247683241,-1.774646141801548
14350.0,274,1,282.93,3,At-Risk / Churned,-1.721037200309351,0.5379558784187127
14351.0,165,1,51.0,3,At-Risk / Churned,-2.3336649547455544,-0.3995722368301992
14352.0,157,4,1078.96,2,At-Risk / Churned,-0.04647382374364122,1.0246513117181344
14353.0,215,1,90.6,3,At-Risk / Churned,-2.165597616810346,-0.026682144715628207
14354.0,6,2,163.62,0,Potential Loyalists,-0.21022573443223194,-1.8319064509805028
14355.0,366,1,174.4,3,At-Risk / Churned,-2.0598767129539257,0.5457144737671034
14356.0,80,2,701.23,2,At-Risk / Churned,-0.4574878389473986,0.2481870217571121
14357.0,43,1,225.77,3,At-Risk / Churned,-1.1274452963908512,-0.7056959525210832
14359.0,19,3,912.18,0,Potential Loyalists,0.46186266163639894,-0.4325271759326894
14360.0,32,4,2128.23,2,At-Risk / Churned,0.8740884221956261,0.27867027185987975
14362.0,22,1,161.2,0,Potential Loyalists,-1.0385862402500037,-1.2388777716732111
14364.0,109,8,3717.35,2,At-Risk / Churned,1.2102835397499065,1.470662417222338
14367.0,8,16,9261.52,1,Champions,3.1752247370207916,0.45994695749945746
14368.0,320,1,155.0,3,At-Risk / Churned,-2.064324782146592,0.41816874837312074
14371.0,295,1,100.5,3,At-Risk / Churned,-2.2372955956697775,0.21041579677072617
14373.0,358,1,76.55,3,At-Risk / Churned,-2.4387445762855813,0.2348539413208393
14375.0,185,1,257.68,3,At-Risk / Churned,-1.6158157753447915,0.2561615886721655
14377.0,191,2,617.05,3,At-Risk / Churned,-0.8478678145478327,0.7489193273196636
14379.0,44,2,348.1,0,Potential Loyalists,-0.564537106821975,-0.37871508481552824
14381.0,52,1,202.68,3,At-Risk / Churned,-1.249516850209012,-0.6267682911575977
14382.0,26,1,626.0699999999999,0,Potential Loyalists,-0.458177233255608,-0.6453222443972217
14383.0,38,3,1247.69,2,At-Risk / Churned,0.35516277905377447,0.10471422812657673
14385.0,9,3,202.11,0,Potential Loyalists,0.01341366189126273,-1.418800894307456
14386.0,297,1,142.4,3,At-Risk / Churned,-2.0758795642855556,0.34039561964667586
14387.0,33,3,1770.56,2,At-Risk / Churned,0.5735656727512871,0.14496019261265733
14388.0,10,8,3212.84,1,Champions,2.0209502481698807,-0.042248149820990344
14389.0,65,2,1043.46,2,At-Risk / Churned,-0.19084461124868116,0.26275826006202563
14390.0,10,9,4652.82,1,Champions,2.29193908231838,0.13291007713677175
14393.0,218,1,67.95,3,At-Risk / Churned,-2.3056596748284988,-0.12126496094503586
14395.0,2,9,3507.71,1,Champions,2.6543915902490802,-0.7935943350516226
14396.0,65,2,487.99,3,At-Risk / Churned,-0.55097515020579,-0.0133095037331733
14397.0,3,19,2612.96,1,Champions,3.031767274509524,-0.45195252526674845
14400.0,149,1,574.7,3,At-Risk / Churned,-1.1539925366339319,0.41079015320146484
14401.0,4,13,4051.48,1,Champions,2.8319289447437295,-0.28802676362753465
14403.0,130,4,1475.81,2,At-Risk / Churned,0.17364479373596747,1.0196834867888998
14404.0,34,6,1474.32,2,At-Risk / Churned,0.9818665841219156,0.3118007826398042
14406.0,119,1,156.75,3,At-Risk / Churned,-1.683045894324004,-0.2016097327935758
14407.0,107,6,2157.73,2,At-Risk / Churned,0.7319312140652791,1.1646619492210775
14408.0,11,7,2606.53,1,Champions,1.7819511767835716,-0.108388968653772
14409.0,71,6,2059.4500000000003,2,At-Risk / Churned,0.8647556570628021,0.8906419066688149
14410.0,92,9,1105.07,2,At-Risk / Churned,0.7943823023807688,0.9636517394035979
14411.0,311,1,1063.0,3,At-Risk / Churned,-1.1423828321393419,1.098548034810022
14412.0,43,2,770.03,2,At-Risk / Churned,-0.17994342599485022,-0.10472533939212847
14413.0,362,1,122.7,3,At-Risk / Churned,-2.2214011795608943,0.4117352394907616
14414.0,92,7,1496.98,2,At-Risk / Churned,0.736462155207388,0.9882434331836893
14415.0,1,13,5900.28,1,Champions,3.3604097166706173,-0.7322484405372123
14416.0,22,2,490.22,0,Potential Loyalists,-0.14600179738055302,-0.6800055916694885
14418.0,4,3,1937.25,0,Potential Loyalists,1.3487296993841302,-1.037681482423407
14419.0,11,6,1058.06,2,At-Risk / Churned,1.2335970403449676,-0.48745911349972004
14420.0,99,1,387.52,3,At-Risk / Churned,-1.1856637620202477,0.010671525796526705
14421.0,57,2,813.11,2,At-Risk / Churned,-0.2597053482003823,0.09020020485837285
14422.0,1,6,4263.64,1,Champions,2.5792766389130612,-1.1167384912032237
14423.0,218,1,265.2,3,At-Risk / Churned,-1.6646269712029471,0.3701359225289796
14424.0,18,1,322.08,0,Potential Loyalists,-0.638593081258449,-1.1093482156733945
14426.0,24,10,4481.67,1,Champions,2.0466612149272234,0.6764139525904483
14427.0,50,2,363.34000000000003,0,Potential Loyalists,-0.5920878286030755,-0.2838166122551833
14428.0,7,5,1244.83,0,Potential Loyalists,1.3261669784955081,-0.7446767340254681
14431.0,303,1,470.36,3,At-Risk / Churned,-1.518808202002087,0.7859114166281173
14432.0,10,6,2255.51,1,Champions,1.6258014770794729,-0.2674582153814519
14434.0,22,6,1372.8,2,At-Risk / Churned,1.1084688849303141,0.019673550990591863
14436.0,99,1,89.06,3,At-Risk / Churned,-1.8793708574472976,-0.5211083313574845
14437.0,366,1,63.0,3,At-Risk / Churned,-2.5382957795339314,0.17896945333589073
14438.0,306,1,131.9,3,At-Risk / Churned,-2.1233332789349912,0.3315989917437175
14439.0,320,1,2661.24,2,At-Risk / Churned,-0.718038461822807,1.4502007858563941
14440.0,8,5,2357.6800000000003,1,Champions,1.5840553748286206,-0.4378081049087308
14441.0,1,4,1712.89,1,Champions,1.8423326586417752,-1.5776316284966179
14442.0,205,2,1589.82,2,At-Risk / Churned,-0.42611981489499906,1.1374601078054585
14443.0,54,4,1420.2,2,At-Risk / Churned,0.4870577503656188,0.4554841359759255
14446.0,1,4,1039.58,0,Potential Loyalists,1.6055459124208205,-1.7591468860331239
14447.0,19,5,1163.23,2,At-Risk / Churned,0.9438894344731555,-0.18837903517072607
14448.0,9,2,375.35,0,Potential Loyalists,0.04586518942854975,-1.304978218112938
14449.0,19,4,907.1,2,At-Risk / Churned,0.661063996573397,-0.34881597019978855
14450.0,181,3,483.25,3,At-Risk / Churned,-0.6829720531233385,0.7367979439958408
14451.0,60,2,662.59,2,At-Risk / Churned,-0.3759854779480806,0.04780871234188689
14452.0,11,2,264.44,0,Potential Loyalists,-0.1894778315956884,-1.3163863386256451
14453.0,190,1,119.93,3,At-Risk / Churned,-1.9867786603086124,-0.0036213987187099462
14456.0,5,9,3062.4,1,Champions,2.3251219899650146,-0.4035017553099371
14457.0,311,1,113.64,3,At-Risk / Churned,-2.1996428606322866,0.2880768854836449
14459.0,155,1,1837.92,2,At-Risk / Churned,-0.6178802296909897,0.8581165709586972
14460.0,110,3,434.34,3,At-Risk / Churned,-0.5445490343968895,0.3845617920337227
14461.0,148,3,2103.06,2,At-Risk / Churned,0.09057674762820987,1.144339445609776
14462.0,66,11,2004.02,2,At-Risk / Churned,1.3668763482659185,1.0421932685518527
14463.0,98,3,529.62,2,At-Risk / Churned,-0.40691142328320523,0.3840205389520214
14465.0,247,3,1058.6200000000001,2,At-Risk / Churned,-0.4296168707755344,1.2178286214856235
14466.0,29,7,2272.4,2,At-Risk / Churned,1.3667481234658079,0.4226687942896067
14467.0,18,4,598.76,0,Potential Loyalists,0.4838153588135397,-0.5322362872024935
14470.0,12,2,461.19,0,Potential Loyalists,0.043107164661634556,-1.0638975801526183
14472.0,104,8,1936.84,2,At-Risk / Churned,0.9188026633700206,1.2040988249738696
14473.0,74,2,234.34000000000003,3,At-Risk / Churned,-0.9468548489262766,-0.19828839748802382
14474.0,46,1,547.66,0,Potential Loyalists,-0.7333775566789758,-0.34247390008482625
14475.0,72,3,925.85,2,At-Risk / Churned,-0.0258255091775072,0.3937515157261934
14476.0,257,1,215.7,3,At-Risk / Churned,-1.8248794312673589,0.3992036325778947
14477.0,20,4,1309.6,2,At-Risk / Churned,0.8165203647740059,-0.18442134580176975
14479.0,254,2,316.25,3,At-Risk / Churned,-1.2727581037668696,0.6862431619688181
14480.0,11,1,279.05,0,Potential Loyalists,-0.5308233758184966,-1.4526914947190979
14481.0,165,2,636.51,3,At-Risk / Churned,-0.7775558244881793,0.667942662562309
14482.0,18,6,2068.15,2,At-Risk / Churned,1.3758236845735978,0.047525600370781726
14483.0,282,1,137.1,3,At-Risk / Churned,-2.0740153569407984,0.2939515966272946
14484.0,50,1,321.92,3,At-Risk / Churned,-1.0161268110029116,-0.4835126505109166
14485.0,39,1,165.75,3,At-Risk / Churned,-1.236916699072205,-0.8779606393154519
14487.0,27,6,1196.33,2,At-Risk / Churned,0.9680601376719455,0.09437729326015688
14488.0,68,1,1064.28,3,At-Risk / Churned,-0.5652350317150878,0.1423256021289728
14489.0,207,1,463.38,3,At-Risk / Churned,-1.380877769901432,0.5398831204371743
14491.0,175,2,340.93,3,At-Risk / Churned,-1.0955261974860833,0.4784161480156427
14493.0,7,5,2383.2400000000002,1,Champions,1.6341771104025768,-0.5085632719789296
14494.0,26,1,139.56,0,Potential Loyalists,-1.1678074295077208,-1.1893083833350282
14495.0,51,2,123.8,3,At-Risk / Churned,-1.1079122879426462,-0.6612364215124756
14496.0,312,2,538.8100000000001,3,At-Risk / Churned,-1.0988413542646391,1.009529660945728
14497.0,309,1,475.37,3,At-Risk / Churned,-1.5212594275156293,0.8021489529726421
14498.0,43,5,1957.32,2,At-Risk / Churned,0.8893761087487205,0.5006818014117616
14499.0,26,3,815.32,2,At-Risk / Churned,0.29397922427585294,-0.283045002373672
14500.0,88,3,356.85,3,At-Risk / Churned,-0.553156564913373,0.17320901784414977
14501.0,184,2,251.21,3,At-Risk / Churned,-1.2590048637574032,0.3993251670848218
14502.0,20,11,2470.67,1,Champions,1.9094903945556583,0.382745197393238
14503.0,3,6,3543.26,1,Champions,2.2266099534878663,-0.7445815772146912
14504.0,47,4,673.26,2,At-Risk / Churned,0.18524393292804422,0.0979348154969553
14505.0,17,8,5905.64,1,Champions,2.1215726643833674,0.4913808457726065
14506.0,17,5,2012.17,2,At-Risk / Churned,1.244028784761501,-0.05596158539613753
14507.0,24,6,1383.18,2,At-Risk / Churned,1.0801791890817891,0.07527673597495181
14508.0,22,2,276.42,0,Potential Loyalists,-0.41713160326088383,-0.8878474465268015
14511.0,11,5,1314.81,2,At-Risk / Churned,1.1971648118778124,-0.4677266225714072
14512.0,188,2,275.28,3,At-Risk / Churned,-1.223923695372124,0.44604584513837786
14513.0,101,3,455.59000000000003,3,At-Risk / Churned,-0.489622492797757,0.3482879266120353
14514.0,61,3,1055.35,2,At-Risk / Churned,0.09864511029587705,0.33777595072685057
14515.0,18,6,2102.09,2,At-Risk / Churned,1.3835442649672964,0.05344401920485707
14517.0,33,2,330.45,0,Potential Loyalists,-0.4820480891720935,-0.5753028829717296
14518.0,64,1,174.37,3,At-Risk / Churned,-1.3985205453052183,-0.5518077578758923
14520.0,2,2,270.6,0,Potential Loyalists,0.35113739972130015,-2.1869692927067526
14522.0,24,4,974.54,2,At-Risk / Churned,0.6097907949488889,-0.1812810377987526
14523.0,108,1,241.09,3,At-Risk / Churned,-1.44306533423107,-0.10676537464489524
14524.0,32,9,1867.68,2,At-Risk / Churned,1.4391471281020434,0.49752269339524796
14525.0,20,9,4332.2,1,Champions,2.0109776409274716,0.5169135009319021
14527.0,3,55,8508.82,1,Champions,4.523247071831871,0.37304181617166127
14528.0,37,1,364.21999999999997,0,Potential Loyalists,-0.8452795082657087,-0.6252862030048402
14529.0,60,3,620.04,2,At-Risk / Churned,-0.14720439011537595,0.13424093306449486
14530.0,26,6,2925.91,2,At-Risk / Churned,1.4061210837581024,0.39647423166436013
14532.0,236,4,932.85,2,At-Risk / Churned,-0.2703895052730388,1.2288429120737059
14533.0,25,7,1949.72,2,At-Risk / Churned,1.3487888134913624,0.27625628106304206
14534.0,3,18,4447.05,1,Champions,3.237631309576542,-0.2782829476384581
14535.0,60,3,2864.19,2,At-Risk / Churned,0.5783562715518082,0.6904389993109136
14536.0,260,1,171.8,3,At-Risk / Churned,-1.9367217117014042,0.32418406255799365
14537.0,58,1,355.56,3,At-Risk / Churned,-1.0247806017521057,-0.3550809266457266
14538.0,65,2,388.25,3,At-Risk / Churned,-0.6592260753634616,-0.09629216586336013
14539.0,16,2,537.48,0,Potential Loyalists,0.013095221040521276,-0.8382405030007595
14540.0,10,3,996.26,0,Potential Loyalists,0.7321035067171751,-0.7795234030097907
14541.0,59,8,1461.65,2,At-Risk / Churned,0.9991441904677935,0.7469587785571378
14542.0,186,1,103.25,3,At-Risk / Churned,-2.0491216124339076,-0.0710304926772901
14543.0,29,16,3630.33,1,Champions,2.270821202241635,0.8826577793005009
14544.0,24,2,2024.45,2,At-Risk / Churned,0.49438830335368106,-0.11180789950389614
14546.0,5,5,2578.09,1,Champions,1.7813833737744678,-0.6623812094171937
14547.0,4,8,4007.54,1,Champions,2.4270877942622797,-0.4617619702178403
14548.0,151,2,652.8,3,At-Risk / Churned,-0.7319151785090235,0.6212599327519608
14549.0,311,1,289.24,3,At-Risk / Churned,-1.7588423352398614,0.625984400012228
14550.0,11,2,765.62,0,Potential Loyalists,0.31381463557310496,-0.9305739430742496
14551.0,18,2,186.23,0,Potential Loyalists,-0.5307103776799873,-1.1520102877761478
14552.0,152,1,165.07,3,At-Risk / Churned,-1.7514900426101496,-0.02888188430631357
14553.0,19,5,859.27,2,At-Risk / Churned,0.8003100395012,-0.29844368731536464
14554.0,10,4,2381.04,2,At-Risk / Churned,1.3471297366258412,-0.37705042489947455
14555.0,57,2,324.14,3,At-Risk / Churned,-0.6952519458289329,-0.24367976984225026
14557.0,85,1,788.38,3,At-Risk / Churned,-0.791632516176021,0.1729236266522645
14560.0,7,22,2237.77,1,Champions,2.819802891845364,-0.015148331635225514
14561.0,76,3,1080.76,2,At-Risk / Churned,0.027130686447952263,0.4837948225244821
14562.0,4,18,5074.77,1,Champions,3.215008500499389,-0.0887852852081729
14565.0,96,4,3099.12,2,At-Risk / Churned,0.6403603198031734,1.0989252391820834
14566.0,111,1,1432.0,3,At-Risk / Churned,-0.6096153987973342,0.557305348726318
14567.0,57,2,1530.3600000000001,2,At-Risk / Churned,0.04011316729309464,0.32003416272368523
14569.0,1,1,227.39,0,Potential Loyalists,0.057077011097132736,-2.662866935881135
14570.0,281,2,218.06,3,At-Risk / Churned,-1.4869570777594792,0.6153332745922524
14572.0,3,7,2832.84,1,Champions,2.241246373290825,-0.7746471223220754
14573.0,180,9,1653.42,2,At-Risk / Churned,0.730995863747734,1.5323055435870265
14576.0,372,1,35.400000000000006,3,At-Risk / Churned,-2.8122790553176573,-0.016028082077572926
14577.0,13,4,859.71,0,Potential Loyalists,0.7719225087596856,-0.5944492300589984
14578.0,3,1,168.63,0,Potential Loyalists,-0.3489305458951786,-2.331599903586792
14581.0,17,1,138.6,0,Potential Loyalists,-1.0161238327844546,-1.448871433677708
14582.0,41,1,114.11,3,At-Risk / Churned,-1.4314263728363588,-0.981841909789474
14583.0,6,5,1052.55,0,Potential Loyalists,1.2976424522377226,-0.8903180299016428
14584.0,169,4,1042.26,2,At-Risk / Churned,-0.09085255197852071,1.0584864712816933
14585.0,50,1,157.05,3,At-Risk / Churned,-1.3551784933663866,-0.7434218490813617
14586.0,277,1,237.36,3,At-Risk / Churned,-1.8082009162193984,0.4811954546817629
14587.0,19,9,1601.14,1,Champions,1.5574755113903989,0.12404387111204494
14589.0,372,1,39.75,3,At-Risk / Churned,-2.7587102451271948,0.02503653210726226
14591.0,15,4,1447.14,2,At-Risk / Churned,0.9677873955195395,-0.32052867397270773
14592.0,35,3,570.46,0,Potential Loyalists,0.014825912759819175,-0.230374628332883
14593.0,22,3,617.99,0,Potential Loyalists,0.22393718878937108,-0.48536498226416636
14594.0,7,2,379.83,0,Potential Loyalists,0.13674787308636607,-1.4421494352853585
14595.0,20,6,1740.6,2,At-Risk / Churned,1.2558016736538693,0.048290453984665416
14597.0,11,2,883.15,0,Potential Loyalists,0.3815001004184327,-0.8786878270692038
14598.0,44,1,221.97,3,At-Risk / Churned,-1.1440517743913325,-0.6975951968617604
14600.0,306,1,393.33000000000004,3,At-Risk / Churned,-1.6072337222411732,0.7272290066953931
14601.0,11,1,213.96,0,Potential Loyalists,-0.6563454433983279,-1.5489138162252476
14603.0,275,1,660.0,3,At-Risk / Churned,-1.321430134510239,0.8476499996583924
14606.0,1,93,12156.65,1,Champions,5.42591059179527,0.2623611700535011
14607.0,16,14,16569.5,1,Champions,3.0949950991711637,1.0266638131713497
14608.0,4,4,1785.15,1,Champions,1.5117978257162348,-0.9816691608983974
14609.0,72,4,601.56,2,At-Risk / Churned,-0.02831368012678887,0.3228521987518953
14616.0,243,3,406.08000000000004,3,At-Risk / Churned,-0.8773696849165445,0.8595191809553063
14618.0,9,3,553.44,0,Potential Loyalists,0.4899464036869379,-1.0535018869428094
14619.0,246,1,394.44,3,At-Risk / Churned,-1.5228045759771047,0.5903794908250453
14620.0,206,2,412.78000000000003,3,At-Risk / Churned,-1.0670119000673755,0.6506558220493645
14621.0,1,5,1788.3600000000001,1,Champions,2.0277037351101557,-1.4919009588966416
14622.0,185,1,320.58000000000004,3,At-Risk / Churned,-1.5125311667068382,0.33533718711964394
14623.0,32,5,889.25,2,At-Risk / Churned,0.625210226757142,0.03151546673120707
14624.0,57,2,225.85,3,At-Risk / Churned,-0.8660686465677622,-0.3746239122868283
14625.0,196,2,899.63,3,At-Risk / Churned,-0.6790172638000274,0.9021862653103582
14626.0,24,4,2791.27,2,At-Risk / Churned,1.1088203214461234,0.20126348576989792
14628.0,91,2,671.96,3,At-Risk / Churned,-0.5263499345268841,0.3134344198157879
14629.0,4,2,959.01,0,Potential Loyalists,0.7550951093223977,-1.4038019816377498
14631.0,51,3,1006.98,2,At-Risk / Churned,0.14361415813764164,0.20920879849914056
14632.0,263,1,114.56,3,At-Risk / Churned,-2.1320154131006923,0.18507008537693972
14633.0,266,1,344.90000000000003,3,At-Risk / Churned,-1.6160725817757682,0.5910539225784908
14636.0,36,2,609.85,0,Potential Loyalists,-0.22424073625973953,-0.2992944280571139
14638.0,51,1,443.6,3,At-Risk / Churned,-0.8718047301996935,-0.35487935013158795
14639.0,52,6,2984.49,2,At-Risk / Churned,1.1578030349654438,0.8312959928183622
14640.0,24,6,2125.08,2,At-Risk / Churned,1.2838361227287156,0.2313954434195052
14641.0,22,1,110.46,0,Potential Loyalists,-1.2166146827341437,-1.3753502689817279
14642.0,59,1,96.12,3,At-Risk / Churned,-1.6483612612171354,-0.8175243529870335
14643.0,170,2,693.8100000000001,3,At-Risk / Churned,-0.7480530254228036,0.7180663649402151
14644.0,68,2,830.76,2,At-Risk / Churned,-0.31588734682873015,0.20810732143056834
14645.0,157,2,597.09,3,At-Risk / Churned,-0.78897087197525,0.6134082285004038
14646.0,2,73,280206.02,1,Champions,6.543460694712136,1.5688549811066883
14647.0,201,1,243.22,3,At-Risk / Churned,-1.6746449078623393,0.28755623854794304
14649.0,5,4,1417.29,0,Potential Loyalists,1.3326967272477384,-0.9499635209494974
14651.0,67,2,654.6,2,At-Risk / Churned,-0.4232448152367365,0.11227741021291693
14652.0,77,1,114.18,3,At-Risk / Churned,-1.6676841976525874,-0.589141994198041
14653.0,1,7,1947.55,1,Champions,2.328375137927265,-1.3503592810484306
14655.0,8,4,1932.23,2,At-Risk / Churned,1.3247434726613578,-0.5802201058475418
14656.0,169,2,291.05,3,At-Risk / Churned,-1.1570972927179182,0.39906587508963104
14657.0,18,4,848.22,2,At-Risk / Churned,0.6488531084203999,-0.4057221553887953
14658.0,5,2,247.15,0,Potential Loyalists,0.04342402612319287,-1.780352206839349
14659.0,9,9,2529.93,1,Champions,2.039319138001145,-0.14908897957357978
14660.0,87,2,285.74,3,At-Risk / Churned,-0.9141942522564419,-0.025082025515033204
14661.0,27,1,107.95,0,Potential Loyalists,-1.302589657624838,-1.2589188524749317
14662.0,29,4,771.17,2,At-Risk / Churned,0.4291826289582035,-0.15073068104783907
14664.0,20,2,637.89,0,Potential Loyalists,0.013486950092426276,-0.6420702111076465
14665.0,61,5,1835.7,2,At-Risk / Churned,0.7279051055742128,0.6947896834864112
14666.0,24,1,195.25,0,Potential Loyalists,-0.9800209648989952,-1.1166935693083524
14667.0,11,25,9241.2,1,Champions,3.4485897031263293,0.8047989135208289
14669.0,242,3,1269.99,2,At-Risk / Churned,-0.33552306978680957,1.2710795730330464
14670.0,280,2,411.53,3,At-Risk / Churned,-1.1852367147448817,0.8433322960400236
14672.0,235,2,765.55,3,At-Risk / Churned,-0.8245309850031856,0.9580694658789435
14673.0,3,5,1736.4,1,Champions,1.7488556906541506,-1.0631563775645405
14675.0,16,1,604.75,0,Potential Loyalists,-0.2978147833414583,-0.9512144763289598
14676.0,31,6,2548.2400000000002,2,At-Risk / Churned,1.2756416393255177,0.45393722928293084
14680.0,25,16,28754.11,1,Champions,3.307417361001108,1.5446431622769123
14681.0,71,3,498.95,2,At-Risk / Churned,-0.3134772304794639,0.1604588150854288
14682.0,188,2,52.0,3,At-Risk / Churned,-2.007438536859909,-0.1545785584911187
14684.0,26,5,1236.28,2,At-Risk / Churned,0.8580919650151952,0.024028347851103048
14687.0,107,1,628.38,3,At-Risk / Churned,-0.9861610198048357,0.2349436838649603
14688.0,8,21,5630.87,1,Champions,3.1723513616235732,0.3780282056822461
14689.0,209,1,112.8,3,At-Risk / Churned,-2.0518536735084765,0.03439873901531086
14690.0,44,2,371.7,0,Potential Loyalists,-0.5334952444415685,-0.3549191091778783
14691.0,31,5,2114.33,2,At-Risk / Churned,1.0476610949798797,0.32683319983048503
14692.0,137,4,591.55,2,At-Risk / Churned,-0.27959391180421567,0.7204940650693585
14693.0,265,1,172.9,3,At-Risk / Churned,-1.9409615642282512,0.33852333519527616
14696.0,4,7,2078.95,1,Champions,2.0092108754936886,-0.7456803964035402
14697.0,218,2,188.60999999999999,3,At-Risk / Churned,-1.4588555824232794,0.4025130584384289
14698.0,2,5,1250.76,1,Champions,1.7032133091825148,-1.3648076375726184
14699.0,214,1,109.13000000000001,3,At-Risk / Churned,-2.076400844145014,0.03739270888530341
14700.0,32,3,2235.3,2,At-Risk / Churned,0.6955216488120779,0.21077704502277525
14701.0,11,9,2549.37,1,Champions,1.9732816648339115,-0.030711372582152813
14702.0,1,17,3292.14,1,Champions,3.3109315588120647,-0.8478791222055915
14703.0,15,1,318.17,0,Potential Loyalists,-0.5787039031599942,-1.2227327392523788
14704.0,11,9,1546.91,1,Champions,1.736331003948678,-0.2123522833191669
14705.0,199,1,179.0,3,At-Risk / Churned,-1.8156291701357234,0.1702576356037219
14708.0,3,3,1126.37,0,Potential Loyalists,1.1768476489254343,-1.37628208340164
14709.0,15,13,4921.04,1,Champions,2.4797142338716895,0.5201398974537308
14710.0,14,4,606.13,0,Potential Loyalists,0.579939535832468,-0.6776669736871165
14711.0,10,11,2868.8,1,Champions,2.2274494978589487,0.027103327770603074
14712.0,29,3,917.07,2,At-Risk / Churned,0.30946127139953317,-0.1735143695397175
14713.0,9,11,2666.36,1,Champions,2.2291555947389607,-0.05993525246493397
14714.0,24,1,160.19,0,Potential Loyalists,-1.0734120000741736,-1.1882849825608701
14715.0,25,4,867.38,2,At-Risk / Churned,0.5395861650101048,-0.19874319754127046
14716.0,43,2,329.68,0,Potential Loyalists,-0.5816730368632055,-0.41268199212118495
14719.0,2,5,1602.13,1,Champions,1.8206166665513424,-1.2748089320345661
14720.0,6,3,663.81,0,Potential Loyalists,0.7123867584275598,-1.213599080232027
14722.0,147,1,187.92000000000002,3,At-Risk / Churned,-1.6776196423213863,-0.0030525876475764077
14723.0,10,6,1158.3,1,Champions,1.309760058777509,-0.509728276315322
14725.0,25,1,718.08,0,Potential Loyalists,-0.3787853280425996,-0.6194451090823883
14727.0,274,1,268.58,3,At-Risk / Churned,-1.745647764662936,0.5190899874934192
14729.0,374,1,313.49,3,At-Risk / Churned,-1.7910440447224631,0.7717840082426028
14730.0,1,8,2005.06,1,Champions,2.44872074034705,-1.2945214986240736
14731.0,47,3,380.02,0,Potential Loyalists,-0.28745178755821466,-0.19543087732213713
14732.0,8,8,2702.4900000000002,1,Champions,2.015572313072003,-0.23237963820228816
14733.0,16,12,9585.91,1,Champions,2.7058733087046787,0.7726162124776281
14735.0,4,32,6065.69,1,Champions,3.7990181828656646,0.18821346384783177
14737.0,4,3,1164.55,0,Potential Loyalists,1.10738503252364,-1.222690736781611
14738.0,43,7,1314.45,2,At-Risk / Churned,0.9607829671649593,0.46647456811913873
14739.0,4,7,3902.28,1,Champions,2.307917724529338,-0.516698616401253
14740.0,197,3,1448.21,2,At-Risk / Churned,-0.19499775817455856,1.1889717261114565
14741.0,12,6,1400.34,1,Champions,1.3359033100323638,-0.33483902158965106
14744.0,16,7,1099.98,2,At-Risk / Churned,1.239711797970309,-0.20119916189710105
14745.0,113,5,1220.26,2,At-Risk / Churned,0.3015189364802082,0.9324952753299643
14747.0,249,1,328.2,3,At-Risk / Churned,-1.6144158556476655,0.5313429069831976
14748.0,29,5,1415.75,2,At-Risk / Churned,0.8821075137528733,0.14010056617442276
14752.0,44,1,389.64,3,At-Risk / Churned,-0.8779569235433258,-0.49361302238758936
14753.0,87,1,563.15,3,At-Risk / Churned,-0.9598265061872366,0.06529980531532918
14754.0,45,2,638.05,0,Potential Loyalists,-0.28602055300013596,-0.14483767998240885
14755.0,10,11,5010.28,1,Champions,2.49197831076556,0.2298850136837332
14756.0,15,1,738.96,0,Potential Loyalists,-0.1796809843038565,-0.9168509741828336
14757.0,75,1,420.5,3,At-Risk / Churned,-1.0421336156458223,-0.13368696091873522
14758.0,145,4,1484.06,2,At-Risk / Churned,0.13486314580998693,1.0904428492470764
14759.0,5,3,1625.97,0,Potential Loyalists,1.1959863508176132,-0.985770599411299
14760.0,297,1,89.2,3,At-Risk / Churned,-2.295877805786725,0.17175004255681595
14761.0,59,2,255.9,3,At-Risk / Churned,-0.8199919573583406,-0.30787801725579855
14762.0,264,1,300.52,3,At-Risk / Churned,-1.678359430988398,0.5363367845055139
14764.0,47,1,278.3,3,At-Risk / Churned,-1.0618245928523866,-0.5747386590613941
14765.0,29,3,254.11,0,Potential Loyalists,-0.29821759320425567,-0.6393469694147133
14766.0,8,6,2473.37,1,Champions,1.7462176150534099,-0.3611588691209765
14768.0,17,2,192.60000000000002,0,Potential Loyalists,-0.4941740929722983,-1.1741192673618863
14769.0,3,8,10674.75,1,Champions,2.9771842839404976,-0.2469104766835933
14770.0,232,2,876.42,3,At-Risk / Churned,-0.7555395065855547,0.9990981240120572
14772.0,112,1,139.26,3,At-Risk / Churned,-1.7158433639426927,-0.2824640060927617
14775.0,58,3,1011.9,2,At-Risk / Churned,0.09766558638722522,0.2910518811437029
14776.0,51,11,2538.3,1,Champions,1.5758252391709446,0.9674377635651079
14778.0,127,2,730.86,3,At-Risk / Churned,-0.6127263440194686,0.5533331578580007
14779.0,281,3,386.15,3,At-Risk / Churned,-0.956497521977956,0.9330252498276842
14780.0,55,2,447.68,3,At-Risk / Churned,-0.5290171237814257,-0.14877539676434146
14782.0,320,1,200.10000000000002,3,At-Risk / Churned,-1.9438184993671488,0.5105460849537184
14784.0,26,2,289.99,0,Potential Loyalists,-0.4557394767469522,-0.7688159805553564
14785.0,10,2,77.4,0,Potential Loyalists,-0.7349548327586294,-1.8151904006816797
14788.0,7,2,679.4399999999999,0,Potential Loyalists,0.41216133875840577,-1.231023825645735
14789.0,29,1,197.64,0,Potential Loyalists,-1.0439452589447575,-0.9966960479485057
14790.0,17,4,745.06,0,Potential Loyalists,0.6080551547123599,-0.4871137782240077
14792.0,64,1,6.2,3,At-Risk / Churned,-2.913622455943352,-1.7132499327132746
14793.0,21,1,228.99,0,Potential Loyalists,-0.855890244709972,-1.1400311738823077
14794.0,3,7,1319.91,1,Champions,1.8790285731900116,-1.052314932361805
14795.0,166,1,131.45000000000002,3,At-Risk / Churned,-1.8922884541434577,-0.055655993205016976
14796.0,1,17,8022.49,1,Champions,3.733519728497432,-0.5239327794455849
14798.0,53,3,173.74,3,At-Risk / Churned,-0.702383538425624,-0.404330652662003
14799.0,51,1,157.7,3,At-Risk / Churned,-1.3606509230740924,-0.7296175650506641
14800.0,48,12,4339.74,1,Champions,1.9253608208402782,1.155554216350402
14801.0,61,1,193.14,3,At-Risk / Churned,-1.3322129533352811,-0.5447782864739082
14803.0,162,3,845.55,2,At-Risk / Churned,-0.3757812289306553,0.8700826396958828
14804.0,9,1,353.27,0,Potential Loyalists,-0.3495960633566654,-1.482767228067492
14805.0,15,4,554.65,0,Potential Loyalists,0.5132323585425791,-0.6689800797975798
14806.0,75,1,193.39000000000001,3,At-Risk / Churned,-1.409401192827957,-0.4152258135824581
14808.0,40,8,2741.17,2,At-Risk / Churned,1.4428892073222872,0.7341717467185653
14810.0,41,11,2087.88,1,Champions,1.5647780360629167,0.7609997149204694
14813.0,370,2,155.43,3,At-Risk / Churned,-1.751563609405564,0.6667459077009962
14815.0,37,2,778.5,0,Potential Loyalists,-0.11873905039791369,-0.19369951165696866
14816.0,197,1,271.85,3,At-Risk / Churned,-1.614398833477542,0.3152001518771493
14817.0,200,2,1110.34,2,At-Risk / Churned,-0.5869382041263073,0.991404454724366
14818.0,74,3,657.8,2,At-Risk / Churned,-0.19814634240136,0.28670818889440375
14819.0,64,2,272.07,3,At-Risk / Churned,-0.8216115638945243,-0.23492510473180567
14820.0,21,4,507.29,0,Potential Loyalists,0.3492707136623778,-0.4994830737894194
14821.0,367,1,48.800000000000004,3,At-Risk / Churned,-2.658381133538496,0.08943706737116228
14823.0,180,3,321.43,3,At-Risk / Churned,-0.8738671384441885,0.5853550768934486
14824.0,10,4,1127.71,0,Potential Loyalists,0.9927084978496357,-0.6487415708761963
14825.0,4,12,2226.91,1,Champions,2.4809957865331356,-0.5341311854122656
14828.0,197,3,2139.76,2,At-Risk / Churned,-0.009861753532733504,1.3308927166152178
14829.0,29,4,697.55,2,At-Risk / Churned,0.38163523015804085,-0.18717942016074937
14830.0,53,1,197.13,3,At-Risk / Churned,-1.2697693079041603,-0.6249669474518434
14834.0,18,6,1720.3,2,At-Risk / Churned,1.2884817724272732,-0.019428694706938067
14836.0,10,3,102.44999999999999,0,Potential Loyalists,-0.3431552499787263,-1.6037919621879873
14837.0,90,4,1649.5,2,At-Risk / Churned,0.36563035128028476,0.829137356045809
14840.0,268,1,62.85,3,At-Risk / Churned,-2.4207039970244653,-0.018840494609217075
14841.0,53,6,3295.76,2,At-Risk / Churned,1.197722995426806,0.8792241242459318
14842.0,44,4,2824.69,2,At-Risk / Churned,0.8898620552690121,0.5782557369699128
14844.0,64,4,3189.81,2,At-Risk / Churned,0.8070141186752608,0.8556037486543064
14847.0,149,1,309.4,3,At-Risk / Churned,-1.4471243324313023,0.1860820804082021
14849.0,22,25,7930.54,1,Champions,3.1274163210819186,1.1616478295816695
14850.0,312,1,325.75,3,At-Risk / Churned,-1.7038388546035226,0.6711149971277345
14851.0,23,2,511.35,0,Potential Loyalists,-0.14227916639158864,-0.6377018708031961
14852.0,58,6,2836.69,2,At-Risk / Churned,1.0927287372254686,0.8808212778672442
14853.0,24,2,475.8,0,Potential Loyalists,-0.19200219457207449,-0.6379790217902085
14854.0,78,7,2759.83,2,At-Risk / Churned,1.0889423800137505,1.1072155169734927
14855.0,119,2,645.65,3,At-Risk / Churned,-0.6468047891196874,0.46738633073281505
14856.0,36,3,1311.3799999999999,2,At-Risk / Churned,0.39888572386766985,0.08943385844110485
14857.0,60,2,1173.12,2,At-Risk / Churned,-0.10521146303819355,0.2553778260485233
14859.0,13,4,1353.74,2,At-Risk / Churned,0.9871747889575281,-0.4294417974260405
14860.0,19,1,170.32,0,Potential Loyalists,-0.9592221546784656,-1.307589467186737
14861.0,52,1,125.79,3,At-Risk / Churned,-1.4744547395109988,-0.7992004883054418
14862.0,26,2,841.1999999999999,0,Potential Loyalists,0.0485619447963102,-0.3822301438547106
14863.0,29,1,266.76,0,Potential Loyalists,-0.9022507123241987,-0.8880762770710046
14865.0,7,2,52.2,0,Potential Loyalists,-0.797275917303443,-2.1581505272536807
14866.0,11,12,14389.9,1,Champions,3.0317224346822913,0.6995466295142236
14867.0,186,3,710.28,2,At-Risk / Churned,-0.5108863489484545,0.8938366289908865
14868.0,3,8,2953.59,1,Champions,2.367590148073821,-0.7142112793278901
14869.0,9,2,725.7,0,Potential Loyalists,0.358106145594693,-1.0656215037846142
14870.0,262,1,327.25,3,At-Risk / Churned,-1.635158014084172,0.5624317183042535
14871.0,3,4,522.38,0,Potential Loyalists,1.014569232223859,-1.5696729167823678
14873.0,210,1,519.68,3,At-Risk / Churned,-1.3320475699879037,0.5905889983457547
14875.0,108,2,1465.3200000000002,2,At-Risk / Churned,-0.22156220339904326,0.7042482841660269
14878.0,13,9,1485.54,1,Champions,1.658230192165268,-0.12933475283539766
14880.0,77,3,706.19,2,At-Risk / Churned,-0.1794985911766374,0.33735821493518975
14881.0,20,1,255.4,0,Potential Loyalists,-0.7865308108495057,-1.1299829080426058
14882.0,27,2,589.7,0,Potential Loyalists,-0.13365658598878993,-0.48820418837532326
14883.0,19,6,761.59,2,At-Risk / Churned,0.8825561870307461,-0.28305628471041966
14885.0,132,1,765.3199999999999,3,At-Risk / Churned,-0.9723058592183776,0.4385693941942483
14886.0,253,1,364.8,3,At-Risk / Churned,-1.5704553240533303,0.5797556148640468
14887.0,79,1,1862.0,2,At-Risk / Churned,-0.35651677158729494,0.4394366961668969
14888.0,207,1,369.2,3,At-Risk / Churned,-1.4884356629010513,0.4574317207727192
14889.0,336,1,135.9,3,At-Risk / Churned,-2.14488842712802,0.4014983577036618
14890.0,254,1,125.65,3,At-Risk / Churned,-2.0752762628798367,0.1964137174742812
14891.0,148,2,554.38,3,At-Risk / Churned,-0.8017177476877643,0.5492731524130899
14893.0,10,2,1237.8500000000001,0,Potential Loyalists,0.574814981318401,-0.8111510745367683
14894.0,85,1,655.75,3,At-Risk / Churned,-0.878920484666573,0.10601068353670587
14895.0,8,20,11138.710000000001,1,Champions,3.4539388210972324,0.6082698024037881
14896.0,205,2,468.77000000000004,3,At-Risk / Churned,-1.0049388450161723,0.6937507913159469
14897.0,8,4,1366.38,0,Potential Loyalists,1.1604142158456605,-0.7061911234308064
14898.0,23,6,1303.52,2,At-Risk / Churned,1.0676510604591352,0.0278335861452821
14901.0,11,9,1421.29,1,Champions,1.6961676422465002,-0.2431405899252292
14902.0,26,1,332.66,0,Potential Loyalists,-0.7575779924084032,-0.8748359598884293
14903.0,21,5,2810.63,2,At-Risk / Churned,1.3258688666910197,0.19278402094338665
14904.0,2,2,1025.44,0,Potential Loyalists,0.982041204785876,-1.7033329892195792
14905.0,158,2,616.15,3,At-Risk / Churned,-0.776495164825153,0.6288200137339855
14907.0,3,7,3501.1,1,Champions,2.341719619415378,-0.6976266495258113
14908.0,74,1,277.8,3,At-Risk / Churned,-1.2332094007971526,-0.29243872735807547
14910.0,3,4,434.35,0,Potential Loyalists,0.9271801528797098,-1.636663369145903
14911.0,1,201,143825.06,1,Champions,7.290287519004367,1.4550337522189807
14912.0,17,2,867.85,0,Potential Loyalists,0.21828081279763983,-0.6279677712671574
14913.0,36,4,1227.43,2,At-Risk / Churned,0.569364982029216,0.15112738266908507
14915.0,91,2,307.48,3,At-Risk / Churned,-0.8965005718736216,0.029685479735336084
14916.0,71,4,1268.98,2,At-Risk / Churned,0.33075532496738946,0.5853206886316922
14918.0,116,2,1610.15,2,At-Risk / Churned,-0.20392862349313715,0.7834169960752473
14920.0,213,2,977.77,3,At-Risk / Churned,-0.6711637831184815,0.9849311725926949
14921.0,30,2,1316.07,2,At-Risk / Churned,0.20795900052945568,-0.13198351871042083
14923.0,51,1,749.1,3,At-Risk / Churned,-0.6236082099559564,-0.1646176230260205
14924.0,246,1,310.05,3,At-Risk / Churned,-1.636714405766214,0.503058842942094
14929.0,32,1,223.88,0,Potential Loyalists,-1.0214882172245128,-0.8911345630491107
14930.0,109,3,2372.86,2,At-Risk / Churned,0.2637885690783905,0.99582613425968
14931.0,5,5,1257.68,1,Champions,1.4409650818457824,-0.9233380193558425
14932.0,366,1,363.53,3,At-Risk / Churned,-1.7127358318214785,0.811824665514945
14934.0,82,2,1890.94,2,At-Risk / Churned,0.0035015083986939615,0.6241801369475102
14935.0,297,1,1784.71,3,At-Risk / Churned,-0.8791350654144303,1.2577923463844378
14936.0,34,8,8137.02,1,Champions,2.01954691320297,1.0295607188554983
14937.0,57,3,1621.88,2,At-Risk / Churned,0.3278860700729861,0.45168814798159596
14944.0,30,12,5900.25,1,Champions,2.2460460340122346,0.9770021368240601
14946.0,14,1,100.9,0,Potential Loyalists,-1.095833768904547,-1.6789756425769162
14947.0,72,2,290.82,3,At-Risk / Churned,-0.834451518965775,-0.13717644650124397
14948.0,23,6,1101.97,2,At-Risk / Churned,0.9880105874446204,-0.03321696334818225
14950.0,19,1,371.2,0,Potential Loyalists,-0.5910316721884559,-1.0253431366032644
14951.0,79,1,311.69,3,At-Risk / Churned,-1.2034332961625522,-0.2097899751889001
14952.0,60,11,8099.49,1,Champions,2.0653047983529045,1.490628427637608
14953.0,25,1,289.82,0,Potential Loyalists,-0.8083662981851129,-0.9487519713652899
14954.0,12,1,336.17,0,Potential Loyalists,-0.4733265019110334,-1.334421251965958
14957.0,253,1,58.49,3,At-Risk / Churned,-2.4323421880289966,-0.08094697334538403
14958.0,147,3,499.68,3,At-Risk / Churned,-0.5881188322197892,0.6178250533109507
14959.0,64,4,695.42,2,At-Risk / Churned,0.08473595330031353,0.3019219683460035
14960.0,8,2,221.27,0,Potential Loyalists,-0.16377716665981265,-1.5633476649749596
14961.0,11,9,7044.68,1,Champions,2.4554923665934245,0.33894022791351375
14962.0,271,1,126.7,3,At-Risk / Churned,-2.0960196825851263,0.24033536765177754
14963.0,10,5,1487.8,2,At-Risk / Churned,1.2890270119127638,-0.4779611549140064
14964.0,247,1,206.21,3,At-Risk / Churned,-1.8310241637174438,0.35785066573483765
14965.0,96,2,599.0,3,At-Risk / Churned,-0.6010283579659965,0.3052433410240272
14966.0,15,1,191.32,0,Potential Loyalists,-0.8190856442462249,-1.4070038369244808
14967.0,50,1,463.8,3,At-Risk / Churned,-0.843300106179804,-0.35102768530142436
14968.0,30,1,147.59,0,Potential Loyalists,-1.1942337979204816,-1.081509708629168
14970.0,68,4,1592.06,2,At-Risk / Churned,0.45457402032476507,0.6407872064623781
14971.0,35,3,1116.57,2,At-Risk / Churned,0.3331045134622738,0.013610405022637294
14972.0,128,1,114.77,3,At-Risk / Churned,-1.8575048020546823,-0.26830928391647446
14973.0,107,3,1314.45,2,At-Risk / Churned,-0.009335892786811626,0.7694467453361219
14974.0,37,1,114.39,3,At-Risk / Churned,-1.3920297531925705,-1.0444123285162699
14975.0,57,1,279.94,3,At-Risk / Churned,-1.1313592202832015,-0.4526270823996371
14976.0,57,7,790.86,2,At-Risk / Churned,0.6143716981002751,0.45699287404425126
14978.0,72,5,1931.42,2,At-Risk / Churned,0.6896031843503526,0.8168201848534876
14981.0,246,1,102.12,3,At-Risk / Churned,-2.16062914557178,0.10143788889494985
14984.0,19,2,213.27,0,Potential Loyalists,-0.4862962141102346,-1.0704178145069085
14985.0,198,2,296.75,3,At-Risk / Churned,-1.2081110238151924,0.5059582631274294
14987.0,16,2,326.4,0,Potential Loyalists,-0.22301782852002067,-1.0192393202179992
14988.0,212,1,334.54,3,At-Risk / Churned,-1.54416033800859,0.4367329872230759
14995.0,39,2,233.23000000000002,0,Potential Loyalists,-0.7088953519913065,-0.5985541189251927
14997.0,46,3,546.1999999999999,2,At-Risk / Churned,-0.10764318741096,-0.07710891466211217
14998.0,170,2,429.87,3,At-Risk / Churned,-0.9748008113159851,0.5442467428156431
15000.0,48,1,490.52,3,At-Risk / Churned,-0.8014890202356497,-0.35605865527345054
15002.0,116,4,1641.76,2,At-Risk / Churned,0.2673679111184899,0.9867640215135108
15004.0,147,1,1246.32,3,At-Risk / Churned,-0.7819694668603238,0.6835321763059232
15005.0,16,28,6316.57,1,Champions,3.2337390411803564,0.9291949162417128
15006.0,51,1,502.09,3,At-Risk / Churned,-0.8131550721868523,-0.3099198752093942
15007.0,159,1,156.91,3,At-Risk / Churned,-1.7924934655132607,-0.018846852932829554
15009.0,12,3,1261.78,0,Potential Loyalists,0.7802873936584885,-0.5877383053928011
15010.0,36,1,308.94,0,Potential Loyalists,-0.9129702462237007,-0.7018961189520485
15012.0,54,2,423.04,3,At-Risk / Churned,-0.5489346498801321,-0.18074571384445334
15014.0,43,2,260.17,0,Potential Loyalists,-0.6936535070410536,-0.49852363743195743
15016.0,173,1,170.04,3,At-Risk / Churned,-1.7866440136331194,0.06338996735073123
15017.0,34,1,125.58,3,At-Risk / Churned,-1.3166836489401301,-1.062883195088284
15018.0,39,3,496.21000000000004,0,Potential Loyalists,-0.09148095813374238,-0.21420457066542697
15019.0,267,1,266.0,3,At-Risk / Churned,-1.7403585549417515,0.49924434779856247
15021.0,9,9,1914.82,1,Champions,1.9071892243918753,-0.250376723418342
15022.0,12,4,905.04,0,Potential Loyalists,0.824596409092017,-0.6227639787876855
15023.0,3,11,6802.76,1,Champions,3.023634772020275,-0.30024868779104735
15024.0,10,10,1661.33,1,Champions,1.8896354414149703,-0.20495479427192975
15025.0,33,1,377.01,0,Potential Loyalists,-0.7864443110636606,-0.6832835409005084
15026.0,80,3,469.0,2,At-Risk / Churned,-0.38779886223190213,0.21266289998021365
15027.0,31,4,1066.1499999999999,2,At-Risk / Churned,0.5580531616200911,0.007881573770345478
15028.0,8,4,627.13,0,Potential Loyalists,0.791271610099934,-0.9891673297388549
15030.0,72,2,518.28,3,At-Risk / Churned,-0.5609743931103863,0.07246480970176603
15031.0,4,4,668.14,0,Potential Loyalists,1.0458882285885256,-1.3388247106116848
15032.0,256,3,4959.1,2,At-Risk / Churned,0.2892130462323155,1.8019098549344068
15033.0,5,10,2586.67,1,Champions,2.331250503320485,-0.4282719588384069
15034.0,16,8,4308.61,1,Champions,1.9938265585239665,0.3404714375803579
15035.0,90,1,252.73000000000002,3,At-Risk / Churned,-1.3518127063227645,-0.20411438416734404
15036.0,72,3,465.55,2,At-Risk / Churned,-0.3515586058556927,0.14405203771346667
15038.0,59,6,705.49,2,At-Risk / Churned,0.4264962638277031,0.3856819548427023
15039.0,10,47,19914.44,1,Champions,4.400740527071201,1.2644810023639799
15041.0,170,1,180.35,3,At-Risk / Churned,-1.7522231286532575,0.07365519172397414
15042.0,199,1,135.93,3,At-Risk / Churned,-1.9454081969033457,0.07077202738230476
15043.0,31,1,537.0,0,Potential Loyalists,-0.5957972993494777,-0.5933330826267494
15044.0,19,17,7700.2300000000005,1,Champions,2.8342066623612867,0.9210235346366864
15045.0,152,2,735.66,3,At-Risk / Churned,-0.6777970678354314,0.6688239185057027
15046.0,9,15,5213.7699999999995,1,Champions,2.807514293217651,0.2944751006409423
15047.0,270,1,343.62,3,At-Risk / Churned,-1.6235140134083765,0.5991331813490461
15048.0,65,4,384.05,2,At-Risk / Churned,-0.20229757271987614,0.09604065770509858
15049.0,274,1,121.17000000000002,3,At-Risk / Churned,-2.121218912081263,0.23118580943057748
15050.0,25,3,1782.09,2,At-Risk / Churned,0.6791527416704375,-0.02276273682712436
15051.0,23,3,1391.61,2,At-Risk / Churned,0.5924487257050758,-0.16342250094138727
15052.0,319,1,215.78,3,At-Risk / Churned,-1.9069978481844814,0.5358797884995494
15053.0,5,3,697.79,0,Potential Loyalists,0.7949456419559139,-1.293199155753411
15054.0,12,2,302.1,0,Potential Loyalists,-0.15710525375065248,-1.217375801675208
15057.0,275,2,1489.5,2,At-Risk / Churned,-0.5688091182525022,1.299229445450504
15058.0,25,11,2124.9900000000002,1,Champions,1.7563880966452736,0.4633500251022646
15059.0,41,9,1337.72,2,At-Risk / Churned,1.1887286742254675,0.5290994702586818
15060.0,8,4,303.09,0,Potential Loyalists,0.44703313943269135,-1.2530526005758922
15061.0,4,48,54534.14,1,Champions,5.198698522670343,1.1389525902129851
15062.0,71,4,987.86,2,At-Risk / Churned,0.21202504588932394,0.4943047955203189
15063.0,213,1,370.79999999999995,3,At-Risk / Churned,-1.497255809646142,0.477030545132045
15065.0,38,4,3158.13,2,At-Risk / Churned,0.9974750515602617,0.5281040570671921
15066.0,53,1,893.59,3,At-Risk / Churned,-0.554435966545934,-0.0766089090339103
15067.0,78,3,1744.76,2,At-Risk / Churned,0.2444447725673006,0.6741516795194887
15068.0,46,2,553.36,0,Potential Loyalists,-0.3617022872632896,-0.18291867629434327
15069.0,179,1,1109.53,3,At-Risk / Churned,-0.9118889525018271,0.7653815866250016
15070.0,373,1,106.2,3,At-Risk / Churned,-2.3007443491359383,0.3785843815548277
15071.0,94,2,982.07,2,At-Risk / Churned,-0.35876552596717703,0.4716445748744355
15073.0,10,3,1043.41,0,Potential Loyalists,0.754025053186056,-0.7627188511655573
15074.0,105,1,748.87,3,At-Risk / Churned,-0.895896735979035,0.2868117910618669
15075.0,78,1,773.03,3,At-Risk / Churned,-0.7685093984922315,0.11195292629866047
15076.0,173,1,880.85,3,At-Risk / Churned,-1.0083482948058897,0.6600135119416002
15078.0,7,32,9743.11,1,Champions,3.8442792348634334,0.6585728160689808
15079.0,213,4,895.61,2,At-Risk / Churned,-0.2506923834647496,1.149316821989238
15081.0,22,5,504.8,0,Potential Loyalists,0.4948767800573261,-0.4030314056052229
15083.0,257,1,88.2,3,At-Risk / Churned,-2.2460918762656474,0.07631188862825146
15087.0,282,1,306.94,3,At-Risk / Churned,-1.6934733542810327,0.585666317652218
15088.0,21,2,1160.07,0,Potential Loyalists,0.27918110122403383,-0.3952741275950631
15089.0,10,6,2420.84,1,Champions,1.659354964141161,-0.24173688620043918
15090.0,308,1,381.32,3,At-Risk / Churned,-1.6243924523044617,0.7200946059840099
15091.0,68,1,480.71,3,At-Risk / Churned,-0.9418496835336186,-0.1463785023358589
15092.0,215,2,457.81,3,At-Risk / Churned,-1.0342544673856002,0.7152169521283925
15093.0,18,6,4597.02,1,Champions,1.7547337547968742,0.33798931963475676
15095.0,104,4,1370.6,2,At-Risk / Churned,0.22311237930414363,0.852531686764651
15096.0,43,1,219.39000000000001,3,At-Risk / Churned,-1.140987365252894,-0.7160769901268663
15097.0,4,1,248.08,0,Potential Loyalists,-0.2519032243983091,-2.0503812111071555
15098.0,182,3,39916.5,2,At-Risk / Churned,1.4085656768022217,2.34520163483116
15099.0,84,1,410.48,3,At-Risk / Churned,-1.096316514900734,-0.0714815784815997
15100.0,334,3,876.0,3,At-Risk / Churned,-0.6342828796437627,1.3396676840867974
15101.0,9,2,317.53,0,Potential Loyalists,-0.03328854579061895,-1.3656556456403925
15103.0,31,2,703.36,0,Potential Loyalists,-0.10117218568325191,-0.3395273443991752
15104.0,197,2,1027.44,3,At-Risk / Churned,-0.6179794852985112,0.9536697750627624
15105.0,18,7,2298.93,1,Champions,1.546789574965362,0.13729862126148618
15106.0,18,5,1422.52,2,At-Risk / Churned,1.058905513221364,-0.14775596236185773
15107.0,311,6,319.5,3,At-Risk / Churned,-0.5785714244135989,1.143421245403084
15108.0,142,4,1300.25,2,At-Risk / Churned,0.08009651724442661,1.029214978274402
15109.0,246,1,484.95,3,At-Risk / Churned,-1.4249998449949328,0.6653543414695638
15110.0,24,4,996.1,2,At-Risk / Churned,0.620164073238306,-0.1733291219493563
15111.0,29,3,1567.48,2,At-Risk / Churned,0.5636165723185007,0.02131522137634679
15113.0,10,3,3609.33,2,At-Risk / Churned,1.342612554963108,-0.3115212496404452
15114.0,30,10,2760.56,1,Champions,1.7345876922684351,0.636580066010927
15115.0,18,1,340.11,0,Potential Loyalists,-0.6128234669169298,-1.089593823763923
15116.0,18,4,1352.75,2,At-Risk / Churned,0.8701359225249276,-0.23609185457328644
15117.0,15,5,1551.78,2,At-Risk / Churned,1.1658164552240877,-0.22509468641395608
15118.0,134,1,244.8,3,At-Risk / Churned,-1.517593725610639,0.03439941651746
15119.0,246,1,266.4,3,At-Risk / Churned,-1.70846782574598,0.4480543263691994
15120.0,134,1,358.82,3,At-Risk / Churned,-1.3367553982208367,0.17302590677718405
15121.0,50,2,457.72,0,Potential Loyalists,-0.48277761146381676,-0.20002192132730046
15122.0,114,3,1633.78,2,At-Risk / Churned,0.06979704048004542,0.8883206413878051
15123.0,7,2,2199.31,0,Potential Loyalists,0.9690816531177324,-0.8041015595070954
15124.0,23,2,184.19,0,Potential Loyalists,-0.6251776792845869,-1.0078807314475984
15125.0,25,15,11528.48,1,Champions,2.81889724038387,1.1888989413258626
15127.0,66,1,406.53,3,At-Risk / Churned,-1.009965424046447,-0.22585924619813003
15128.0,60,4,1471.0,2,At-Risk / Churned,0.4641588048489027,0.5339059130840934
15129.0,50,11,3447.4,1,Champions,1.7284632076083621,1.066447186759795
15130.0,170,1,330.11,3,At-Risk / Churned,-1.4665430067588012,0.2926509831959531
15132.0,18,5,977.9300000000001,2,At-Risk / Churned,0.8812265851037784,-0.28396053001945304
15133.0,128,3,982.42,2,At-Risk / Churned,-0.21527220028783084,0.7762797983028394
15134.0,15,8,1387.99,1,Champions,1.479690874663647,-0.10984826088473792
15135.0,239,1,139.05,3,At-Risk / Churned,-2.00438552978714,0.19456177505409117
15136.0,3,4,1286.7,0,Potential Loyalists,1.4417951276058234,-1.2421714004848357
15139.0,240,2,178.96,3,At-Risk / Churned,-1.5202211312955027,0.44420277953752346
15140.0,52,7,2354.25,2,At-Risk / Churned,1.1660710602603508,0.7963485833850732
15142.0,46,1,498.74,3,At-Risk / Churned,-0.7776948007044597,-0.37644647705958434
15143.0,226,1,259.45,3,At-Risk / Churned,-1.6886991385260144,0.38493963002005666
15144.0,8,17,6580.44,1,Champions,3.0647692476507715,0.35760198149659084
15145.0,4,4,1194.73,0,Potential Loyalists,1.3213644677300485,-1.1276509802783927
15146.0,165,2,1327.16,2,At-Risk / Churned,-0.4292570464238658,0.9349404713881446
15147.0,240,1,623.5,3,At-Risk / Churned,-1.2965681213737357,0.741012481855982
15148.0,11,1,301.29,0,Potential Loyalists,-0.49456008166544085,-1.4248928899307551
15149.0,134,1,520.8000000000001,3,At-Risk / Churned,-1.1603801833756056,0.3082310779138086
15150.0,17,10,5314.47,1,Champions,2.2530505933988487,0.5301250505494105
15152.0,10,13,4745.69,1,Champions,2.605677518289252,0.2693836065316535
15153.0,31,1,329.25,0,Potential Loyalists,-0.8273742382331449,-0.7708546220365622
15154.0,75,1,296.42,3,At-Risk / Churned,-1.2075917033096815,-0.2605233141907129
15156.0,1,3,961.49,0,Potential Loyalists,1.3666790139066327,-1.8732647978125097
15157.0,4,3,1936.07,0,Potential Loyalists,1.3484407164041454,-1.037903010109702
15158.0,45,1,401.40000000000003,3,At-Risk / Churned,-0.8722806809380665,-0.4688887063451936
15159.0,2,30,18641.010000000002,1,Champions,4.470374754486114,0.24868743723567618
15160.0,357,1,158.16,3,At-Risk / Churned,-2.0964944916534707,0.49462936413815434
15163.0,18,2,304.47,0,Potential Loyalists,-0.2984191932723069,-0.9739412242236005
15164.0,69,3,843.05,2,At-Risk / Churned,-0.05419715794982846,0.33310433830422825
15165.0,373,1,487.75,3,At-Risk / Churned,-1.5808019816404215,0.9304755930901538
15167.0,321,1,163.0,3,At-Risk / Churned,-2.041781660615347,0.43833294776513887
15168.0,26,1,106.56,0,Potential Loyalists,-1.2947860419726005,-1.2866472585509718
15171.0,331,1,1289.5,3,At-Risk / Churned,-1.0745420500339984,1.2081453967407056
15172.0,9,5,1624.05,1,Champions,1.3670009055822416,-0.5065346014504485
15174.0,323,1,135.75,3,At-Risk / Churned,-2.1303763385994694,0.3761578712932016
15175.0,72,1,224.14,3,At-Risk / Churned,-1.3243235590669014,-0.3873385881761047
15178.0,260,1,40.5,3,At-Risk / Churned,-2.613617422783548,-0.19470857515653378
15179.0,18,5,2206.95,2,At-Risk / Churned,1.2671938107139749,0.011913041772064405
15180.0,367,1,87.5,3,At-Risk / Churned,-2.3855296790417544,0.2985986983434085
15181.0,66,3,689.4799999999999,2,At-Risk / Churned,-0.13275763426867532,0.2322794624836559
15182.0,154,2,622.85,3,At-Risk / Churned,-0.7616351839942915,0.616593851397143
15184.0,29,2,406.76,0,Potential Loyalists,-0.3358965346826255,-0.5792846930216867
15185.0,70,1,310.62,3,At-Risk / Churned,-1.159455300672487,-0.2867042618452987
15186.0,14,2,411.41,0,Potential Loyalists,-0.06565134427936568,-1.0146240238228983
15187.0,2,16,4777.18,1,Champions,3.280922570894144,-0.4773707776997733
15189.0,1,41,16225.39,1,Champions,4.834156581166233,0.0578208979975761
15192.0,120,3,1044.32,2,At-Risk / Churned,-0.16184170813207263,0.7578942167933307
15193.0,61,1,499.32,3,At-Risk / Churned,-0.8829861363428295,-0.20041137117958627
15194.0,3,15,7616.53,1,Champions,3.3374741651131212,-0.14861273235219719
15195.0,3,1,3861.0,0,Potential Loyalists,1.1341421190060148,-1.1947106096915536
15197.0,11,3,1079.6100000000001,0,Potential Loyalists,0.7369454824700811,-0.6951576802473999
15198.0,92,2,193.64,3,At-Risk / Churned,-1.1191572940478582,-0.13097700021940784
15199.0,59,4,1268.7,2,At-Risk / Churned,0.40031912226823385,0.46964628037704015
15201.0,87,5,1236.54,2,At-Risk / Churned,0.4067187331886806,0.7731908509241433
15203.0,26,6,1827.8,2,At-Risk / Churned,1.1829535476807382,0.2253991464606032
15204.0,357,1,316.58,3,At-Risk / Churned,-1.7686766580001296,0.7459269534260289
15205.0,85,2,653.24,3,At-Risk / Churned,-0.5139667715972703,0.26041331728263706
15206.0,10,4,420.29999999999995,0,Potential Loyalists,0.5250616018087367,-1.007228893860912
15208.0,1,5,870.12,0,Potential Loyalists,1.6861178594177018,-1.7537528116151684
15210.0,225,1,331.18,3,At-Risk / Churned,-1.5715739209122863,0.47063268081550264
15211.0,60,2,894.4100000000001,2,At-Risk / Churned,-0.2338067593109286,0.1567996383185925
15212.0,241,1,101.8,3,At-Risk / Churned,-2.1542894457958845,0.08734134987937936
15213.0,319,2,328.35,3,At-Risk / Churned,-1.3417586883247932,0.8438166256381266
15214.0,2,8,1661.44,1,Champions,2.2046265504129368,-1.105798277340559
15215.0,47,3,734.94,2,At-Risk / Churned,0.024932739189616592,0.04403589490227094
15216.0,88,1,96.6,3,At-Risk / Churned,-1.796687904930274,-0.5657448742233447
15218.0,11,11,5756.89,1,Champions,2.5246328783743337,0.3355712277913816
15219.0,176,1,305.75,3,At-Risk / Churned,-1.5159835833713167,0.28671745499373164
15220.0,52,6,1778.96,2,At-Risk / Churned,0.9123865914437356,0.6431654083980337
15221.0,366,1,403.25,3,At-Risk / Churned,-1.6636572662534752,0.8494471617516455
15222.0,319,1,585.0,3,At-Risk / Churned,-1.4351032618942765,0.897623292845103
15223.0,226,2,755.75,3,At-Risk / Churned,-0.8157793624946058,0.9287373300436118
15224.0,358,2,322.08,3,At-Risk / Churned,-1.3948238925453782,0.909736992602924
15225.0,234,1,409.40000000000003,3,At-Risk / Churned,-1.4861530008592263,0.5723117148687816
15226.0,311,1,154.41,3,At-Risk / Churned,-2.0552562384869946,0.3987603393585203
15227.0,37,5,1219.4,2,At-Risk / Churned,0.7209846903924645,0.23570478974043008
15228.0,66,4,3386.71,2,At-Risk / Churned,0.8238487156729578,0.8965998811567061
15230.0,239,2,429.6,3,At-Risk / Churned,-1.1046270111393057,0.7589334360603721
15232.0,113,2,612.06,3,At-Risk / Churned,-0.6525174754027778,0.41546151719895924
15234.0,277,1,197.0,3,At-Risk / Churned,-1.896234239197451,0.41371114000967124
15235.0,218,12,2247.51,2,At-Risk / Churned,1.041095481632336,1.8655530256869914
15236.0,299,1,321.05,3,At-Risk / Churned,-1.6945044282995765,0.6389492652356757
15237.0,2,4,1412.32,0,Potential Loyalists,1.595895265848468,-1.3907046524727513
15238.0,29,3,1071.99,2,At-Risk / Churned,0.3834558117534492,-0.11679186178540535
15239.0,10,2,780.59,0,Potential Loyalists,0.35624034271513044,-0.9787053504842886
15240.0,45,5,1706.57,2,At-Risk / Churned,0.807371610215113,0.47902298250862774
15241.0,67,8,1756.44,2,At-Risk / Churned,1.038445542985447,0.8931045091538963
15243.0,74,1,316.68,3,At-Risk / Churned,-1.1712589617818163,-0.24494894986066731
15244.0,65,2,631.57,2,At-Risk / Churned,-0.4288067829459751,0.08034194846967502
15245.0,134,3,2515.84,2,At-Risk / Churned,0.21328686128974492,1.146943999238438
15246.0,238,2,514.15,3,At-Risk / Churned,-1.0179576693468853,0.8215018522367471
15247.0,122,1,356.0,3,At-Risk / Churned,-1.304917526050686,0.11114322279304262
15249.0,32,13,6688.46,1,Champions,2.3486834569477786,1.0907211438039635
15251.0,9,11,10484.99,1,Champions,2.8787700463085084,0.4380442010220933
15252.0,36,2,740.78,0,Potential Loyalists,-0.1320855265439997,-0.22865037009419867
15253.0,16,5,918.1999999999999,2,At-Risk / Churned,0.893852962115879,-0.37738048354331866
15254.0,127,1,300.36,3,At-Risk / Churned,-1.4005438720192434,0.074772878065657
15255.0,67,1,890.85,3,At-Risk / Churned,-0.643978972790489,0.06843016091733742
15256.0,149,1,98.45,3,At-Risk / Churned,-1.9872427516022682,-0.22796024045946864
15257.0,283,1,317.15,3,At-Risk / Churned,-1.6793428437891953,0.5997680598708509
15258.0,169,2,623.16,3,At-Risk / Churned,-0.7966969902713879,0.6753404333530078
15260.0,100,7,1810.77,2,At-Risk / Churned,0.7951795210410432,1.1097465171726804
15261.0,135,1,254.82,3,At-Risk / Churned,-1.5014533585115293,0.05361313659216084
15262.0,324,1,178.95000000000002,3,At-Risk / Churned,-2.001282501845726,0.477974736242009
15263.0,107,1,156.51,3,At-Risk / Churned,-1.6435082004944028,-0.26896350138949704
15264.0,64,1,393.74,3,At-Risk / Churned,-1.013516781918852,-0.25667275400034284
15265.0,151,2,1506.1200000000001,2,At-Risk / Churned,-0.33560561245900206,0.9250617041510409
15266.0,338,1,119.3,3,At-Risk / Churned,-2.208488823796802,0.358228605006423
15267.0,22,5,1717.36,2,At-Risk / Churned,1.0752250546506938,0.04185019442057955
15269.0,24,1,408.8,0,Potential Loyalists,-0.6306307395672017,-0.8488590821844025
15270.0,16,7,2379.49,1,Champions,1.6056280571772363,0.07930380157857331
15271.0,7,15,2507.07,1,Champions,2.545431090418093,-0.11327162299215854
15272.0,57,2,721.94,2,At-Risk / Churned,-0.3160654634018101,0.04699584064101043
15274.0,4,2,716.57,0,Potential Loyalists,0.6169708269034675,-1.5096848703359282
15275.0,38,1,615.14,0,Potential Loyalists,-0.6070358588130634,-0.4185765041601843
15276.0,66,1,135.31,3,At-Risk / Churned,-1.5296674995619381,-0.6242508689768156
15277.0,47,1,255.89999999999998,3,At-Risk / Churned,-1.1014954748368708,-0.605149442076228
15279.0,355,1,290.51,3,At-Risk / Churned,-1.8071823987556892,0.7112164085731462
15280.0,172,1,113.12,3,At-Risk / Churned,-1.9764605315249621,-0.08746158191159926
15281.0,59,9,2332.15,2,At-Risk / Churned,1.3160430648569894,0.957310583326156
15286.0,50,1,240.55,3,At-Risk / Churned,-1.1538975302261691,-0.5891245058191685
15287.0,22,2,486.69,0,Potential Loyalists,-0.1494242042344205,-0.682629129816741
15288.0,43,5,2306.52,2,At-Risk / Churned,0.9672407673794617,0.5603710525625099
15289.0,29,3,939.78,2,At-Risk / Churned,0.32105684432883014,-0.1646254708148681
15290.0,5,18,7943.22,1,Champions,3.3579155844328588,0.18976439939436524
15291.0,26,15,4668.3,1,Champions,2.3755451218094032,0.8840183021590885
15292.0,201,1,180.94,3,At-Risk / Churned,-1.8143443121664218,0.1804658977469852
15296.0,51,6,3672.86,2,At-Risk / Churned,1.2635376479885947,0.8946932508738066
15297.0,10,3,641.94,0,Potential Loyalists,0.5238017773785986,-0.9392027036869889
15298.0,2,12,4799.9,1,Champions,3.0405105759252415,-0.5787227038104219
15299.0,67,7,4507.01,2,At-Risk / Churned,1.3789131622250836,1.1905155125703013
15300.0,64,1,496.44,3,At-Risk / Churned,-0.9037817987433209,-0.1725524472274127
15301.0,51,12,5070.35,1,Champions,1.9764736768132831,1.249817859066567
15303.0,290,1,574.02,3,At-Risk / Churned,-1.4077786810949406,0.8305128736656727
15304.0,61,8,694.4000000000001,2,At-Risk / Churned,0.6337896690427403,0.4972804968000751
15306.0,64,3,1174.35,2,At-Risk / Churned,0.1312437661269971,0.4065657273533256
15307.0,96,1,205.3,3,At-Risk / Churned,-1.474411370536617,-0.23890946544470404
15308.0,274,1,310.47,3,At-Risk / Churned,-1.6771070256308198,0.5716317369608817
15311.0,1,91,60767.9,1,Champions,6.170039549438297,0.8394425926119548
15312.0,75,4,924.85,2,At-Risk / Churned,0.1601213577728344,0.5046334781429289
15313.0,110,1,52.0,3,At-Risk / Churned,-2.170839455672871,-0.6478063823701115
15314.0,199,1,327.97,3,At-Risk / Churned,-1.5294802415422628,0.3896128034768835
15315.0,64,2,570.5,3,At-Risk / Churned,-0.4711505838957904,0.033730198220014655
15316.0,327,1,165.0,3,At-Risk / Churned,-2.0430843515064088,0.45444748525578166
15318.0,4,1,312.62,0,Potential Loyalists,-0.14256670503620766,-1.966566357501972
15319.0,284,1,204.5,3,At-Risk / Churned,-1.8880940656936365,0.4430023148620373
15320.0,44,1,267.13,3,At-Risk / Churned,-1.0565311389542469,-0.6305038966320713
15321.0,71,3,2748.31,2,At-Risk / Churned,0.49541297763118375,0.7805353894176473
15322.0,86,1,679.68,3,At-Risk / Churned,-0.8663550337804742,0.12635921055140992
15325.0,104,1,162.29,3,At-Risk / Churned,-1.6156419273658011,-0.27371445861637067
15326.0,334,1,311.71,3,At-Risk / Churned,-1.7506362792514254,0.6982054674393623
15327.0,53,1,208.75,3,At-Risk / Churned,-1.2427241783922458,-0.6042347750358991
15329.0,39,3,1049.7,2,At-Risk / Churned,0.2635654988256762,0.05796585314822453
15330.0,32,2,714.96,0,Potential Loyalists,-0.10517922037262241,-0.3140756872324272
15332.0,366,4,1661.06,2,At-Risk / Churned,-0.1639227087247328,1.7158085878337912
15333.0,208,1,1028.56,3,At-Risk / Churned,-1.0048938557132663,0.8325494606128238
15334.0,157,3,351.67,3,At-Risk / Churned,-0.7793960137132142,0.5318020102092103
15335.0,54,1,173.97,3,At-Risk / Churned,-1.3357696941386492,-0.6585528442643512
15339.0,66,2,574.07,3,At-Risk / Churned,-0.4797757535510169,0.05520946090355887
15341.0,81,1,2020.52,2,At-Risk / Churned,-0.3272010200653121,0.4847979460432665
15342.0,130,1,406.09,3,At-Risk / Churned,-1.2666902679193068,0.1988563440358985
15343.0,87,1,364.5,3,At-Risk / Churned,-1.1658000663303527,-0.09259477456204768
15344.0,1,3,563.94,0,Potential Loyalists,1.113845049825109,-2.06708148238914
15345.0,46,1,393.54,3,At-Risk / Churned,-0.8898593094962828,-0.46242920212648975
15346.0,333,1,252.42000000000002,3,At-Risk / Churned,-1.849254390873368,0.6198359868424463
15347.0,366,1,201.60000000000002,3,At-Risk / Churned,-1.9914656742765473,0.598156797934508
15348.0,72,1,158.04,3,At-Risk / Churned,-1.4892559535064143,-0.5137719571488119
15349.0,158,2,473.81,3,At-Risk / Churned,-0.900916875964156,0.5334412000927251
15350.0,373,1,115.65,3,At-Risk / Churned,-2.2606548418086825,0.4093160731007226
15351.0,12,7,1960.1100000000001,1,Champions,1.6161739226751244,-0.16127552202565162
15353.0,255,2,777.02,3,At-Risk / Churned,-0.8485667247557008,1.0150464221114568
15355.0,29,2,277.05,0,Potential Loyalists,-0.5175852768823901,-0.718563091657647
15356.0,31,10,2766.5,1,Champions,1.7234755363422987,0.6574907543377864
15358.0,5,22,8347.2,1,Champions,3.554275591947394,0.28121863446054035
15360.0,40,1,427.93,0,Potential Loyalists,-0.7980129045909572,-0.5186186439447853
15361.0,362,1,418.92,3,At-Risk / Churned,-1.6414227357276254,0.8563333357870032
15363.0,373,1,326.0,3,At-Risk / Churned,-1.7715131095739323,0.7842808416760425
15364.0,96,2,913.19,2,At-Risk / Churned,-0.401197705329829,0.45842890970908745
15365.0,26,7,2314.32,2,At-Risk / Churned,1.4156787308641041,0.36251541656289715
15366.0,75,2,602.51,3,At-Risk / Churned,-0.5050320602515042,0.15268023770542097
15367.0,57,4,1877.59,2,At-Risk / Churned,0.5991680873596026,0.5906547420709427
15368.0,21,1,446.94000000000005,0,Potential Loyalists,-0.5395543929492748,-0.8975354070508639
15370.0,41,7,2386.05,2,At-Risk / Churned,1.2613245126746604,0.653741707918479
15372.0,137,1,2007.3999999999999,2,At-Risk / Churned,-0.5291966826335938,0.8124548290542256
15373.0,8,12,2415.91,1,Champions,2.2950310714399595,-0.13184683903536948
15374.0,129,1,168.0,3,At-Risk / Churned,-1.680942329027818,-0.1258027226277554
15376.0,40,3,1233.3600000000001,2,At-Risk / Churned,0.33057561416980924,0.13222273280983385
15379.0,169,7,3703.29,2,At-Risk / Churned,0.9355999636499658,1.7000246865947042
15380.0,9,5,1690.2600000000002,1,Champions,1.3859515505215547,-0.4920074741870312
15381.0,214,2,596.85,3,At-Risk / Churned,-0.9068702446732516,0.8085654240402007
15382.0,15,6,5955.71,1,Champions,1.9432543591309366,0.3232106801818079
15384.0,170,2,642.41,3,At-Risk / Churned,-0.7845239791688939,0.6901085730980732
15385.0,40,1,316.88,0,Potential Loyalists,-0.9401928367673884,-0.6276105001927088
15386.0,186,1,394.14,3,At-Risk / Churned,-1.4168288999511116,0.4136705151978448
15388.0,270,1,140.54,3,At-Risk / Churned,-2.0457833080693635,0.2754312808270284
15389.0,172,1,500.0,3,At-Risk / Churned,-1.2744552313037691,0.4506794876174238
15392.0,5,4,1535.53,0,Potential Loyalists,1.3706949404372961,-0.9208349672482968
15393.0,16,2,231.86,0,Potential Loyalists,-0.3847132152411474,-1.1431912737439895
15394.0,10,4,2183.54,2,At-Risk / Churned,1.306057832018467,-0.4085351995387005
15395.0,326,1,107.45,3,At-Risk / Churned,-2.24392623792434,0.29765638701667607
15396.0,113,1,288.18,3,At-Risk / Churned,-1.3758599037020405,-0.013673638452738515
15397.0,290,1,94.0,3,At-Risk / Churned,-2.2621913540736074,0.17553982786243477
15398.0,16,2,1345.53,0,Potential Loyalists,0.44802312201443667,-0.5048348068836948
15399.0,1,3,815.77,0,Potential Loyalists,1.2887765125229003,-1.9329830583447574
15400.0,92,5,716.2,2,At-Risk / Churned,0.12673088457625242,0.6097835899576188
15402.0,149,2,626.77,3,At-Risk / Churned,-0.7461331494212301,0.598083287012164
15405.0,189,1,349.1,3,At-Risk / Churned,-1.4803392768895327,0.3797375334049831
15406.0,31,2,510.71000000000004,0,Potential Loyalists,-0.25280092999579085,-0.4557624420686402
15407.0,34,4,1056.44,2,At-Risk / Churned,0.5194731472584336,0.06137175868386878
15408.0,264,1,267.18,3,At-Risk / Churned,-1.7339644152484737,0.4937112862486872
15410.0,84,8,3450.84,2,At-Risk / Churned,1.2735124352594462,1.2801411523412063
15411.0,26,4,1358.88,2,At-Risk / Churned,0.7380042227274192,-0.011657623699867857
15412.0,171,1,190.53,3,At-Risk / Churned,-1.7285342483540695,0.09721943073627703
15414.0,10,3,774.9000000000001,0,Potential Loyalists,0.6130010950100366,-0.8708245644103818
15415.0,313,1,572.8100000000001,3,At-Risk / Churned,-1.4378459278324673,0.8779757750454106
15416.0,65,4,3984.32,2,At-Risk / Churned,0.9066894748947171,0.9461645466687708
15417.0,85,1,508.8,3,At-Risk / Churned,-0.999112932656829,0.013873925466064802
15419.0,25,1,135.86,0,Potential Loyalists,-1.166044807378929,-1.2229400657065408
15421.0,59,4,950.36,2,At-Risk / Churned,0.2633478666738966,0.3646472754449623
15422.0,323,2,97.7,3,At-Risk / Churned,-1.9183367852445923,0.4133400375741088
15423.0,38,1,43.5,3,At-Risk / Churned,-1.8541054919237252,-1.3745513179228195
15424.0,254,2,383.34,3,At-Risk / Churned,-1.181724599949908,0.7560273460648617
15426.0,19,5,1447.39,2,At-Risk / Churned,1.0475242973720607,-0.10893493988634857
15427.0,33,3,1483.14,2,At-Risk / Churned,0.4895611814942095,0.08056428740213922
15428.0,15,1,93.78,0,Potential Loyalists,-1.1548673371435567,-1.6644063370011906
15429.0,27,2,397.35,0,Potential Loyalists,-0.3206123986054076,-0.6315202016938463
15432.0,23,1,171.19,0,Potential Loyalists,-1.026486896094259,-1.1901526557244477
15433.0,214,2,533.3,3,At-Risk / Churned,-0.9601995773873386,0.7676843877645696
15434.0,8,5,1041.48,0,Potential Loyalists,1.1965980980342086,-0.7348239155660716
15435.0,22,1,149.29,0,Potential Loyalists,-1.074775847673087,-1.2666198899141377
15436.0,12,3,1122.53,0,Potential Loyalists,0.7248427199310566,-0.6302409132932922
15437.0,262,1,200.16,3,At-Risk / Churned,-1.867525662791594,0.38430403898337695
15438.0,131,1,156.57999999999998,3,At-Risk / Churned,-1.7199773333529307,-0.1415740872831323
15440.0,55,3,383.68,2,At-Risk / Churned,-0.34181908011391693,-0.09421977847519127
15442.0,249,1,594.0,3,At-Risk / Churned,-1.3335407963530643,0.7466552483076846
15443.0,2,7,3236.91,1,Champions,2.4144282625613873,-0.9085527441433605
15444.0,9,2,1418.26,0,Potential Loyalists,0.6757487160736172,-0.8221240365267225
15445.0,264,1,113.5,3,At-Risk / Churned,-2.1378329577279462,0.18411497788669823
15447.0,331,1,155.17,3,At-Risk / Churned,-2.0766829831656026,0.43992727444970525
15448.0,313,1,494.64,3,At-Risk / Churned,-1.5073407855522774,0.8247026202012488
15449.0,26,3,974.52,2,At-Risk / Churned,0.37852430183807784,-0.21823469617168983
15450.0,30,1,429.84,0,Potential Loyalists,-0.6890699844653907,-0.6942627821822791
15452.0,30,3,538.73,0,Potential Loyalists,0.0448567381153262,-0.345960034454617
15453.0,2,7,1388.37,1,Champions,2.012935202402147,-1.2163280625554813
15454.0,362,1,179.1,3,At-Risk / Churned,-2.0431408732215837,0.5483854782820954
15456.0,283,3,447.22,3,At-Risk / Churned,-0.8896920105182361,0.9907876254287376
15457.0,262,1,237.07,3,At-Risk / Churned,-1.787583613071055,0.4455857702230101
15458.0,25,1,161.64,0,Potential Loyalists,-1.0841493234472654,-1.1601608768618186
15460.0,354,1,216.76,3,At-Risk / Churned,-1.944520119379348,0.603329063436567
15462.0,94,3,234.6,3,At-Risk / Churned,-0.7764313804326758,0.06252548165039756
15463.0,29,1,126.14,0,Potential Loyalists,-1.255685080471754,-1.1590109107886004
15464.0,338,1,1048.85,3,At-Risk / Churned,-1.1804506000434316,1.1462989928981386
15465.0,20,18,7354.62,1,Champions,2.8426820744511807,0.9560293435130998
15466.0,85,1,334.53,3,At-Risk / Churned,-1.1976141049922444,-0.13829249428844018
15467.0,9,3,524.88,0,Potential Loyalists,0.4648503862778828,-1.07273991498216
15468.0,51,2,467.51,0,Potential Loyalists,-0.48017666415403987,-0.18002877270892778
15469.0,50,2,538.55,0,Potential Loyalists,-0.40576281344441295,-0.14098415371690645
15471.0,2,1,469.48,0,Potential Loyalists,0.24508682247396604,-2.1429027548214266
15472.0,113,1,371.56,3,At-Risk / Churned,-1.2556371659590457,0.07848633904363841
15473.0,14,7,1771.2,1,Champions,1.5134273557193538,-0.10739334965149651
15475.0,77,1,454.10999999999996,3,At-Risk / Churned,-1.0156533381478832,-0.08931017812880285
15478.0,40,2,1441.42,2,At-Risk / Churned,0.14426567256022757,0.07834791307185307
15480.0,116,1,905.5,3,At-Risk / Churned,-0.843610130235564,0.4184143730272118
15482.0,16,12,11054.96,1,Champions,2.7735281817637762,0.8244788775250308
15483.0,161,4,233.81,3,At-Risk / Churned,-0.7801207565212313,0.48542910308556625
15484.0,1,4,3594.31,1,Champions,2.193898481684471,-1.3081293783534418
15485.0,30,3,2575.0,2,At-Risk / Churned,0.7865181761216602,0.22258051552613764
15488.0,93,1,91.32000000000001,3,At-Risk / Churned,-1.843965933365764,-0.5513222711365141
15489.0,23,3,1134.28,2,At-Risk / Churned,0.49550114700250364,-0.23774027842086323
15491.0,95,6,3100.09,2,At-Risk / Churned,0.9488306256933573,1.2217547014430135
15492.0,28,2,659.4599999999999,0,Potential Loyalists,-0.0940941501833227,-0.4253491308445956
15493.0,33,5,2001.8,2,At-Risk / Churned,0.9985550548248402,0.3453847853347642
15494.0,21,2,1299.23,0,Potential Loyalists,0.3328980198582051,-0.3540959768937961
15497.0,18,2,1262.2,0,Potential Loyalists,0.37520719304738326,-0.4575547754562937
15498.0,3,27,13316.4,1,Champions,4.108768871323754,0.26962093653452307
15500.0,8,4,1131.56,0,Potential Loyalists,1.0710043451678029,-0.7747306678158324
15502.0,16,12,10384.93,1,Champions,2.7438614012714604,0.801737007942868
15503.0,363,1,147.09,3,At-Risk / Churned,-2.1370547309773302,0.478943313109206
15504.0,81,1,52.83,3,At-Risk / Churned,-2.0477559995700907,-0.8341398120654661
15505.0,53,5,3610.96,2,At-Risk / Churned,1.1016131480348297,0.8532091291295815
15506.0,23,3,979.26,2,At-Risk / Churned,0.42583152836877775,-0.2911474009503073
15507.0,172,1,492.36,3,At-Risk / Churned,-1.281747389358592,0.44508948746562926
15508.0,189,6,1000.27,2,At-Risk / Churned,0.15151365614303966,1.2433467400780285
15510.0,331,1,250.0,3,At-Risk / Churned,-1.85151265671415,0.6125376525545487
15511.0,12,5,909.23,0,Potential Loyalists,0.9917081022417519,-0.5510305312385118
15512.0,156,2,121.0,3,At-Risk / Churned,-1.540921840312591,0.031094634354251215
15513.0,33,19,14758.220000000001,1,Champions,3.0354285469623687,1.5345584443836726
15514.0,12,11,4139.46,1,Champions,2.337562585301731,0.266361921930193
15516.0,45,3,62.43,3,At-Risk / Churned,-1.1219890150682936,-0.8746179029317439
15517.0,233,1,267.03,3,At-Risk / Churned,-1.6866910441673268,0.4146310521519622
15518.0,64,8,1942.45,2,At-Risk / Churned,1.1034281709521923,0.9010949379430261
15520.0,2,1,343.5,0,Potential Loyalists,0.0971936951505725,-2.2562742146789603
15521.0,40,8,3000.2,2,At-Risk / Churned,1.4857219423365708,0.7670063333294884
15522.0,33,2,398.84,0,Potential Loyalists,-0.3930313440567853,-0.5070646995744666
15523.0,84,1,412.01000000000005,3,At-Risk / Churned,-1.094555332443503,-0.07013149663624692
15524.0,25,1,440.0,0,Potential Loyalists,-0.6107984234615452,-0.797300996031034
15525.0,2,3,825.92,0,Potential Loyalists,1.1397015099874748,-1.6714203198718471
15526.0,33,2,148.44,0,Potential Loyalists,-0.8600537502468049,-0.8650733030450187
15527.0,19,8,2429.78,1,Champions,1.6599898918606877,0.23520459263537152
15528.0,254,1,229.33,3,At-Risk / Churned,-1.7914639534755394,0.4139776869773704
15529.0,23,11,3995.23,1,Champions,2.0864592014715275,0.6421804545595013
15530.0,22,4,1502.35,2,At-Risk / Churned,0.846869680570412,-0.07683124618145899
15531.0,8,2,2007.44,0,Potential Loyalists,0.8807780705237829,-0.7626157155965059
15532.0,25,4,1580.93,2,At-Risk / Churned,0.8241984475301386,0.019434012898833352
15533.0,19,3,807.57,0,Potential Loyalists,0.4041280584979387,-0.4767851908963586
15535.0,173,4,536.4,2,At-Risk / Churned,-0.41452808088367094,0.831921899540291
15537.0,163,1,110.92,3,At-Risk / Churned,-1.9652831713159113,-0.1284149845412741
15539.0,7,1,538.46,0,Potential Loyalists,-0.06478260868671978,-1.471275589711369
15540.0,11,1,213.3,0,Potential Loyalists,-0.6578046664130089,-1.5500324229274398
15541.0,114,1,85.13000000000001,3,At-Risk / Churned,-1.9539494146270406,-0.4487281601697569
15543.0,288,1,127.86,3,At-Risk / Churned,-2.11489435796975,0.28206162002217205
15544.0,9,9,3546.71,1,Champions,2.199576803953246,-0.026239149624268508
15545.0,54,2,292.71999999999997,3,At-Risk / Churned,-0.7231841358306841,-0.31432135024601127
15547.0,7,14,4954.84,1,Champions,2.8102348389705467,0.10967496348937063
15549.0,77,3,1693.26,2,At-Risk / Churned,0.23510316379824614,0.6551823564060496
15550.0,4,4,575.63,0,Potential Loyalists,0.975281053160145,-1.3929505425526687
15551.0,37,1,436.06,0,Potential Loyalists,-0.760067070729147,-0.5599643140409652
15552.0,217,1,90.12,3,At-Risk / Churned,-2.171612652745545,-0.022749883295445944
15553.0,60,1,437.23,3,At-Risk / Churned,-0.9396504176637652,-0.2589213639478745
15554.0,278,1,217.2,3,At-Risk / Churned,-1.8515076227282559,0.4513258519326149
15555.0,12,16,4805.17,1,Champions,2.7233797659482066,0.45443035445101404
15556.0,24,1,279.77,0,Potential Loyalists,-0.8100680975726504,-0.9864116216311685
15557.0,29,1,473.65000000000003,0,Potential Loyalists,-0.6305860376291352,-0.6798244041184901
15561.0,12,4,800.59,0,Potential Loyalists,0.7664724779322222,-0.6673204436316229
15562.0,352,1,134.55,3,At-Risk / Churned,-2.167315751574924,0.4273021308092123
15563.0,22,4,1400.44,2,At-Risk / Churned,0.813559410533586,-0.1023661308016605
15565.0,50,2,173.16,3,At-Risk / Churned,-0.9423479713605999,-0.5523179580107379
15567.0,19,1,186.01,0,Potential Loyalists,-0.917639197605934,-1.2757129315165068
15568.0,3,3,758.29,0,Potential Loyalists,0.9892836155331153,-1.520064344736585
15569.0,104,5,1375.71,2,At-Risk / Churned,0.3897992660835124,0.9239394875495917
15570.0,7,12,4165.52,1,Champions,2.5984655146517914,-0.008418327762133023
15571.0,12,4,650.4300000000001,0,Potential Loyalists,0.6680410577561811,-0.7427756997559075
15572.0,5,7,2552.86,1,Champions,2.0369463900402707,-0.5554185801542284
15573.0,32,2,607.45,0,Potential Loyalists,-0.18239052457377725,-0.37326409194881344
15574.0,178,4,702.25,2,At-Risk / Churned,-0.29771825633453547,0.9477261823822918
15576.0,38,1,940.6700000000001,0,Potential Loyalists,-0.4057474777718125,-0.2642734745061724
15577.0,151,3,258.88,3,At-Risk / Churned,-0.9094839446108332,0.39619372898919714
15578.0,162,1,127.1,3,At-Risk / Churned,-1.8988711319224187,-0.08317439798587849
15579.0,69,2,348.6,3,At-Risk / Churned,-0.7326903892280618,-0.09806683777628422
15581.0,121,13,3679.9700000000003,2,At-Risk / Churned,1.5655919692826687,1.7024025630535744
15582.0,25,3,682.9100000000001,0,Potential Loyalists,0.2244173295765671,-0.37135241405578756
15584.0,24,4,725.11,2,At-Risk / Churned,0.4696656623125848,-0.2886977321186347
15585.0,177,1,455.3,3,At-Risk / Churned,-1.3296904488646446,0.4347476628972028
15587.0,50,4,913.6800000000001,2,At-Risk / Churned,0.30679147637385085,0.24730550161056541
15589.0,256,3,478.53000000000003,3,At-Risk / Churned,-0.81947743159648,0.952013309527356
15592.0,47,1,388.58,3,At-Risk / Churned,-0.903907681397818,-0.4536831975141595
15593.0,71,1,199.8,3,At-Risk / Churned,-1.3733458155454497,-0.43770344570693126
15594.0,16,5,1771.78,2,At-Risk / Churned,1.2055274722161333,-0.1384579937025194
15596.0,101,5,1406.59,2,At-Risk / Churned,0.4114022666958765,0.9136302586414907
15597.0,35,1,324.57,0,Potential Loyalists,-0.8791540811381923,-0.7013705217977196
15598.0,53,1,240.68,3,At-Risk / Churned,-1.175483493782325,-0.5526896172992765
15599.0,27,2,761.74,0,Potential Loyalists,-0.012361318748911899,-0.3952220345073829
15601.0,11,14,6776.56,1,Champions,2.8038523968596647,0.4806225272000729
15602.0,8,9,1297.8700000000001,1,Champions,1.763021068204686,-0.458555158972796
15603.0,79,1,48.480000000000004,3,At-Risk / Churned,-2.0783059076696144,-0.8804471379050723
15604.0,52,1,216.39,3,At-Risk / Churned,-1.2186043230278243,-0.6030714609002081
15605.0,36,5,1198.23,2,At-Risk / Churned,0.7228712450413235,0.21243122132020892
15606.0,61,9,2920.16,2,At-Risk / Churned,1.4101705663356028,1.0598606211513355
15607.0,337,1,104.76,3,At-Risk / Churned,-2.2684877218817467,0.3094964684738511
15608.0,28,4,1093.68,2,At-Risk / Churned,0.6077555810226388,-0.04526534322018139
15609.0,184,1,298.48,3,At-Risk / Churned,-1.5442574697223672,0.3060195635269272
15610.0,52,1,112.46000000000001,3,At-Risk / Churned,-1.527166899848953,-0.8396084144742526
15611.0,10,13,1591.45,1,Champions,2.087403328456186,-0.12791343202086866
15612.0,36,2,195.15,0,Potential Loyalists,-0.7632985585094824,-0.7125237197904657
15615.0,10,23,10399.74,1,Champions,3.465475385917909,0.7618368673650414
15618.0,33,4,776.851,2,At-Risk / Churned,0.38483394130500326,-0.06870914163525743
15619.0,11,1,336.40000000000003,0,Potential Loyalists,-0.4424171131782763,-1.3849212931048345
15620.0,57,3,1553.18,2,At-Risk / Churned,0.30736042388844237,0.43595366109518024
15621.0,4,4,1293.03,0,Potential Loyalists,1.358854831935859,-1.0989117318932444
15622.0,43,9,3709.56,1,Champions,1.6547256995532764,0.9294431166111998
15623.0,141,1,301.03,3,At-Risk / Churned,-1.4391527028187354,0.14138922147415742
15624.0,117,4,588.13,2,At-Risk / Churned,-0.22251277232509306,0.6191216544397441
15625.0,104,4,1534.26,2,At-Risk / Churned,0.27660276846531257,0.8935361851974195
15626.0,75,2,675.8,2,At-Risk / Churned,-0.45064414042795004,0.19437276244004056
15628.0,5,9,2870.2400000000002,1,Champions,2.2943809702978992,-0.4270671118633159
15630.0,45,2,1186.35,2,At-Risk / Churned,0.007951933003710164,0.08051484653038116
15632.0,16,8,3285.31,1,Champions,1.8651887619344139,0.24186067008793755
15634.0,17,1,243.55,0,Potential Loyalists,-0.7500814606312022,-1.244929488160375
15636.0,90,2,724.76,2,At-Risk / Churned,-0.48633048627877284,0.33398185700328004
15637.0,53,1,223.36,3,At-Risk / Churned,-1.2107711305083795,-0.5797403056102153
15639.0,134,1,425.32,3,At-Risk / Churned,-1.2562808283154743,0.23471585570650755
15640.0,4,15,12515.66,1,Champions,3.4878647218978984,0.17351298533410792
15641.0,105,4,1887.2,2,At-Risk / Churned,0.37117346520022476,0.9748180885890838
15643.0,192,3,664.0,3,At-Risk / Churned,-0.554880517572337,0.8893858095475252
15644.0,166,4,813.0,2,At-Risk / Churned,-0.2018026076412483,0.9569309708180493
15645.0,19,1,612.01,0,Potential Loyalists,-0.3542627143385262,-0.8438415152216502
15646.0,158,3,447.64000000000004,3,At-Risk / Churned,-0.6675920928869937,0.6233565127773111
15648.0,204,2,657.35,3,At-Risk / Churned,-0.8429270692118125,0.8134346351504347
15649.0,336,2,816.0,3,At-Risk / Churned,-0.930414680310487,1.207123452880523
15651.0,37,3,646.3,2,At-Risk / Churned,0.05330012821072637,-0.15076432964238132
15652.0,91,1,337.74,3,At-Risk / Churned,-1.2188663921109386,-0.09207025776868506
15653.0,93,2,877.4399999999999,2,At-Risk / Churned,-0.40812256842944983,0.423999666810817
15654.0,9,2,922.53,0,Potential Loyalists,0.47184711158962117,-0.9784303029909894
15655.0,243,1,560.67,3,At-Risk / Churned,-1.3516135625624432,0.7102833118787459
15656.0,45,4,748.5,2,At-Risk / Churned,0.2517080037849812,0.10943460122266073
15657.0,23,1,30.0,3,At-Risk / Churned,-1.8401291675460114,-1.8138720521949692
15658.0,190,5,1024.1000000000001,2,At-Risk / Churned,0.02122951311287588,1.1960003350796968
15659.0,44,1,306.45,3,At-Risk / Churned,-0.9915955802516311,-0.580725795242125
15660.0,25,9,1600.86,1,Champions,1.4571383431668836,0.2903225886211729
15661.0,317,2,309.8,3,At-Risk / Churned,-1.3668723828153222,0.8187535168842777
15663.0,106,1,138.14,3,At-Risk / Churned,-1.6987998179259023,-0.3199715023060979
15664.0,51,1,386.43,3,At-Risk / Churned,-0.9371195745489328,-0.40494820314900304
15665.0,168,2,2242.01,2,At-Risk / Churned,-0.18743357101826164,1.1369190515692191
15667.0,40,1,301.32,3,At-Risk / Churned,-0.9640087254003328,-0.6458672110418698
15668.0,218,1,76.32000000000001,3,At-Risk / Churned,-2.251291755583092,-0.0795877681922574
15669.0,40,4,684.34,2,At-Risk / Churned,0.25321142962143606,0.003925191024998351
15670.0,297,1,173.05,3,At-Risk / Churned,-1.9839600023924289,0.41085903542462043
15671.0,19,7,2657.13,1,Champions,1.5958755717602895,0.22247241411287777
15673.0,88,4,2881.02,2,At-Risk / Churned,0.6386340154554343,1.0178162424124853
15674.0,73,5,2446.6,2,At-Risk / Churned,0.7965532597733815,0.9114172139818517
15675.0,81,3,323.69,3,At-Risk / Churned,-0.5679996925087579,0.08589869058074387
15676.0,19,3,3435.76,2,At-Risk / Churned,1.0907876789028923,0.04959223447448076
15677.0,49,1,657.23,3,At-Risk / Churned,-0.670620192077474,-0.2370110141758163
15678.0,53,1,352.7,3,At-Risk / Churned,-0.9947643458074737,-0.4141544872298635
15679.0,24,4,781.28,2,At-Risk / Churned,0.5050238062269408,-0.2615929946235797
15680.0,9,3,1333.68,0,Potential Loyalists,0.9068194095230843,-0.7339366569541514
15681.0,25,5,1426.16,2,At-Risk / Churned,0.9402630261266555,0.052035919969062525
15683.0,117,1,193.75,3,At-Risk / Churned,-1.5766366993428607,-0.13561802118940441
15687.0,9,9,2993.1,1,Champions,2.1190679215171713,-0.08795540174812656
15689.0,120,2,254.1,3,At-Risk / Churned,-1.091364000035305,0.13428995349105774
15690.0,4,2,239.76,0,Potential Loyalists,0.09874594361186098,-1.906944111631154
15691.0,252,1,136.8,3,At-Risk / Churned,-2.0322281236706217,0.2221146817720875
15692.0,28,1,191.04,0,Potential Loyalists,-1.0470255891079794,-1.0304819259601694
15694.0,1,14,6479.4,1,Champions,3.4672410467705683,-0.6716853528874746
15695.0,267,2,409.98,3,At-Risk / Churned,-1.1689229742622613,0.8119312182006628
15696.0,33,8,2736.46,2,At-Risk / Churned,1.5136104234918584,0.614851885767742
15699.0,18,1,309.65,0,Potential Loyalists,-0.6572105390539688,-1.1236199293582279
15700.0,172,2,696.68,3,At-Risk / Churned,-0.7505402260458367,0.7269381810898998
15701.0,2,4,1542.14,1,Champions,1.6375962949046243,-1.358737605543519
15703.0,265,1,211.5,3,At-Risk / Churned,-1.8458356290369144,0.4114446827800946
15704.0,140,4,2293.62,2,At-Risk / Churned,0.35465442939494274,1.2266290881802575
15705.0,201,1,143.1,3,At-Risk / Churned,-1.924991271650257,0.09564649097326965
15706.0,64,4,1060.56,2,At-Risk / Churned,0.2847721290370496,0.4552650862990223
15707.0,35,4,945.58,2,At-Risk / Churned,0.45615351215951827,0.03894498645044763
15708.0,41,7,3364.2400000000002,2,At-Risk / Churned,1.4242991205029396,0.7786742828365728
15709.0,284,1,133.25,3,At-Risk / Churned,-2.090123487568898,0.28813122039875183
15712.0,9,5,1072.3600000000001,0,Potential Loyalists,1.1701902394950576,-0.6574051181110852
15713.0,143,2,356.7,3,At-Risk / Churned,-0.9974501190458194,0.3675901199705329
15714.0,12,2,330.88,0,Potential Loyalists,-0.11405990695636363,-1.1843782317781895
15716.0,146,4,1118.81,2,At-Risk / Churned,-0.0017044506700787574,0.9920805126901276
15717.0,234,1,150.3,3,At-Risk / Churned,-1.9596756666540334,0.20932016233098674
15719.0,33,13,5045.61,1,Champions,2.203544465421226,1.0071327265157428
15720.0,24,1,598.73,0,Potential Loyalists,-0.44992309478483317,-0.7103327701969951
15721.0,12,1,507.08,0,Potential Loyalists,-0.2787428301353832,-1.1852578977729926
15722.0,36,5,2222.56,2,At-Risk / Churned,1.0158630187701994,0.4370319564257453
15723.0,365,1,203.1,3,At-Risk / Churned,-1.9869226649520428,0.5991102056870067
15724.0,201,2,218.25,3,At-Risk / Churned,-1.3590559091113856,0.40411702102594127
15725.0,15,1,415.25,0,Potential Loyalists,-0.45268548634359074,-1.126129927871089
15727.0,17,7,5178.96,1,Champions,1.952733090384554,0.3983687033782812
15729.0,213,1,85.0,3,At-Risk / Churned,-2.1919785254023187,-0.055527863138288926
15730.0,66,3,1120.88,2,At-Risk / Churned,0.0975691452124654,0.4088426585337455
15732.0,212,2,294.12,3,At-Risk / Churned,-1.2383003856283197,0.5458357071796552
15733.0,283,1,162.3,3,At-Risk / Churned,-1.9958260406778512,0.35715934166322155
15734.0,115,2,1339.45,2,At-Risk / Churned,-0.28793584129036803,0.7110624199068568
15737.0,15,8,1205.1200000000001,1,Champions,1.412701656933983,-0.16120064991170852
15738.0,19,16,4812.42,1,Champions,2.5594849473850494,0.7281005509250289
15739.0,66,1,449.12,3,At-Risk / Churned,-0.9627968512196012,-0.18970090633773512
15740.0,49,1,154.88,3,At-Risk / Churned,-1.3541719639632939,-0.761006034562685
15743.0,16,4,784.46,0,Potential Loyalists,0.6543176509778276,-0.5046322059988411
15744.0,78,1,34.8,3,At-Risk / Churned,-2.227068497332139,-1.0061448333246368
15745.0,19,4,1094.59,2,At-Risk / Churned,0.7501311879518113,-0.28053911586090574
15746.0,134,1,196.88,3,At-Risk / Churned,-1.6205000547947424,-0.044486201626719436
15747.0,13,3,974.04,0,Potential Loyalists,0.6292583360545423,-0.6348203514050723
15748.0,40,1,149.31,3,At-Risk / Churned,-1.2956069200378937,-0.9000627378561602
15749.0,235,3,44534.3,2,At-Risk / Churned,1.363321526036012,2.5462806484354643
15750.0,3,8,2465.48,1,Champions,2.2819044635936914,-0.7798959484820036
15752.0,40,7,2637.38,2,At-Risk / Churned,1.3180367643784585,0.6748791243107475
15753.0,305,1,79.2,3,At-Risk / Churned,-2.3617613536958957,0.1458012659871119
15754.0,51,3,458.57,2,At-Risk / Churned,-0.22909111514425218,-0.07649846655972542
15755.0,10,6,2364.25,1,Champions,1.6481351374926851,-0.2503377464939989
15756.0,61,4,532.96,2,At-Risk / Churned,-0.023259401551635084,0.17533482147568247
15757.0,66,2,714.42,2,At-Risk / Churned,-0.37614784738508034,0.13464822331691823
15758.0,25,1,205.25,0,Potential Loyalists,-0.9714237145724575,-1.0737480254145635
15759.0,218,3,253.04,3,At-Risk / Churned,-1.0598155864223622,0.61946183068795
15762.0,65,2,583.75,3,At-Risk / Churned,-0.4661082723250062,0.05174748716983529
15763.0,32,2,1086.92,2,At-Risk / Churned,0.09336536004317117,-0.1618759918448271
15764.0,88,6,3279.97,2,At-Risk / Churned,1.0045183522046381,1.1942636164600553
15766.0,64,1,315.06,3,At-Risk / Churned,-1.1190035542154093,-0.33753648030974165
15768.0,116,3,621.8299999999999,2,At-Risk / Churned,-0.3947124037098613,0.5482204673314609
15769.0,7,26,56252.72,1,Champions,4.494717220654004,1.219227314610956
15773.0,6,1,635.6800000000001,0,Potential Loyalists,0.06487187759871947,-1.495660503391804
15774.0,69,1,270.8,3,At-Risk / Churned,-1.218912499148445,-0.34543102716994056
15775.0,245,1,104.9,3,At-Risk / Churned,-2.1464554499260093,0.10854272250188753
15776.0,133,1,241.62,3,At-Risk / Churned,-1.5209319596311563,0.024948654265457015
15777.0,241,4,1047.11,2,At-Risk / Churned,-0.22359264648234586,1.2840684892226946
15780.0,184,3,475.28000000000003,3,At-Risk / Churned,-0.6970944440687814,0.7411266490935571
15781.0,25,3,345.46,0,Potential Loyalists,-0.09829412752546515,-0.6187355728715936
15782.0,10,3,2614.7400000000002,2,At-Risk / Churned,1.1896927873327072,-0.4287460160044943
15783.0,11,1,246.3,0,Potential Loyalists,-0.5898393294649218,-1.4979317634244136
15785.0,33,5,2328.9700000000003,2,At-Risk / Churned,1.0703564901971692,0.4004261093999947
15786.0,46,3,4932.2,2,At-Risk / Churned,0.9358244432861936,0.7227893006723733
15787.0,26,3,948.05,2,At-Risk / Churned,0.3654702470731328,-0.2282416334279819
15789.0,358,1,351.3,3,At-Risk / Churned,-1.7205080023709023,0.785437530845764
15790.0,10,1,220.85,0,Potential Loyalists,-0.6081254566107085,-1.5926034625194552
15791.0,44,2,1612.69,2,At-Risk / Churned,0.1619374582360607,0.17818355868870325
15793.0,15,3,965.61,0,Potential Loyalists,0.5741129573107139,-0.5533184746341002
15795.0,150,1,610.01,3,At-Risk / Churned,-1.1282840958699865,0.43665671656203325
15796.0,1,8,2711.56,1,Champions,2.5918974117518454,-1.184765565076129
15797.0,113,4,2207.4,2,At-Risk / Churned,0.41770389107559996,1.077930502951068
15799.0,76,3,884.14,2,At-Risk / Churned,-0.06806036994758029,0.410823554526721
15800.0,107,2,699.08,3,At-Risk / Churned,-0.5688715682051754,0.4294656875051698
15801.0,46,3,1063.95,2,At-Risk / Churned,0.20833453182138809,0.16511231603437904
15802.0,143,1,451.42,3,At-Risk / Churned,-1.252745008062836,0.2972494111704651
15803.0,51,1,415.82000000000005,3,At-Risk / Churned,-0.9024219483450416,-0.3783498032941916
15804.0,1,13,4206.39,1,Champions,3.1998619806711317,-0.8553206314936108
15805.0,23,17,5528.4800000000005,1,Champions,2.607331452440392,0.9161066427832035
15806.0,46,3,784.58,2,At-Risk / Churned,0.06395226219729082,0.0544321987018492
15807.0,50,3,903.9,2,At-Risk / Churned,0.09984177761451339,0.1576545789080921
15808.0,306,4,3734.9700000000003,2,At-Risk / Churned,0.2886399201540413,1.8972615172339125
15809.0,36,5,515.77,2,At-Risk / Churned,0.3233904917516523,-0.09380150906491345
15810.0,79,4,1391.98,2,At-Risk / Churned,0.33436308480508653,0.6857487667442497
15811.0,22,6,2218.62,2,At-Risk / Churned,1.3361293814463264,0.19419283602452653
15812.0,107,5,1801.14,2,At-Risk / Churned,0.5068164827460772,1.0397547859270933
15813.0,208,2,1303.9099999999999,2,At-Risk / Churned,-0.52565717672932,1.074558779788163
15814.0,17,4,1945.33,2,At-Risk / Churned,1.0630838470690158,-0.13829927911118292
15815.0,64,5,2100.6,2,At-Risk / Churned,0.7737822199998123,0.7737584201684279
15819.0,49,4,1905.45,2,At-Risk / Churned,0.6628679133385137,0.5019097166335527
15820.0,320,1,206.98,3,At-Risk / Churned,-1.927855336036419,0.5227830777302099
15821.0,44,2,570.96,0,Potential Loyalists,-0.3302543587722342,-0.19911933451569314
15822.0,3,2,885.47,0,Potential Loyalists,0.8025436775123784,-1.5742687898043457
15823.0,372,1,15.0,3,At-Risk / Churned,-3.2023369719645896,-0.31503748325517644
15825.0,172,1,532.94,3,At-Risk / Churned,-1.2442381195965835,0.47384322841405196
15826.0,56,3,1654.31,2,At-Risk / Churned,0.3439208942606128,0.44785904227493545
15827.0,73,14,1836.0900000000001,2,At-Risk / Churned,1.4892446990759172,1.1591180022291474
15829.0,99,2,636.14,3,At-Risk / Churned,-0.5841669551817984,0.3464026387298998
15830.0,38,1,576.0,0,Potential Loyalists,-0.6381804823839738,-0.4424512541560143
15831.0,58,3,801.76,2,At-Risk / Churned,-0.012671755087329121,0.20646982039373887
15832.0,254,1,836.79,3,At-Risk / Churned,-1.1787191511620383,0.8836937178412962
15834.0,70,4,2233.75,2,At-Risk / Churned,0.604272576165459,0.7820283531107898
15835.0,44,4,954.09,2,At-Risk / Churned,0.3751333679945151,0.18367659889233734
15836.0,50,1,137.37,3,At-Risk / Churned,-1.4182821813293076,-0.791795680619232
15837.0,65,1,391.98,3,At-Risk / Churned,-1.021471269991845,-0.24861851185166878
15838.0,11,19,33643.08,1,Champions,3.8243891036605344,1.1739963414731724
15839.0,33,3,1048.49,2,At-Risk / Churned,0.3251201865340305,-0.04549238606514735
15840.0,59,2,355.56,3,At-Risk / Churned,-0.6644321245232887,-0.18862943780599387
15841.0,73,4,1224.06,2,At-Risk / Churned,0.30319705171176414,0.5895922469992216
15843.0,304,1,118.95000000000002,3,At-Risk / Churned,-2.1694859815312877,0.29016096791476337
15844.0,46,1,130.73999999999998,3,At-Risk / Churned,-1.4103716053051645,-0.8614419210922011
15845.0,18,8,3711.77,1,Champions,1.880586715304718,0.3567634288271912
15847.0,38,2,389.27,0,Potential Loyalists,-0.4569543371955774,-0.42888993578226614
15850.0,19,2,238.85,0,Potential Loyalists,-0.43277971618326516,-1.0293933016965455
15852.0,187,2,160.71,3,At-Risk / Churned,-1.4760620881185817,0.24784492572414174
15853.0,52,1,110.8,3,At-Risk / Churned,-1.5341609651717711,-0.8449699036139948
15854.0,4,12,2974.65,1,Champions,2.618325403478573,-0.428857468934993
15855.0,137,5,712.24,2,At-Risk / Churned,-0.02670115651246767,0.8579852960881065
15856.0,4,27,16387.57,1,Champions,4.121973537832818,0.486583115293128
15857.0,19,1,297.0,0,Potential Loyalists,-0.6965386626728974,-1.106222361709109
15858.0,16,5,1438.85,2,At-Risk / Churned,1.1068195475782103,-0.2141252117689714
15860.0,41,8,977.21,2,At-Risk / Churned,0.9445401561694542,0.3744857473968035
15861.0,12,8,3165.36,1,Champions,1.95005291196624,0.05825202905840845
15862.0,8,4,832.88,0,Potential Loyalists,0.9257273412808606,-0.8860966677948322
15863.0,26,2,68.84,0,Potential Loyalists,-1.13293915645216,-1.2879416336044793
15864.0,22,6,1936.3200000000002,2,At-Risk / Churned,1.2715782429349753,0.1447094222855289
15865.0,41,3,895.13,2,At-Risk / Churned,0.16941090720714858,0.031014473689988012
15866.0,101,1,230.53,3,At-Risk / Churned,-1.4388664840793648,-0.16507207243588876
15867.0,5,15,3812.64,1,Champions,2.854223180916396,-0.14322159276245702
15869.0,277,2,149.64,3,At-Risk / Churned,-1.6591889234771187,0.4700621468954776
15870.0,33,1,354.09000000000003,0,Potential Loyalists,-0.8161261477339137,-0.7060369522013672
15872.0,15,2,360.93,0,Potential Loyalists,-0.15227133837534046,-1.021201835954792
15874.0,64,7,4405.88,2,At-Risk / Churned,1.3853878666991062,1.1536551168508762
15877.0,2,2,493.28,0,Potential Loyalists,0.6352752757744607,-1.969155751320706
15880.0,369,1,343.28000000000003,3,At-Risk / Churned,-1.7429680621366306,0.7961956670106204
15881.0,312,5,501.39000000000004,2,At-Risk / Churned,-0.5059333569655898,1.249730706844665
15882.0,199,4,516.36,2,At-Risk / Churned,-0.4857767737982337,0.9063913157008201
15883.0,2,2,396.48,0,Potential Loyalists,0.5318468973463514,-2.0484415603728854
15885.0,93,3,379.35,3,At-Risk / Churned,-0.5451063975766278,0.2300449395178919
15886.0,60,1,181.09,3,At-Risk / Churned,-1.3564069584819398,-0.5783973145403308
15888.0,81,1,168.31,3,At-Risk / Churned,-1.5039866832530568,-0.4172987976632785
15889.0,157,2,446.87,3,At-Risk / Churned,-0.9262244003049774,0.5081928398007477
15891.0,227,1,524.52,3,At-Risk / Churned,-1.357266294630745,0.6430828531900513
15894.0,253,2,263.55,3,At-Risk / Churned,-1.3574605192840143,0.6176700548438466
15895.0,150,1,179.17,3,At-Risk / Churned,-1.7077915824421257,-0.007580354761708645
15897.0,194,2,222.05,3,At-Risk / Churned,-1.337425218704373,0.3880073025503855
15898.0,1,5,1388.88,1,Champions,1.9078170463653938,-1.5838033289828375
15899.0,369,1,56.25,3,At-Risk / Churned,-2.5942961212359856,0.14358721505243438
15900.0,24,1,351.11,0,Potential Loyalists,-0.7026297799151241,-0.9040518856656383
15901.0,17,3,363.88,0,Potential Loyalists,0.06680173798227451,-0.8330342195178965
15903.0,10,7,5126.76,1,Champions,2.1361111619522823,0.08244793049068384
15904.0,8,1,164.68,0,Potential Loyalists,-0.6699826373532581,-1.826030637767846
15906.0,20,7,1567.69,2,At-Risk / Churned,1.3269709845372621,0.061561719097954194
15907.0,4,3,967.45,0,Potential Loyalists,1.0194767982111075,-1.2900791613682179
15909.0,174,1,191.94,3,At-Risk / Churned,-1.7316610301426136,0.11085062273275319
15910.0,1,8,1232.18,1,Champions,2.2178234375626893,-1.4715220446777735
15912.0,178,2,264.62,3,At-Risk / Churned,-1.2218233193803876,0.3972665842801494
15916.0,16,8,1528.09,1,Champions,1.5021259210822429,-0.03645492869866895
15917.0,248,1,123.1,3,At-Risk / Churned,-2.0758296569707824,0.1739185513914938
15918.0,191,2,334.23,3,At-Risk / Churned,-1.138165497266743,0.5263838202359876
15919.0,20,2,639.89,0,Potential Loyalists,0.01497012662234062,-0.6409332421932281
15920.0,154,4,167.5,3,At-Risk / Churned,-0.9207120963631868,0.33671113362134786
15921.0,173,1,336.03000000000003,3,At-Risk / Churned,-1.464779343600702,0.3101239987323682
15922.0,373,1,369.5,3,At-Risk / Churned,-1.712246938753363,0.829712921095132
15923.0,373,1,127.08,3,At-Risk / Churned,-2.2162967443608412,0.44331996736666684
15925.0,194,1,207.15,3,At-Risk / Churned,-1.7370038940538866,0.20706197143734953
15930.0,67,1,426.63,3,At-Risk / Churned,-0.9927806529457955,-0.19895316105067842
15932.0,4,8,2495.87,1,Champions,2.2024483029443496,-0.6339654223544502
15933.0,21,3,1107.46,2,At-Risk / Churned,0.5174047939341436,-0.301603423792248
15935.0,239,2,416.86,3,At-Risk / Churned,-1.1188787715213642,0.7480083653062685
15937.0,64,1,145.35,3,At-Risk / Churned,-1.4843624248181588,-0.6176121625391049
15938.0,112,5,404.58,2,At-Risk / Churned,-0.21820337955629723,0.5259212469919
15939.0,90,15,6115.01,1,Champions,2.0393397709530703,1.7525392354664884
15940.0,311,1,35.8,3,At-Risk / Churned,-2.738855941635044,-0.12527142402831182
15942.0,134,1,337.44,3,At-Risk / Churned,-1.3658239989153533,0.15074258802940474
15944.0,277,1,325.1,3,At-Risk / Churned,-1.6594713804012367,0.595208085997398
15945.0,365,1,181.0,3,At-Risk / Churned,-2.0413059271506673,0.5574212513802176
15947.0,83,1,1708.24,2,At-Risk / Churned,-0.41603644911471244,0.4390356429044357
15948.0,8,2,955.24,0,Potential Loyalists,0.5286237889970555,-1.0325690644391798
15949.0,17,2,364.72,0,Potential Loyalists,-0.19233509391679404,-0.9427364534057544
15950.0,32,4,1765.51,2,At-Risk / Churned,0.7854669335431751,0.21073508294940096
15951.0,9,2,708.22,0,Potential Loyalists,0.34655219643676666,-1.0744784946864938
15952.0,34,4,806.57,2,At-Risk / Churned,0.391549821679753,-0.0366913118127924
15953.0,15,8,1659.3799999999999,1,Champions,1.5643808752159127,-0.04492686006162489
15955.0,24,14,4416.26,1,Champions,2.320242152753169,0.7902405050873622
15957.0,32,1,428.89,0,Potential Loyalists,-0.7140076684172787,-0.6554270671906618
15958.0,74,1,104.35,3,At-Risk / Churned,-1.6950295067934997,-0.6464593675050574
15963.0,20,2,470.76,0,Potential Loyalists,-0.13042129924430307,-0.7523869554224195
15965.0,17,4,845.64,0,Potential Loyalists,0.668069322457663,-0.44110830161695713
15967.0,23,2,418.83,0,Potential Loyalists,-0.23678656993465666,-0.7101490662945305
15969.0,3,3,666.1,0,Potential Loyalists,0.9278580504021139,-1.5671517660218748
15970.0,304,1,314.1,3,At-Risk / Churned,-1.7111733876127975,0.6414928302129614
15971.0,18,12,4199.85,1,Champions,2.2718279296324844,0.5429860801730592
15973.0,367,1,307.82000000000005,3,At-Risk / Churned,-1.7924772901224815,0.7532189793572427
15974.0,39,7,3442.15,2,At-Risk / Churned,1.4538036362327702,0.7560664054445922
15975.0,84,1,371.01,3,At-Risk / Churned,-1.144168425208185,-0.10816374909162886
15976.0,165,2,430.94,3,At-Risk / Churned,-0.9622841791400844,0.5263341671372886
15977.0,17,2,1054.73,0,Potential Loyalists,0.31072832543373646,-0.5570996406282415
15978.0,77,1,1098.78,3,At-Risk / Churned,-0.5969590477085488,0.23165120662388264
15980.0,89,3,2398.86,2,At-Risk / Churned,0.34563768854937393,0.8725608937867133
15981.0,25,8,3408.48,1,Champions,1.7202932792723316,0.5246266544924736
15983.0,22,4,1475.02,2,At-Risk / Churned,0.8381635497809571,-0.0835051652145783
15984.0,3,10,2837.67,1,Champions,2.53011755663567,-0.6516652597697202
15985.0,123,2,1142.42,2,At-Risk / Churned,-0.38886210849455016,0.6955133060586405
15986.0,30,1,168.12,0,Potential Loyalists,-1.1328206369029632,-1.0344317960511402
15987.0,12,7,1451.28,1,Champions,1.4736351845901086,-0.27054243060628297
15988.0,19,1,158.03,0,Potential Loyalists,-0.9945466421620768,-1.334668404438358
15990.0,44,2,792.11,2,At-Risk / Churned,-0.17513240629260898,-0.08020642404548291
15992.0,4,1,41.989999999999995,0,Potential Loyalists,-1.085568615848854,-2.6894498694821998
15993.0,9,7,2797.57,1,Champions,1.8851716485050871,-0.1982629466783055
15994.0,55,1,427.07,3,At-Risk / Churned,-0.9181020456511453,-0.32167645852611915
15996.0,88,6,1060.68,2,At-Risk / Churned,0.4691074255410056,0.783829950757663
15998.0,37,5,3089.97,2,At-Risk / Churned,1.1619726095835115,0.5737559560322998
16000.0,3,3,12393.7,1,Champions,2.3144879371510516,-0.5041932811488085
16003.0,30,5,2735.37,2,At-Risk / Churned,1.1819481993595298,0.4003455856300894
16005.0,12,4,615.39,0,Potential Loyalists,0.6418040121868982,-0.7628884136620373
16006.0,211,1,101.4,3,At-Risk / Churned,-2.1055655526398147,0.0020106402801542216
16007.0,48,4,1701.94,2,At-Risk / Churned,0.6170191014844009,0.44803645882166737
16008.0,24,3,478.78,0,Potential Loyalists,0.07118243139690958,-0.5251738423414963
16009.0,22,4,992.71,2,At-Risk / Churned,0.6504096255455927,-0.227432992489464
16010.0,246,3,407.5,3,At-Risk / Churned,-0.8803867965952226,0.8685335935937945
16011.0,8,16,3362.71,1,Champions,2.694553709043114,0.09147563540827255
16012.0,35,3,1415.29,2,At-Risk / Churned,0.4455141940003557,0.09978107309468577
16013.0,4,47,37130.6,1,Champions,4.997646860381273,0.9912061336584157
16014.0,38,3,662.38,2,At-Risk / Churned,0.05501859716354208,-0.12536937808612622
16015.0,4,3,705.39,0,Potential Loyalists,0.8697472209875656,-1.404858401356601
16016.0,3,8,1508.76,1,Champions,2.048983301997576,-0.958447938015105
16017.0,47,1,211.88,3,At-Risk / Churned,-1.1906881674125218,-0.6735225027378933
16018.0,39,2,408.90000000000003,0,Potential Loyalists,-0.4433412320928941,-0.39498645632358237
16019.0,47,9,3786.2400000000002,1,Champions,1.6311835138741146,0.9920501959759915
16020.0,17,3,851.01,0,Potential Loyalists,0.4692211267929642,-0.5245487989298105
16022.0,260,1,628.28,3,At-Risk / Churned,-1.3234136164455281,0.7943319007976931
16023.0,46,3,719.81,2,At-Risk / Churned,0.023120123059948348,0.023131222741120977
16024.0,12,1,251.24,0,Potential Loyalists,-0.611039382699739,-1.4399887696644795
16025.0,30,1,439.65999999999997,0,Potential Loyalists,-0.6783754892197772,-0.6860646288239866
16026.0,43,1,236.09,3,At-Risk / Churned,-1.106326835753809,-0.6895070277502252
16027.0,92,6,934.62,2,At-Risk / Churned,0.392327886617906,0.7657235281561221
16029.0,39,63,81024.84,1,Champions,4.833561055842355,2.703984836728809
16030.0,310,1,331.24,3,At-Risk / Churned,-1.6934825574779342,0.6731119779657267
16031.0,92,2,548.94,3,At-Risk / Churned,-0.6262784550760526,0.24685254817422586
16033.0,6,20,8816.4,1,Champions,3.4390296743237236,0.3638884089953262
16034.0,196,3,437.7,3,At-Risk / Churned,-0.760111832494022,0.7510749558463091
16036.0,87,2,758.92,2,At-Risk / Churned,-0.4516952087700076,0.32945907245034955
16037.0,270,3,855.02,2,At-Risk / Churned,-0.5647593155622955,1.1964415618934003
16038.0,8,3,471.78000000000003,0,Potential Loyalists,0.45459975949028175,-1.1782602616631088
16040.0,65,3,1313.55,2,At-Risk / Churned,0.17852368614746167,0.4569613926178225
16041.0,31,3,3166.4,2,At-Risk / Churned,0.8724600075283631,0.3178905517338375
16042.0,22,5,1197.27,2,At-Risk / Churned,0.9041593917574485,-0.08928479666859912
16043.0,38,4,773.99,2,At-Risk / Churned,0.3306582654548557,0.01693769074260357
16045.0,120,4,1340.7,2,At-Risk / Churned,0.1584574772165606,0.9344362412075854
16048.0,373,2,256.44,3,At-Risk / Churned,-1.5182384004047749,0.853072927205566
16049.0,40,3,1111.79,2,At-Risk / Churned,0.2813748103957851,0.0945065315841474
16050.0,174,1,137.9,3,At-Risk / Churned,-1.8876049443251768,-0.008692384618195067
16052.0,54,1,362.06,3,At-Risk / Churned,-0.9893815165647196,-0.3930196577013587
16053.0,33,2,1511.95,2,At-Risk / Churned,0.2384565234251352,-0.02298066731111097
16054.0,145,1,783.9,3,At-Risk / Churned,-0.9965730900231589,0.5064104207958079
16055.0,221,1,134.8,3,At-Risk / Churned,-1.9892183777477608,0.13392320623356732
16056.0,45,1,664.85,0,Potential Loyalists,-0.6332966450924957,-0.28568905726879007
16057.0,16,7,2263.12,1,Champions,1.581844298164509,0.06107172055511566
16059.0,66,6,1459.8600000000001,2,At-Risk / Churned,0.7290660614990712,0.7199105664727847
16062.0,10,4,1153.62,0,Potential Loyalists,1.003478485022021,-0.6404855471482626
16063.0,260,1,335.32,3,At-Risk / Churned,-1.620715772402529,0.5664269261065137
16065.0,365,1,372.09,3,At-Risk / Churned,-1.7006788781974809,0.8185380896383125
16066.0,17,5,1521.87,2,At-Risk / Churned,1.1115796104791198,-0.15749406710831018
16070.0,22,2,852.15,0,Potential Loyalists,0.11596180467521609,-0.4791903372211987
16071.0,45,1,326.24,3,At-Risk / Churned,-0.9703920101925485,-0.5440985881527599
16072.0,288,1,584.3199999999999,3,At-Risk / Churned,-1.3967185402344513,0.8325986352614866
16073.0,297,1,122.39999999999999,3,At-Risk / Churned,-2.1471578852309903,0.28575530303407637
16076.0,3,10,2234.73,1,Champions,2.416813974163597,-0.7385211724441395
16078.0,284,1,79.2,3,At-Risk / Churned,-2.3345942896824248,0.10072554286819939
16079.0,17,3,1352.0,2,At-Risk / Churned,0.6886845029756182,-0.3563132372550323
16080.0,82,2,217.16,3,At-Risk / Churned,-1.0215544296876506,-0.1616040995462193
16081.0,56,5,2806.9,2,At-Risk / Churned,0.9614587749151748,0.7958868723656819
16083.0,101,2,1317.62,2,At-Risk / Churned,-0.2465804548072056,0.6235444302894438
16084.0,299,1,436.18,3,At-Risk / Churned,-1.5494685507639765,0.7501304233159576
16085.0,23,5,981.51,2,At-Risk / Churned,0.7936902711913867,-0.13451783840773412
16086.0,59,5,1121.39,2,At-Risk / Churned,0.5067216336800288,0.49484146962475545
16091.0,155,2,315.06,3,At-Risk / Churned,-1.0867655313959779,0.37331745069468447
16092.0,115,3,817.86,2,At-Risk / Churned,-0.2615809958453604,0.6423193527150675
16093.0,107,1,17.0,3,At-Risk / Churned,-2.672829203825224,-1.0580172385145619
16094.0,12,4,1078.23,0,Potential Loyalists,0.9076018216468303,-0.559133944263914
16096.0,264,1,320.62,3,At-Risk / Churned,-1.6477356415507083,0.5598122750692425
16097.0,240,1,185.04999999999998,3,At-Risk / Churned,-1.8711990058169754,0.30051370123244786
16098.0,88,7,2005.63,2,At-Risk / Churned,0.8919863036247597,1.066713656969553
16099.0,50,3,731.9,2,At-Risk / Churned,-0.00019730131865822656,0.08096692866551902
16101.0,71,1,1290.7,2,At-Risk / Churned,-0.4900448375329331,0.2394147083496179
16102.0,42,3,1842.14,2,At-Risk / Churned,0.5026255019489716,0.3082603601717775
16103.0,7,6,1429.64,1,Champions,1.5312443393675372,-0.6351297567010102
16104.0,62,1,302.36,3,At-Risk / Churned,-1.1265229193254078,-0.37226975913270344
16105.0,249,1,336.96,3,At-Risk / Churned,-1.601953593565587,0.5408961896200775
16106.0,66,1,108.38,3,At-Risk / Churned,-1.6341142792899455,-0.7043173609733603
16107.0,18,7,3204.1600000000003,1,Champions,1.704279671385745,0.25802689624913894
16108.0,85,1,842.5,3,At-Risk / Churned,-0.7601651470347165,0.19704578595737307
16109.0,219,2,611.88,3,At-Risk / Churned,-0.9038726171351541,0.8321731477263055
16110.0,45,3,1337.48,2,At-Risk / Churned,0.32503426610932373,0.2346367649759768
16112.0,143,4,195.73999999999998,3,At-Risk / Churned,-0.8190558133380058,0.34640505330056304
16113.0,183,1,161.38,3,At-Risk / Churned,-1.8326529186421217,0.07991820945206797
16114.0,171,1,135.75000000000003,3,At-Risk / Churned,-1.8884001918531375,-0.02533011381665969
16115.0,10,8,1667.97,1,Champions,1.7100068411633724,-0.28061019289496214
16116.0,212,1,612.78,3,At-Risk / Churned,-1.2575911269473248,0.6564103339411227
16117.0,190,1,232.21,3,At-Risk / Churned,-1.6751388002260776,0.2352745292178004
16119.0,8,2,423.36,0,Potential Loyalists,0.14309923187424506,-1.3281032967795938
16120.0,59,4,1309.14,2,At-Risk / Churned,0.4151973692573728,0.48105160131255076
16121.0,57,2,867.11,2,At-Risk / Churned,-0.22922934434788092,0.11356240640156372
16122.0,73,4,684.4200000000001,2,At-Risk / Churned,0.027628533827682416,0.3783477779105386
16123.0,52,1,307.78,3,At-Risk / Churned,-1.052073038721169,-0.4754124198379997
16124.0,317,1,249.0,3,At-Risk / Churned,-1.8369439751156915,0.5837699417434526
16125.0,367,1,289.35,3,At-Risk / Churned,-1.8217425420647515,0.73078491229922
16126.0,29,4,6287.77,2,At-Risk / Churned,1.4244315115188029,0.6122041542589175
16127.0,39,1,656.25,0,Potential Loyalists,-0.586059955239659,-0.3790288732363875
16128.0,18,5,1880.22,2,At-Risk / Churned,1.1911999623381408,-0.046342089392489585
16131.0,52,6,3506.54,2,At-Risk / Churned,1.234274772306947,0.8899174626402173
16133.0,4,33,14589.04,1,Champions,4.242438584108376,0.5188993195233071
16134.0,22,2,618.09,0,Potential Loyalists,-0.036214169669748775,-0.5958449288102042
16135.0,263,1,517.55,3,At-Risk / Churned,-1.419622075285516,0.7311743848977772
16136.0,60,3,709.38,2,At-Risk / Churned,-0.08342479222914902,0.1831329015579103
16139.0,19,3,635.41,0,Potential Loyalists,0.29051298697475314,-0.5638798838920365
16140.0,66,2,725.18,2,At-Risk / Churned,-0.36906393180646946,0.1400785895901156
16141.0,88,1,620.4,3,At-Risk / Churned,-0.9182782237824559,0.10762372448750605
16142.0,250,1,535.34,3,At-Risk / Churned,-1.3843196393136625,0.7114297067836657
16143.0,3,6,2424.94,1,Champions,2.046709018730222,-0.8824894839060584
16144.0,247,1,175.2,3,At-Risk / Churned,-1.907952407394407,0.2988792486867523
16145.0,9,11,3799.4900000000002,1,Champions,2.397160172482551,0.06885318136059457
16146.0,157,3,734.13,2,At-Risk / Churned,-0.43084348433758984,0.7989943389368476
16147.0,134,1,375.0,3,At-Risk / Churned,-1.3158828845265689,0.18902629429513199
16148.0,296,1,76.32000000000001,3,At-Risk / Churned,-2.3677081214910722,0.1135708253744288
16149.0,5,2,280.52,0,Potential Loyalists,0.10329609076381077,-1.7344556631943637
16150.0,43,5,2053.02,2,At-Risk / Churned,0.9120170459495072,0.5180378215964122
16152.0,269,1,1829.04,3,At-Risk / Churned,-0.8297944461591795,1.2041535380638944
16153.0,50,5,1824.23,2,At-Risk / Churned,0.799563474502012,0.5686826267345649
16156.0,9,9,3122.04,1,Champions,2.1390758161514385,-0.07261781125683528
16157.0,16,3,656.69,0,Potential Loyalists,0.3682222359809528,-0.6549544090624299
16159.0,282,1,348.2,3,At-Risk / Churned,-1.6338054466452792,0.6314063592466989
16160.0,65,2,1025.44,2,At-Risk / Churned,-0.199103173260189,0.25642743692971554
16161.0,2,19,5575.56,1,Champions,3.501253462554629,-0.35871810669469467
16162.0,252,1,37.4,3,At-Risk / Churned,-2.6385626714563286,-0.24268739584041185
16163.0,232,2,856.6,3,At-Risk / Churned,-0.7663816680660143,0.9907867731244464
16164.0,17,3,822.48,0,Potential Loyalists,0.453058954758944,-0.5369383471875789
16168.0,11,27,3787.6,1,Champions,3.0924433950940884,0.5088725271534894
16169.0,8,4,1822.97,2,At-Risk / Churned,1.2971366031304208,-0.6013828952040404
16170.0,51,6,1885.05,2,At-Risk / Churned,0.9471378667899615,0.6521484772099437
16171.0,59,1,73.2,3,At-Risk / Churned,-1.7760979732746274,-0.9154443698630891
16172.0,95,5,1140.21,2,At-Risk / Churned,0.3350154933766757,0.7988787771535848
16173.0,16,6,1418.32,2,At-Risk / Churned,1.2394445116078165,-0.16011857055655937
16174.0,126,3,1009.5500000000001,2,At-Risk / Churned,-0.1963876263481268,0.7762726077270867
16175.0,94,4,1037.59,2,At-Risk / Churned,0.1293814594706159,0.6879087672155443
16177.0,50,1,331.95,3,At-Risk / Churned,-1.0016118845462607,-0.4723858427146563
16178.0,138,1,197.9,3,At-Risk / Churned,-1.6292178191929882,-0.024103291699075845
16179.0,61,1,215.83,3,At-Risk / Churned,-1.2797607119534937,-0.5045696081811721
16180.0,100,8,10254.18,2,At-Risk / Churned,1.7243177796066724,1.7855860928433331
16181.0,73,1,305.54,3,At-Risk / Churned,-1.1830689210868846,-0.2664444727175859
16182.0,72,4,6617.65,2,At-Risk / Churned,1.1088890776303202,1.1946056002403733
16183.0,67,1,338.71000000000004,3,At-Risk / Churned,-1.1020023782750519,-0.28268001619831257
16184.0,64,6,1158.79,2,At-Risk / Churned,0.631130203546874,0.6167440781390892
16185.0,17,2,529.41,0,Potential Loyalists,-0.015911565383051777,-0.807494246110001
16186.0,23,12,4006.94,1,Champions,2.160251755572947,0.6740003695393295
16187.0,32,15,6911.4400000000005,1,Champions,2.485031455913293,1.1539568876811017
16188.0,45,4,981.86,2,At-Risk / Churned,0.38033550929013143,0.2080374798071694
16189.0,16,2,215.48,0,Potential Loyalists,-0.4193254079413515,-1.1697241822456257
16190.0,40,1,215.08,3,At-Risk / Churned,-1.1233751437427701,-0.7680338311326107
16191.0,3,13,5180.52,1,Champions,3.0338222858092165,-0.3400997715874886
16193.0,237,1,314.45,3,At-Risk / Churned,-1.6158655029292426,0.48463543370088946
16198.0,75,1,400.68100000000004,3,At-Risk / Churned,-1.0649879275088414,-0.15120654919739884
16200.0,4,2,1080.6200000000001,0,Potential Loyalists,0.8116935520516086,-1.3604149210352476
16201.0,3,4,1863.47,1,Champions,1.6174294435348273,-1.1075341853665857
16202.0,361,1,365.27,3,At-Risk / Churned,-1.7052343773075285,0.804859736948172
16203.0,59,4,592.9,2,At-Risk / Churned,0.03975593547373793,0.19324685872987404
16204.0,23,1,405.71,0,Potential Loyalists,-0.6186235755101209,-0.8774940426176108
16205.0,31,4,761.38,2,At-Risk / Churned,0.3984663913255709,-0.11445396304385791
16206.0,55,4,537.0600000000001,2,At-Risk / Churned,0.01926342971177524,0.11358580170725834
16207.0,25,1,394.38,0,Potential Loyalists,-0.662616430268562,-0.8370234847290594
16208.0,45,2,664.26,0,Potential Loyalists,-0.2669465222608732,-0.13021596801097204
16209.0,89,5,2262.62,2,At-Risk / Churned,0.6846742576703485,1.0070960428297562
16210.0,2,18,21086.3,1,Champions,4.0860330243068645,0.10541937299542672
16211.0,89,1,547.02,3,At-Risk / Churned,-0.982179282352468,0.06899558135521433
16212.0,19,2,690.34,0,Potential Loyalists,0.0695710846382094,-0.6443027658449639
16213.0,79,1,159.0,3,At-Risk / Churned,-1.5213896852498294,-0.45352800855289377
16214.0,171,3,1062.75,2,At-Risk / Churned,-0.2879406698726066,0.9872366890457198
16215.0,81,1,242.35,3,At-Risk / Churned,-1.3318400855261345,-0.2853351868652417
16216.0,267,1,914.9300000000001,3,At-Risk / Churned,-1.1554039775711569,0.9476570332767544
16217.0,235,2,304.25,3,At-Risk / Churned,-1.2614675804242461,0.6231239509345806
16218.0,30,7,3084.68,2,At-Risk / Churned,1.499186711894721,0.5545872276237053
16221.0,37,3,864.86,2,At-Risk / Churned,0.1913485657289342,-0.044939581895532175
16222.0,318,1,846.72,3,At-Risk / Churned,-1.2586946018745053,1.0299528918431773
16224.0,57,4,1295.3,2,At-Risk / Churned,0.4231122453879236,0.45569439481199786
16225.0,45,5,1096.32,2,At-Risk / Churned,0.5975322215877823,0.31816494769087444
16226.0,203,3,255.12,3,At-Risk / Churned,-1.028834097932659,0.5774438083061444
16227.0,225,1,314.22,3,At-Risk / Churned,-1.5964424642191282,0.4515690291756133
16229.0,87,2,1010.6,2,At-Risk / Churned,-0.3159425773256473,0.43352390821986425
16230.0,190,2,542.03,3,At-Risk / Churned,-0.9072794559469007,0.6985353257585575
16232.0,44,4,990.88,2,At-Risk / Churned,0.3930691385673664,0.19742574687720327
16233.0,71,3,536.6800000000001,2,At-Risk / Churned,-0.27895223632071986,0.18692487919664802
16235.0,41,5,867.31,2,At-Risk / Churned,0.5212164424745647,0.17533801763070608
16236.0,78,1,432.2,3,At-Risk / Churned,-1.0439345144553174,-0.09918161418533401
16239.0,57,2,414.2,3,At-Risk / Churned,-0.5792261309831553,-0.15473705662568388
16240.0,24,2,3718.8,2,At-Risk / Churned,0.7828474060191969,0.10931819452258978
16241.0,10,13,2607.87,1,Champions,2.3216541981505596,0.051657881067101244
16242.0,8,7,3603.21,1,Champions,2.0454862511028336,-0.17303192305339962
16243.0,34,2,409.1,0,Potential Loyalists,-0.39208494189304943,-0.4794696186601953
16244.0,212,2,1522.75,2,At-Risk / Churned,-0.45932935611207076,1.1429769293668879
16245.0,24,3,1413.66,2,At-Risk / Churned,0.5843046049692389,-0.13182622060948865
16247.0,170,1,114.56,3,At-Risk / Churned,-1.966066889382583,-0.09027250237566875
16248.0,62,1,152.94,3,At-Risk / Churned,-1.4484268822762014,-0.6190339115591716
16249.0,53,5,1800.07,2,At-Risk / Churned,0.7713989819109294,0.6000745666475622
16250.0,261,2,389.44,3,At-Risk / Churned,-1.1846003666336071,0.7789251645149549
16253.0,67,2,3683.86,2,At-Risk / Churned,0.3960091361080684,0.7402985910411211
16255.0,17,8,2619.91,1,Champions,1.7359869966401433,0.19579976744026273
16256.0,267,1,752.4300000000001,3,At-Risk / Churned,-1.2480823877956444,0.8766119018728453
16257.0,177,1,46.95,3,At-Risk / Churned,-2.3988127967009083,-0.38481686680179716
16258.0,45,5,5203.51,2,At-Risk / Churned,1.3362186324065017,0.8844249104565235
16260.0,51,1,1035.45,0,Potential Loyalists,-0.4701673939998427,-0.04699343303484618
16261.0,17,4,746.83,0,Potential Loyalists,0.6091796371154443,-0.48625177595298247
16265.0,9,9,5447.0,1,Champions,2.403126607591057,0.12979743442653552
16266.0,74,7,861.89,2,At-Risk / Churned,0.5569137750673602,0.6512113096452126
16268.0,71,2,667.65,2,At-Risk / Churned,-0.43573306859566074,0.15568639350710825
16270.0,353,1,1141.24,3,At-Risk / Churned,-1.156970992198371,1.2044312856458446
16271.0,3,5,1429.24,1,Champions,1.6565361937204341,-1.1339263743190349
16272.0,117,1,411.7,3,At-Risk / Churned,-1.2202592506751486,0.13757271016495878
16274.0,373,1,357.95,3,At-Risk / Churned,-1.7272756094275603,0.8181922888325782
16275.0,197,1,559.87,3,At-Risk / Churned,-1.2724649327298627,0.577318792574888
16276.0,177,1,810.6000000000001,3,At-Risk / Churned,-1.0564263619029095,0.6442256083986473
16278.0,100,1,566.38,3,At-Risk / Churned,-1.0097670372488563,0.15473321714285704
16279.0,21,3,1509.58,2,At-Risk / Churned,0.6642836790187033,-0.18900945863880766
16281.0,72,1,2062.06,2,At-Risk / Churned,-0.27312367854880026,0.41848699150619856
16282.0,340,1,168.3,3,At-Risk / Churned,-2.04859588848291,0.4862514211621223
16283.0,6,5,1570.81,1,Champions,1.4874858782112117,-0.7447884387942291
16284.0,31,2,823.97,0,Potential Loyalists,-0.026168476256615076,-0.28203123091288573
16287.0,170,1,142.5,3,At-Risk / Churned,-1.8633087341605985,-0.011500470972822776
16292.0,122,1,302.25,3,At-Risk / Churned,-1.3823512323708496,0.05178432974252099
16293.0,22,10,2248.9900000000002,1,Champions,1.7514295004073683,0.3728067173000275
16295.0,10,4,1328.55,0,Potential Loyalists,1.070420716775339,-0.5891691764869023
16297.0,269,1,301.9,3,At-Risk / Churned,-1.6833351402488954,0.5498489311624125
16298.0,23,3,598.2,0,Potential Loyalists,0.1922549989080336,-0.4702017803706288
16302.0,127,1,233.22,3,At-Risk / Churned,-1.5201477938149244,-0.016912729400145952
16303.0,26,3,5360.63,2,At-Risk / Churned,1.1871561228075984,0.4016438045385278
16305.0,139,1,361.21999999999997,3,At-Risk / Churned,-1.347497509321592,0.19850173002660806
16306.0,214,6,632.27,2,At-Risk / Churned,-0.11311888368782222,1.15506776268949
16308.0,38,4,2560.0,2,At-Risk / Churned,0.8978707921300444,0.4517497294253146
16309.0,106,2,706.57,3,At-Risk / Churned,-0.5602669793785355,0.42743904437000985
16311.0,18,2,616.26,0,Potential Loyalists,0.03538678463485376,-0.7180532616832318
16313.0,3,2,274.15000000000003,0,Potential Loyalists,0.24737107870033073,-1.9998512975201517
16315.0,331,1,226.37,3,At-Risk / Churned,-1.8984319225579518,0.5765704256764264
16316.0,64,8,2938.91,2,At-Risk / Churned,1.2998447623079463,1.0516633660049308
16317.0,120,3,1341.65,2,At-Risk / Churned,-0.04305517415145465,0.8489532336153316
16318.0,35,1,328.15,0,Potential Loyalists,-0.8739645328012111,-0.6973923337533335
16319.0,218,1,404.40000000000003,3,At-Risk / Churned,-1.4650252549215204,0.5231459938855219
16320.0,172,2,1038.46,2,At-Risk / Churned,-0.5613451689276501,0.8719707475891917
16321.0,72,5,373.65000000000003,2,At-Risk / Churned,-0.0888878526044824,0.2200469138915289
16322.0,1,2,326.75,0,Potential Loyalists,0.59524797546018,-2.375679953010315
16323.0,196,1,207.50000000000003,3,At-Risk / Churned,-1.7401058457476626,0.21414269928571844
16324.0,128,3,428.68,3,At-Risk / Churned,-0.6081846767220856,0.47508215744029303
16325.0,47,3,594.24,2,At-Risk / Churned,-0.07575585160942233,-0.03314965615395621
16326.0,6,14,3110.96,1,Champions,2.6404521242229024,-0.14425160118707225
16327.0,14,6,3844.22,1,Champions,1.7602178894294387,0.12307606751055146
16330.0,18,3,251.91,0,Potential Loyalists,-0.12779178191362922,-0.9320882704166654
16332.0,28,7,1593.2,2,At-Risk / Churned,1.2112881090366665,0.272072165362645
16333.0,8,22,26626.8,1,Champions,3.9497571569988046,0.9602258759990236
16337.0,37,1,151.05,3,At-Risk / Churned,-1.2611096064247296,-0.9440519640256548
16338.0,157,1,214.79999999999998,3,At-Risk / Churned,-1.6394770287386247,0.08679229197794427
16339.0,284,1,109.95,3,At-Risk / Churned,-2.1805811974055938,0.2187884266857593
16340.0,107,1,549.07,3,At-Risk / Churned,-1.050075916474815,0.18594799844494686
16341.0,25,4,1971.87,2,At-Risk / Churned,0.9289964156082915,0.09976971778350578
16342.0,75,4,322.41,2,At-Risk / Churned,-0.33898996239856144,0.12202625343045502
16343.0,16,2,370.47999999999996,0,Potential Loyalists,-0.1630782513818125,-0.9732910230497168
16344.0,158,1,101.10000000000001,3,At-Risk / Churned,-1.9970292008637618,-0.18145075936305305
16345.0,44,1,575.41,0,Potential Loyalists,-0.6933474303903782,-0.3520956434458129
16347.0,11,2,887.65,0,Potential Loyalists,0.3839091820574541,-0.8768410806566094
16348.0,32,7,1469.45,2,At-Risk / Churned,1.123569838967423,0.3246003656955528
16349.0,291,1,53.5,3,At-Risk / Churned,-2.52718976367446,-0.024421953638356798
16350.0,21,4,1116.47,2,At-Risk / Churned,0.7230949356516194,-0.21291804846303042
16351.0,333,1,153.9,3,At-Risk / Churned,-2.0828527648436896,0.44076486192498443
16352.0,18,2,494.44,0,Potential Loyalists,-0.0689368185954249,-0.7980253294180115
16353.0,4,23,6675.71,1,Champions,3.5564213052263445,0.10070441660931755
16354.0,63,2,395.8,3,At-Risk / Churned,-0.638351580320612,-0.10881361701599464
16356.0,198,3,211.77,3,At-Risk / Churned,-1.107346748795937,0.4942557481957345
16357.0,33,3,658.88,2,At-Risk / Churned,0.1049354010187896,-0.21428096349306056
16358.0,1,4,2027.5,1,Champions,1.9223064196733781,-1.516325588097429
16359.0,7,9,1750.92,1,Champions,1.9500172579615787,-0.424385526839915
16360.0,5,6,3512.53,1,Champions,2.067541927120219,-0.490679260295872
16361.0,10,4,896.66,0,Potential Loyalists,0.8840214467203344,-0.7320585571158281
16362.0,32,5,734.77,2,At-Risk / Churned,0.534771181190596,-0.03781301938282956
16363.0,53,1,109.36000000000001,3,At-Risk / Churned,-1.547455350345765,-0.8378346620199842
16364.0,12,2,707.04,0,Potential Loyalists,0.2455077801507799,-0.9087419372274981
16365.0,18,9,1540.42,1,Champions,1.5587414311205676,0.07746869596783262
16366.0,19,1,327.3,0,Potential Loyalists,-0.6505874257413156,-1.070997203464931
16367.0,37,2,804.49,0,Potential Loyalists,-0.10317521976509576,-0.18176863811502506
16368.0,2,2,497.43,0,Potential Loyalists,0.6392428589876804,-1.966114293552318
16369.0,18,3,1553.66,2,At-Risk / Churned,0.7339526990285721,-0.27149482975624545
16370.0,82,4,1320.56,2,At-Risk / Churned,0.2953198569538342,0.6899433250968897
16372.0,33,2,367.93,0,Potential Loyalists,-0.43121122626378317,-0.5363325165537574
16374.0,66,2,473.03000000000003,3,At-Risk / Churned,-0.5714658664184467,-0.01507806454413836
16376.0,9,2,987.01,0,Potential Loyalists,0.503873226230588,-0.9538798222747917
16377.0,267,1,676.2,3,At-Risk / Churned,-1.2987007314593362,0.83780904726707
16378.0,247,3,362.95,3,At-Risk / Churned,-0.9367277850492511,0.8290890924662384
16379.0,4,4,2157.4,1,Champions,1.6016294617307598,-0.9128063009354223
16380.0,61,1,1780.59,2,At-Risk / Churned,-0.280320827004641,0.2615779528797954
16383.0,75,2,668.36,2,At-Risk / Churned,-0.4558895389554162,0.19035176092796202
16384.0,90,2,584.5,3,At-Risk / Churned,-0.5882382941418637,0.25586168227023715
16385.0,60,3,555.89,2,At-Risk / Churned,-0.19894182595587953,0.0945802082108148
16386.0,29,2,317.2,0,Potential Loyalists,-0.4535804572029271,-0.6694984733328769
16387.0,323,1,94.36,3,At-Risk / Churned,-2.301443776402283,0.24502151959929103
16389.0,53,4,1382.07,2,At-Risk / Churned,0.48116389227617884,0.43395756352179177
16392.0,270,1,221.19,3,At-Risk / Churned,-1.831791720859128,0.43947229529692605
16393.0,2,13,3046.21,1,Champions,2.8918338066719036,-0.7156077275869192
16394.0,57,5,1555.34,2,At-Risk / Churned,0.674790261677175,0.59225443493262
16395.0,61,5,1486.9,2,At-Risk / Churned,0.627965878255593,0.6181785771882105
16398.0,154,2,1705.8,2,At-Risk / Churned,-0.28403250667491053,0.9827130466533519
16399.0,19,2,408.57,0,Potential Loyalists,-0.17885908927772373,-0.834743606465793
16400.0,95,1,303.93,3,At-Risk / Churned,-1.2850268012309258,-0.10333726341161069
16401.0,1,12,4098.32,1,Champions,3.12047822466852,-0.8932615455553569
16402.0,265,2,299.6,3,At-Risk / Churned,-1.3144780028219052,0.6934087177944057
16403.0,312,1,177.5,3,At-Risk / Churned,-1.9907456342842982,0.45117887809288953
16404.0,70,1,443.05,3,At-Risk / Churned,-0.9913976294693966,-0.15787512779845905
16405.0,302,2,167.25,3,At-Risk / Churned,-1.6396301620785882,0.5648754674980301
16406.0,19,1,163.07,0,Potential Loyalists,-0.9797410213914557,-1.3233187570866463
16407.0,13,10,2126.93,1,Champions,1.9146595150349344,0.03776987035540104
16409.0,36,5,2028.88,2,At-Risk / Churned,0.9726173408895554,0.40388081733909664
16411.0,19,2,214.65,0,Potential Loyalists,-0.48324978734006496,-1.0680824940188376
16412.0,54,1,151.83,3,At-Risk / Churned,-1.399968681885607,-0.7077663073506596
16413.0,57,1,262.2,3,At-Risk / Churned,-1.1623116478895326,-0.4763544994025321
16414.0,22,2,126.25,0,Potential Loyalists,-0.7869738248688328,-1.1713599622163278
16415.0,44,1,210.35,3,At-Risk / Churned,-1.1694496720337788,-0.7170646393243574
16416.0,27,3,1051.4,2,At-Risk / Churned,0.40062474034875484,-0.16758253199095433
16418.0,45,3,675.27,2,At-Risk / Churned,0.0010707221318604942,-0.013706214755818714
16419.0,113,6,972.23,2,At-Risk / Churned,0.33323086002402225,0.9091443075338135
16422.0,17,51,34684.4,1,Champions,4.548243175098281,1.8092995474758942
16423.0,25,1,346.12,0,Potential Loyalists,-0.7243898101733843,-0.8843775327966871
16424.0,191,1,133.56,3,At-Risk / Churned,-1.938094566114463,0.0385391126145318
16425.0,302,1,302.7,3,At-Risk / Churned,-1.7261458852826292,0.6239169738695466
16426.0,2,10,1908.25,1,Champions,2.4518338639604824,-0.9783385959877273
16427.0,263,2,241.06,3,At-Risk / Churned,-1.4143758103237067,0.6098335865341078
16429.0,106,1,284.55,3,At-Risk / Churned,-1.35763961315806,-0.05844595909914554
16430.0,57,1,300.85,3,At-Risk / Churned,-1.0972928221771647,-0.426512567443685
16431.0,213,3,642.81,3,At-Risk / Churned,-0.6097149745508273,0.9430903279950691
16432.0,64,1,287.4,3,At-Risk / Churned,-1.1624631648308272,-0.3708516152959402
16433.0,28,1,184.26,0,Potential Loyalists,-1.0640819923855338,-1.043556971261408
16434.0,29,7,1522.25,2,At-Risk / Churned,1.176730120727222,0.2770053766611476
16438.0,6,5,798.35,0,Potential Loyalists,1.1666131261623047,-0.990762088730935
16440.0,8,5,3640.67,1,Champions,1.7901648097366936,-0.27980936657085104
16441.0,67,2,381.2,3,At-Risk / Churned,-0.6793068808268453,-0.08401386251544242
16442.0,2,3,616.79,0,Potential Loyalists,1.0013465259411902,-1.7774800591158084
16444.0,46,4,654.67,2,At-Risk / Churned,0.18002170761977823,0.07441641559120224
16445.0,34,1,230.51,0,Potential Loyalists,-1.0301841155007962,-0.8432592616279099
16446.0,1,2,168472.5,1,Champions,3.557426617407412,-0.10494213662738877
16447.0,136,1,259.01,3,At-Risk / Churned,-1.4965434763876613,0.06416770910780188
16448.0,198,1,188.89000000000001,3,At-Risk / Churned,-1.78833183209879,0.18653683989867575
16449.0,198,2,707.69,3,At-Risk / Churned,-0.7966117700004052,0.8214040987764055
16450.0,150,1,311.92,3,At-Risk / Churned,-1.4458263537615204,0.1932361466196582
16451.0,88,1,266.97,3,At-Risk / Churned,-1.317409198196425,-0.19834087348008378
16454.0,45,2,6.9,3,At-Risk / Churned,-2.3707076521796977,-1.7429107213574004
16455.0,64,7,1841.18,2,At-Risk / Churned,0.9714906399517741,0.8363710504674389
16456.0,99,5,2158.37,2,At-Risk / Churned,0.6220403313438131,1.0567447723695986
16457.0,218,1,208.36,3,At-Risk / Churned,-1.778606676059712,0.2827617100310181
16458.0,3,18,3482.7400000000002,1,Champions,3.1216743518230206,-0.36717287659647324
16460.0,28,3,814.72,2,At-Risk / Churned,0.266324521187496,-0.2380065751528697
16461.0,178,1,151.42,3,At-Risk / Churned,-1.8521633240905666,0.03942494120342955
16462.0,74,3,136.0,3,At-Risk / Churned,-0.9433739072795607,-0.2845660716841168
16463.0,21,4,1422.4,2,At-Risk / Churned,0.8379233581525263,-0.1248932285970008
16464.0,20,3,1314.68,2,At-Risk / Churned,0.6165076165578848,-0.2687545622370396
16466.0,34,7,1603.46,2,At-Risk / Churned,1.1424741180551052,0.39363332641242454
16468.0,74,1,74.9,3,At-Risk / Churned,-1.8506158335205858,-0.7657282565613431
16469.0,24,4,650.43,2,At-Risk / Churned,0.4181636839291936,-0.3281779607171453
16470.0,52,4,762.39,2,At-Risk / Churned,0.20629447281798402,0.20592259656180895
16471.0,275,1,223.95000000000002,3,At-Risk / Churned,-1.8329193643237267,0.4555541549437191
16473.0,165,3,316.11,3,At-Risk / Churned,-0.8487053529200277,0.5244549915544001
16474.0,7,7,1871.5,1,Champions,1.779754746105413,-0.48591289835002066
16475.0,88,4,544.3,2,At-Risk / Churned,-0.15142355795032456,0.4121763314201943
16477.0,64,7,2494.46,2,At-Risk / Churned,1.1155229867713428,0.9467829250499178
16478.0,25,3,331.0,0,Potential Loyalists,-0.11852467475297498,-0.63424384370479
16479.0,10,2,300.83,0,Potential Loyalists,-0.09526329852887239,-1.324817626728839
16480.0,76,1,769.29,3,At-Risk / Churned,-0.7610093913619438,0.0939333672534513
16482.0,16,1,220.62,0,Potential Loyalists,-0.7749607495218336,-1.3169835673612649
16483.0,192,1,139.35,3,At-Risk / Churned,-1.920087885801918,0.057157881033605355
16484.0,174,2,404.3,3,At-Risk / Churned,-1.012667808047093,0.5366517772346782
16485.0,77,1,363.65,3,At-Risk / Churned,-1.120810739444179,-0.16992141622721996
16488.0,33,3,498.8,0,Potential Loyalists,-0.026914009153828935,-0.3153536798738446
16491.0,47,1,731.5,0,Potential Loyalists,-0.6042893773827915,-0.22400271714981662
16493.0,80,4,1351.63,2,At-Risk / Churned,0.31566750931410453,0.6829320505624766
16494.0,297,1,826.53,3,At-Risk / Churned,-1.2441119158000882,0.9780095120411842
16495.0,3,3,684.41,0,Potential Loyalists,0.9407071355487365,-1.557301953746819
16496.0,9,3,1599.52,0,Potential Loyalists,0.9930124441868439,-0.6678630648526491
16497.0,50,6,2965.69,2,At-Risk / Churned,1.1695040600284905,0.8046099490700854
16498.0,161,2,100.97,3,At-Risk / Churned,-1.6380056140779886,-0.014267613033912012
16499.0,360,2,365.45,3,At-Risk / Churned,-1.3371734050959623,0.9590801839880155
16500.0,5,6,400.86,0,Potential Loyalists,1.038621644749023,-1.279425813976983
16503.0,107,4,1431.93,2,At-Risk / Churned,0.23310550073506586,0.8863047825331622
16504.0,25,1,484.38,0,Potential Loyalists,-0.5652966296356997,-0.7624203705041125
16505.0,32,1,777.6,0,Potential Loyalists,-0.43214930884090946,-0.4393609505526095
16506.0,20,2,90.30000000000001,0,Potential Loyalists,-0.909758653559675,-1.3498089937504034
16509.0,297,1,363.7,3,At-Risk / Churned,-1.6329313970523291,0.6799494668693428
16510.0,372,1,248.1,3,At-Risk / Churned,-1.8996136072490968,0.6836001973542881
16511.0,22,3,950.26,2,At-Risk / Churned,0.42784387096395005,-0.32905482335942904
16513.0,5,4,874.59,0,Potential Loyalists,1.103824332434027,-1.1254118192627889
16515.0,52,5,1627.13,2,At-Risk / Churned,0.7306378922715641,0.5515016449950185
16516.0,30,1,101.69999999999999,0,Potential Loyalists,-1.369516753882471,-1.2158775793017575
16517.0,277,1,162.7,3,At-Risk / Churned,-1.986505676345096,0.34451113864322996
16518.0,61,2,484.32,3,At-Risk / Churned,-0.5306599078836792,-0.055688675849259045
16519.0,25,2,215.07999999999998,0,Potential Loyalists,-0.5825587493730033,-0.9010155773623254
16520.0,186,3,1046.57,2,At-Risk / Churned,-0.3271644639748469,1.0346735879774256
16523.0,2,21,9418.470000000001,1,Champions,3.836222198332233,-0.13140698128925174
16525.0,2,26,13027.45,1,Champions,4.175391091647549,0.06527334714688413
16526.0,172,1,290.36,3,At-Risk / Churned,-1.5316750045671135,0.2535007428923705
16527.0,81,1,228.06,3,At-Risk / Churned,-1.360557376900272,-0.30734919999190247
16528.0,4,1,244.41,0,Potential Loyalists,-0.25894714317223,-2.0557809167525103
16529.0,190,1,455.25,3,At-Risk / Churned,-1.356677933240629,0.47939928370140694
16531.0,22,7,1244.59,2,At-Risk / Churned,1.1827663488900448,0.03534278609302547
16532.0,18,3,6748.8,2,At-Risk / Churned,1.4306908690219424,0.2626085792405053
16533.0,19,3,1095.56,2,At-Risk / Churned,0.5487026096792497,-0.3659576749575546
16535.0,5,1,593.75,0,Potential Loyalists,0.09144754644628275,-1.6181760198856439
16536.0,110,1,548.97,3,At-Risk / Churned,-1.0606318461295965,0.2032531612125787
16539.0,3,4,1388.81,0,Potential Loyalists,1.4780065565557619,-1.2144125543647937
16542.0,54,1,119.62,3,At-Risk / Churned,-1.5122820287442331,-0.7938631282462301
16545.0,165,1,339.3,3,At-Risk / Churned,-1.442212047005086,0.28379499850984324
16546.0,291,2,787.15,3,At-Risk / Churned,-0.892705807990212,1.1031732790024593
16549.0,10,10,4154.64,1,Champions,2.3244259071136057,0.1283455471334158
16550.0,109,5,2298.97,2,At-Risk / Churned,0.6155539848720645,1.1401189235372897
16551.0,96,3,922.12,2,At-Risk / Churned,-0.1363568305609989,0.5725037312819752
16552.0,243,2,379.73,3,At-Risk / Churned,-1.1693532012113472,0.7246374365058713
16553.0,163,12,5719.82,2,At-Risk / Churned,1.594747567121115,2.021895143464799
16554.0,42,3,837.1,2,At-Risk / Churned,0.12865030056793889,0.021579597526382974
16555.0,35,2,285.89,0,Potential Loyalists,-0.5724017685737832,-0.591583739108642
16556.0,67,7,3313.79,2,At-Risk / Churned,1.2330120447051978,1.078671081477129
16557.0,24,2,281.85,0,Potential Loyalists,-0.4397948216404055,-0.8279311337043805
16558.0,1,20,8338.49,1,Champions,3.8912901025294744,-0.4506502469711086
16560.0,27,2,841.41,0,Potential Loyalists,0.034783505646531675,-0.35908189964668025
16561.0,6,2,511.12,0,Potential Loyalists,0.32833260598330966,-1.4190600504993718
16563.0,54,1,1077.74,2,At-Risk / Churned,-0.47262249637322995,0.003115886755350987
16565.0,364,1,173.7,3,At-Risk / Churned,-2.059686227221324,0.540795259206882
16566.0,15,5,614.66,0,Potential Loyalists,0.7268211041147806,-0.5616183959782497
16567.0,194,2,865.6,3,At-Risk / Churned,-0.6933957127908487,0.8817054655291404
16569.0,3,1,124.2,0,Potential Loyalists,-0.49305006841994975,-2.4420786050539394
16570.0,15,10,3738.4,1,Champions,2.131165643612317,0.32751352627383257
16571.0,27,3,1421.69,2,At-Risk / Churned,0.5436855951963879,-0.05791538074411332
16572.0,127,3,1009.6,2,At-Risk / Churned,-0.19936117078891621,0.781263280523423
16573.0,85,2,663.61,3,At-Risk / Churned,-0.506504172397238,0.26613397368467057
16574.0,71,1,451.44,3,At-Risk / Churned,-0.9878596986297954,-0.14219868074259734
16581.0,183,1,105.84,3,At-Risk / Churned,-2.031296336708768,-0.07235725259872278
16582.0,113,1,313.62,3,At-Risk / Churned,-1.3358489413472043,0.01699784232914834
16583.0,374,1,233.45,3,At-Risk / Churned,-1.9304195495932264,0.664941961275625
16584.0,80,2,936.08,2,At-Risk / Churned,-0.32058098694017806,0.35313665638494635
16586.0,249,1,463.95,3,At-Risk / Churned,-1.4505759744118591,0.656938780535668
16587.0,232,1,225.15,3,At-Risk / Churned,-1.7656781750953467,0.35011158633351824
16589.0,71,3,459.24,2,At-Risk / Churned,-0.35274970847384063,0.13035343937916305
16591.0,69,1,213.5,3,At-Risk / Churned,-1.331261758225968,-0.4315553775441064
16592.0,4,16,4113.68,1,Champions,3.014784397566982,-0.20788351293866328
16593.0,51,3,330.03,0,Potential Loyalists,-0.38477747760934744,-0.19584404070517858
16594.0,75,1,181.09,3,At-Risk / Churned,-1.4404193226243043,-0.43900359636862346
16595.0,61,1,360.16,3,At-Risk / Churned,-1.0376496663425303,-0.31897286555142107
16596.0,16,2,250.15,0,Potential Loyalists,-0.34883225700908915,-1.1156857588530877
16597.0,4,1,90.04,0,Potential Loyalists,-0.7295104397717805,-2.4165038851309477
16598.0,286,1,145.04999999999998,3,At-Risk / Churned,-2.052818353955636,0.3232105714778077
16600.0,4,6,813.52,0,Potential Loyalists,1.4435464500464392,-1.1380202094956309
16601.0,41,1,244.79999999999998,3,At-Risk / Churned,-1.0714302414448462,-0.705877179733593
16602.0,36,1,528.08,0,Potential Loyalists,-0.6592077257330462,-0.5073676244518031
16603.0,75,2,482.47,3,At-Risk / Churned,-0.6102711699714669,0.07200636381424315
16607.0,18,14,3347.71,1,Champions,2.293689858227696,0.51550074258239
16609.0,15,7,5493.46,1,Champions,2.0257106405348715,0.34513427653213014
16610.0,219,1,75.66,3,At-Risk / Churned,-2.2571006092121366,-0.07981775113050706
16611.0,186,1,129.49,3,At-Risk / Churned,-1.942586363949945,0.010636971291479967
16612.0,33,4,1187.66,2,At-Risk / Churned,0.5860588428165716,0.08554522607562423
16613.0,70,1,618.59,3,At-Risk / Churned,-0.8333203075653444,-0.036696699300944116
16614.0,183,1,506.19,3,At-Risk / Churned,-1.2921835164622335,0.49422958579802145
16616.0,15,2,500.42,0,Potential Loyalists,0.002423714957620679,-0.9026161765228495
16617.0,236,1,151.85,3,At-Risk / Churned,-1.9580773192591545,0.21840085523341055
16618.0,31,5,2647.59,2,At-Risk / Churned,1.1543443315328215,0.40861410803919584
16619.0,264,1,226.21,3,At-Risk / Churned,-1.8126345036932605,0.4334046111818736
16620.0,4,2,178.96,0,Potential Loyalists,-0.03937491526961082,-2.01282437592449
16621.0,52,4,813.48,2,At-Risk / Churned,0.23703521432689945,0.22948773988552823
16623.0,246,1,129.45,3,At-Risk / Churned,-2.049067666198923,0.18695834551975446
16624.0,81,2,810.5699999999999,2,At-Risk / Churned,-0.39350673869217984,0.3086070475974451
16625.0,275,1,333.08,3,At-Risk / Churned,-1.645239852631232,0.5994249392797643
16626.0,1,17,4413.1,1,Champions,3.449952354937639,-0.741308986780374
16627.0,79,1,322.8,3,At-Risk / Churned,-1.1868655130279717,-0.19708949481794155
16628.0,30,5,2188.05,2,At-Risk / Churned,1.076048907824229,0.31916563158812394
16629.0,74,2,417.73,3,At-Risk / Churned,-0.6734304054768832,0.011312473597810216
16633.0,17,6,2883.1,1,Champions,1.5540648204317618,0.13404429087747693
16634.0,223,2,217.9,3,At-Risk / Churned,-1.3993168156220048,0.4690790549288737
16637.0,32,4,1154.47,2,At-Risk / Churned,0.5840276615249038,0.05631638375310718
16638.0,23,10,1680.72,1,Champions,1.5970255599619565,0.2938942561149302
16639.0,31,3,1257.51,2,At-Risk / Churned,0.43447290380620596,-0.017860258641376227
16641.0,106,1,231.10000000000002,3,At-Risk / Churned,-1.4559863398638835,-0.13383629116284151
16642.0,5,2,688.33,0,Potential Loyalists,0.5282496470615898,-1.4086960696212196
16643.0,246,1,487.51,3,At-Risk / Churned,-1.4225065437043147,0.6672656487243217
16644.0,178,2,833.78,3,At-Risk / Churned,-0.6784331184060232,0.8138169776059508
16647.0,170,2,214.06,3,At-Risk / Churned,-1.3045498068783516,0.2914687693556986
16648.0,43,1,290.65999999999997,3,At-Risk / Churned,-1.008027518573206,-0.6141530387349361
16650.0,72,1,518.42,3,At-Risk / Churned,-0.9276172612894892,-0.08323269138647986
16652.0,59,7,6773.97,2,At-Risk / Churned,1.6200557701684877,1.259351652876677
16653.0,16,2,1212.66,0,Potential Loyalists,0.3987235753855011,-0.5426267021041896
16654.0,141,4,601.27,2,At-Risk / Churned,-0.28279136708639274,0.7445286565443863
16655.0,18,6,3794.52,1,Champions,1.6637159669559802,0.2682171830434359
16656.0,22,15,8625.8,1,Champions,2.7281148946464913,1.0056627858633587
16657.0,10,4,933.62,0,Potential Loyalists,0.903168275328226,-0.7173810399775771
16658.0,368,1,123.24,3,At-Risk / Churned,-2.2255985321964293,0.42371365788409643
16659.0,189,1,39.12,3,At-Risk / Churned,-2.508344241487679,-0.40830735878554875
16660.0,16,4,1267.6499999999999,2,At-Risk / Churned,0.8818280528231471,-0.3302279800771264
16665.0,362,1,135.39999999999998,3,At-Risk / Churned,-2.175023749878087,0.4472871072667585
16666.0,19,1,118.98,0,Potential Loyalists,-1.1282551929811693,-1.4371662951527022
16667.0,68,2,570.13,3,At-Risk / Churned,-0.49427772801283776,0.07135737026373579
16668.0,15,6,306.71999999999997,0,Potential Loyalists,0.5371690148852308,-0.7546619096163757
16669.0,24,3,1374.8700000000001,2,At-Risk / Churned,0.5711111398679615,-0.14194002661374272
16670.0,17,11,4095.9,1,Champions,2.2081938584478866,0.468836571228813
16671.0,28,3,1692.27,2,At-Risk / Churned,0.6128987692547933,0.027669248758127436
16672.0,2,20,8134.9400000000005,1,Champions,3.724628282342139,-0.2025691572233983
16674.0,55,2,319.61,3,At-Risk / Churned,-0.6885008271361005,-0.27103192483997257
16676.0,34,4,1592.1200000000001,2,At-Risk / Churned,0.7139580226636226,0.21045937785823982
16678.0,3,12,3109.99,1,Champions,2.724699257869375,-0.5541535119685871
16679.0,366,1,129.75,3,At-Risk / Churned,-2.1992864049036718,0.4388462197739934
16680.0,43,1,183.7,3,At-Risk / Churned,-1.2248213954312785,-0.7803422238065969
16681.0,73,6,1770.34,2,At-Risk / Churned,0.7825420374721708,0.8530159373069499
16682.0,5,5,1028.0,0,Potential Loyalists,1.3453577176501579,-0.9966284193099068
16684.0,4,28,66653.56,1,Champions,4.819459174181539,1.010409914553649
16685.0,61,2,324.24,3,At-Risk / Churned,-0.7205900257456522,-0.2012847229586053
16686.0,47,7,3062.83,2,At-Risk / Churned,1.328747067439922,0.8292013351619346
16688.0,1,4,1260.86,0,Potential Loyalists,1.6970402376785894,-1.6890094468506303
16689.0,76,2,422.59999999999997,3,At-Risk / Churned,-0.6779995530126384,0.032204330424859165
16690.0,72,2,225.57999999999998,3,At-Risk / Churned,-0.9545273044297098,-0.22922377377033895
16692.0,256,2,1276.0,2,At-Risk / Churned,-0.6149167190721923,1.1977709167765116
16693.0,69,2,482.01,3,At-Risk / Churned,-0.5792981878535253,0.01952008539807787
16696.0,135,4,657.9000000000001,2,At-Risk / Churned,-0.2236499974547282,0.7498472268926036
16697.0,241,1,112.75,3,At-Risk / Churned,-2.106258149962664,0.124161033295459
16698.0,227,2,1998.0,2,At-Risk / Churned,-0.35651069285541115,1.2848765483553606
16700.0,9,13,5076.55,1,Champions,2.6740720643686604,0.23346685310581036
16701.0,9,13,5398.3,1,Champions,2.7032276811221427,0.2558168763571358
16705.0,1,20,14034.99,1,Champions,4.138343541412902,-0.26126477966814055
16706.0,37,3,531.35,0,Potential Loyalists,-0.03947549952345179,-0.2218839857466386
16708.0,46,1,656.63,0,Potential Loyalists,-0.6474092105019368,-0.2765725489942061
16709.0,85,5,3029.87,2,At-Risk / Churned,0.8405554986375776,1.0844502961540168
16710.0,19,10,2483.04,1,Champions,1.85179529036602,0.32019444390945795
16711.0,3,5,1651.03,1,Champions,1.7249463120410788,-1.081484755675872
16712.0,9,11,3645.43,1,Champions,2.3775232698078983,0.053799984747627316
16713.0,19,15,6923.13,1,Champions,2.6771887701915382,0.8370736208339691
16714.0,219,3,1161.53,2,At-Risk / Churned,-0.3398548168416509,1.1755900990944006
16715.0,78,1,301.71999999999997,3,At-Risk / Churned,-1.2140035274712941,-0.2295525964689805
16716.0,267,2,901.2,3,At-Risk / Churned,-0.7958004256906032,1.097958356871097
16717.0,24,6,3858.38,1,Champions,1.5667662503710846,0.44828315273377034
16718.0,369,1,623.75,3,At-Risk / Churned,-1.4601946971264586,1.0129632057071907
16719.0,15,7,1790.42,1,Champions,1.493884746695425,-0.06255118570556398
16720.0,26,1,155.24,0,Potential Loyalists,-1.1176212069517162,-1.1508367828023824
16721.0,262,1,292.47,3,At-Risk / Churned,-1.6883059257885962,0.5216897551896716
16722.0,17,13,4730.81,1,Champions,2.416003247875388,0.5804778586223862
16723.0,91,2,589.15,3,At-Risk / Churned,-0.5886606604201702,0.26566845470871925
16725.0,302,7,781.02,2,At-Risk / Churned,-0.023314568842242565,1.5006510850573527
16726.0,26,5,1382.02,2,At-Risk / Churned,0.9109333265721863,0.06453531669405778
16727.0,364,1,272.82,3,At-Risk / Churned,-1.846430059377491,0.7042725181549006
16728.0,46,4,1054.67,2,At-Risk / Churned,0.406029834368775,0.24766903207804908
16729.0,38,21,7239.92,1,Champions,2.731290623479829,1.3991218032747217
16730.0,52,3,743.11,2,At-Risk / Churned,-0.0076927298771531155,0.11087688568090924
16732.0,32,1,603.75,0,Potential Loyalists,-0.5520557781526969,-0.5312784839651958
16734.0,52,3,650.51,2,At-Risk / Churned,-0.07075653119389928,0.06253363032590493
16735.0,79,5,2300.56,2,At-Risk / Churned,0.7375689724941409,0.9384665776863353
16737.0,53,1,417.59999999999997,3,At-Risk / Churned,-0.9148210731973088,-0.3528718185512522
16738.0,298,1,3.75,3,At-Risk / Churned,-3.6941329257872417,-0.8970147618959479
16739.0,177,1,323.0,3,At-Risk / Churned,-1.4921743799628246,0.3101912294416383
16742.0,47,1,464.9,3,At-Risk / Churned,-0.8190126081093758,-0.38860459266204206
16743.0,29,7,2238.09,2,At-Risk / Churned,1.3595318887793706,0.417136995240642
16744.0,11,7,1304.76,1,Champions,1.453754476270782,-0.3599769885365274
16745.0,87,17,7194.3,1,Champions,2.2358126384063115,1.8356610338512256
16746.0,5,18,6697.66,1,Champions,3.2769898355244873,0.1277285870489793
16747.0,38,2,836.06,2,At-Risk / Churned,-0.09485746943348163,-0.15131482968377116
16748.0,18,5,1515.9,2,At-Risk / Churned,1.0890555870034988,-0.12464361129216536
16750.0,45,5,623.93,2,At-Risk / Churned,0.33037569823047036,0.11336891956137189
16751.0,31,1,1764.72,2,At-Risk / Churned,-0.031834243771441104,-0.1610120135294164
16752.0,373,1,207.5,3,At-Risk / Churned,-1.9850636741752383,0.6205779049647904
16753.0,58,1,223.92000000000002,3,At-Risk / Churned,-1.2434260611544856,-0.522689492184174
16754.0,372,1,2002.4,3,At-Risk / Churned,-0.9103293651559053,1.4419626768690361
16755.0,114,3,1496.83,2,At-Risk / Churned,0.028279613732042463,0.856494339752727
16756.0,215,1,239.4,3,At-Risk / Churned,-1.7077320953938058,0.32430700211549185
16757.0,319,1,106.83000000000001,3,At-Risk / Churned,-2.238378170067494,0.2818512779130807
16758.0,65,1,369.34000000000003,3,At-Risk / Churned,-1.0496288284666118,-0.2702034466494012
16759.0,8,3,789.79,0,Potential Loyalists,0.6987014037619789,-0.9911375720184952
16761.0,97,1,316.62,3,At-Risk / Churned,-1.2735573979904928,-0.07543232430702027
16762.0,20,3,1501.38,2,At-Risk / Churned,0.6794768656280523,-0.2204837884531632
16763.0,199,1,611.85,3,At-Risk / Churned,-1.2342468541702938,0.6159319078924308
16764.0,4,13,2799.25,1,Champions,2.6565313307301768,-0.42248252851755963
16765.0,294,1,34.0,3,At-Risk / Churned,-2.741244476987906,-0.1790366329009125
16766.0,273,2,1145.6,3,At-Risk / Churned,-0.6905054960818829,1.1991984271745164
16767.0,31,11,5580.6,1,Champions,2.135083973196851,0.9461179461392867
16768.0,48,3,478.09000000000003,2,At-Risk / Churned,-0.18664502089606674,-0.09904197622250731
16769.0,260,1,380.39,3,At-Risk / Churned,-1.5610386014836473,0.6121740687201581
16770.0,58,5,770.1,2,At-Risk / Churned,0.335004843263956,0.3476282165394694
16771.0,33,5,2246.81,2,At-Risk / Churned,1.0533211831896971,0.38736723601276
16773.0,57,1,171.59,3,At-Risk / Churned,-1.3625630170549297,-0.6298625796739532
16774.0,68,4,661.52,2,At-Risk / Churned,0.038235823672510334,0.3216319488572941
16775.0,10,11,1695.66,1,Champions,1.9780432947297504,-0.16408571433040375
16776.0,60,1,388.28,3,At-Risk / Churned,-0.9958566635389859,-0.3020077754891721
16777.0,80,2,226.35,3,At-Risk / Churned,-0.9926537891466792,-0.16205885063874195
16778.0,74,2,245.94,3,At-Risk / Churned,-0.9240230399987464,-0.1807860594406159
16779.0,2,22,10629.720000000001,1,Champions,3.933835857526467,-0.07032228135402946
16780.0,100,2,425.19,3,At-Risk / Churned,-0.7787814660911088,0.20643896363112166
16781.0,372,1,311.25,3,At-Risk / Churned,-1.7923926601950286,0.7657933020294387
16782.0,10,13,2279.9,1,Champions,2.2579018720286697,0.0027868184791306956
16784.0,20,1,107.6,0,Potential Loyalists,-1.1941879153767525,-1.442483440677152
16788.0,123,2,597.48,3,At-Risk / Churned,-0.6960690916549328,0.46001551931454837
16789.0,8,1,80.8,0,Potential Loyalists,-1.0049000788645688,-2.08277062266829
16790.0,4,6,1545.6200000000001,1,Champions,1.747831372103241,-0.9047624073884278
16791.0,29,7,1721.78,2,At-Risk / Churned,1.2351420255381023,0.3217825954631285
16792.0,282,2,110.38000000000001,3,At-Risk / Churned,-1.8092838631796537,0.37152618894380857
16793.0,57,1,243.84,3,At-Risk / Churned,-1.196624890139469,-0.5026582393850806
16794.0,1,10,1222.71,1,Champions,2.395685566891612,-1.3972207819157108
16795.0,365,1,414.88,3,At-Risk / Churned,-1.6491553048667444,0.8580348724253131
16796.0,89,1,305.62,3,At-Risk / Churned,-1.257742710585394,-0.1422449861242991
16800.0,11,1,1201.49,0,Potential Loyalists,0.16065957324592176,-0.9226166168608251
16801.0,163,4,1619.73,2,At-Risk / Churned,0.13192264321842923,1.1959541248967303
16803.0,65,1,332.3,3,At-Risk / Churned,-1.0996345734912651,-0.3085366972697079
16804.0,23,3,536.99,0,Potential Loyalists,0.14112131269981185,-0.5093996846832937
16805.0,174,2,460.59,3,At-Risk / Churned,-0.9509548215494856,0.5839595291094695
16806.0,103,4,801.49,2,At-Risk / Churned,-0.027588025384087656,0.6514802711643259
16807.0,143,3,1121.59,2,At-Risk / Churned,-0.1944973679151994,0.8941690929798272
16808.0,99,2,288.42,3,At-Risk / Churned,-0.9586271301631335,0.05935010650972031
16809.0,23,5,914.69,2,At-Risk / Churned,0.7602675504534936,-0.160138925141399
16810.0,192,1,309.54,3,At-Risk / Churned,-1.5432251788465634,0.3460521388442741
16811.0,5,2,547.07,0,Potential Loyalists,0.4194307673343513,-1.4921141126230528
16812.0,361,1,479.35,3,At-Risk / Churned,-1.576567073917825,0.9034931236729349
16813.0,8,10,1692.98,1,Champions,1.9752654038445276,-0.32532172774805795
16814.0,14,21,6509.1,1,Champions,3.0459218170315787,0.7546128824803974
16816.0,103,4,417.06,2,At-Risk / Churned,-0.33702934875818785,0.4142696907534013
16817.0,3,9,1604.75,1,Champions,2.173539481465893,-0.8955416062762798
16818.0,11,11,3349.57,1,Champions,2.267700614938283,0.13861288146775236
16820.0,96,1,497.61,3,At-Risk / Churned,-1.055638062430527,0.08211249242856343
16823.0,227,1,358.38,3,At-Risk / Churned,-1.537593175733231,0.5048484258563142
16824.0,16,2,460.64,0,Potential Loyalists,-0.05996648249955216,-0.8942479195719436
16825.0,39,2,775.1800000000001,2,At-Risk / Churned,-0.14036459056235923,-0.1627315518888433
16826.0,51,1,341.7,3,At-Risk / Churned,-0.9953353558800407,-0.44957507821550047
16828.0,93,2,128.5,3,At-Risk / Churned,-1.3166031336439372,-0.27242057796057184
16829.0,157,1,197.22,3,At-Risk / Churned,-1.6798003762487836,0.05588134394198182
16830.0,39,1,325.91,0,Potential Loyalists,-0.917465170473002,-0.6330764664909878
16832.0,184,3,199.15,3,At-Risk / Churned,-1.1084868535901162,0.4257627178152936
16833.0,1,4,1106.53,0,Potential Loyalists,1.635135067170046,-1.7364645225549693
16834.0,228,1,413.46,3,At-Risk / Churned,-1.471598675468061,0.5594949064913861
16835.0,128,2,180.85,3,At-Risk / Churned,-1.276445274815735,0.051755081916165395
16836.0,40,2,251.87,0,Potential Loyalists,-0.6819948046932631,-0.5550443088937824
16837.0,31,11,3170.98,1,Champions,1.8669152695229805,0.7405460039277435
16838.0,197,2,588.85,3,At-Risk / Churned,-0.8817875145006216,0.7514406253107082
16839.0,9,34,16594.35,1,Champions,4.0649076368515855,1.0163488292967429
16841.0,37,6,1869.82,2,At-Risk / Churned,1.0631447513696832,0.4503362027882208
16842.0,101,3,1264.19,2,At-Risk / Churned,-0.0059808139936538,0.7190364811007911
16843.0,43,16,10196.57,1,Champions,2.614453650370464,1.5010877852221227
16846.0,50,1,214.32,3,At-Risk / Churned,-1.2084458424471543,-0.6309399836657812
16847.0,43,1,193.44,3,At-Risk / Churned,-1.2004347124939778,-0.761647955210606
16848.0,53,1,281.42,3,At-Risk / Churned,-1.1015601311986596,-0.49602167278173365
16849.0,187,1,124.57,3,At-Risk / Churned,-1.9628622254754151,3.763383144377448e-05
16850.0,334,1,332.41,3,At-Risk / Churned,-1.7202201722629162,0.7215217534282973
16851.0,4,3,342.45,0,Potential Loyalists,0.5275480572120469,-1.6671803865724837
16852.0,10,2,144.91000000000003,0,Potential Loyalists,-0.44019008651440633,-1.5892305457442075
16855.0,24,2,328.4,0,Potential Loyalists,-0.3674965934745306,-0.7725089797434656
16856.0,15,1,35.400000000000006,0,Potential Loyalists,-1.6089919656910698,-2.012527801652564
16858.0,369,1,375.69000000000005,3,At-Risk / Churned,-1.7002754774259885,0.8289228176317117
16859.0,145,2,747.81,3,At-Risk / Churned,-0.6521391370673126,0.6450830797816409
16861.0,60,2,173.76,3,At-Risk / Churned,-1.0091335925382885,-0.43754802705666374
16863.0,31,2,502.8,0,Potential Loyalists,-0.26019355839949515,-0.4614294604722713
16866.0,141,3,207.73999999999998,3,At-Risk / Churned,-0.987464461742529,0.27333445986217797
16869.0,23,4,825.42,2,At-Risk / Churned,0.5466700273646323,-0.26750733760252376
16871.0,22,6,2812.34,2,At-Risk / Churned,1.4486113280629596,0.2804189016053831
16872.0,77,3,680.02,2,At-Risk / Churned,-0.1973921952330955,0.32364139082910803
16873.0,5,6,7123.62,1,Champions,2.4030070706009674,-0.23351941969986054
16875.0,67,5,2095.53,2,At-Risk / Churned,0.7553946960046759,0.8014867232438537
16877.0,12,6,853.72,2,At-Risk / Churned,1.101288565280913,-0.5146892729026297
16878.0,84,1,13.3,3,At-Risk / Churned,-2.6905156806887245,-1.2935578845281652
16880.0,31,7,1519.08,2,At-Risk / Churned,1.1510801887748154,0.31716580773176634
16881.0,67,1,432.0,3,At-Risk / Churned,-0.9868587504109683,-0.19441356717192215
16882.0,67,3,705.12,2,At-Risk / Churned,-0.12779003899619362,0.24982014246290735
16883.0,187,2,276.73,3,At-Risk / Churned,-1.219412550645611,0.4445865408463005
16884.0,38,2,429.84000000000003,0,Potential Loyalists,-0.41002382888792427,-0.3929140906906927
16885.0,15,3,471.51,0,Potential Loyalists,0.23447141984315248,-0.8136798425207603
16887.0,35,1,194.88,0,Potential Loyalists,-1.120253337701332,-0.8861916502830162
16889.0,195,3,1578.67,2,At-Risk / Churned,-0.15021471461641783,1.2138907758891277
16891.0,2,5,809.7,0,Potential Loyalists,1.497071823794836,-1.5228309450688342
16892.0,1,5,525.54,0,Potential Loyalists,1.4472122941308756,-1.9368923069713704
16893.0,367,1,145.93,3,At-Risk / Churned,-2.1449626293633237,0.4830118493076552
16895.0,65,1,219.14,3,At-Risk / Churned,-1.296461662496915,-0.45941980336080185
16897.0,299,2,289.78,3,At-Risk / Churned,-1.3762025243504428,0.7575896982582202
16898.0,26,3,508.81,0,Potential Loyalists,0.07058339784811869,-0.4542950896938982
16899.0,8,6,1281.56,1,Champions,1.4343878139067088,-0.6002004014957804
16900.0,17,3,887.11,0,Potential Loyalists,0.4889130500022958,-0.5094534248441532
16902.0,116,1,1706.88,2,At-Risk / Churned,-0.5430318528670459,0.6488307468200012
16903.0,29,1,373.24,0,Potential Loyalists,-0.7433735882539011,-0.7662847386824113
16904.0,4,16,3754.27,1,Champions,2.971411524033997,-0.24113215727829074
16905.0,5,7,3102.43,1,Champions,2.1294341240887205,-0.4845196167084166
16906.0,82,4,579.77,2,At-Risk / Churned,-0.09484875639261864,0.3908490663829477
16907.0,29,5,981.65,2,At-Risk / Churned,0.7084906139413067,0.007009855714728265
16909.0,72,1,379.14,3,At-Risk / Churned,-1.0757542228822292,-0.19679106897020834
16910.0,4,8,1510.06,1,Champions,1.9641244608887665,-0.8166589821005756
16912.0,29,11,2575.38,1,Champions,1.7928873584591143,0.6239748377355788
16913.0,290,1,113.44,3,At-Risk / Churned,-2.173845468774648,0.2432637455996516
16914.0,36,1,208.46,0,Potential Loyalists,-1.098914674633715,-0.8444368284680577
16915.0,9,6,621.6800000000001,0,Potential Loyalists,1.0512381639069737,-0.7962516321756367
16916.0,24,2,576.26,0,Potential Loyalists,-0.10127325416188436,-0.5684283089762303
16917.0,277,1,391.52,3,At-Risk / Churned,-1.5715005520267396,0.6626444937480085
16918.0,50,6,1068.82,2,At-Risk / Churned,0.685499510117579,0.43358322596143817
16919.0,156,11,2596.45,2,At-Risk / Churned,1.1643278332980895,1.6762595347015932
16921.0,61,1,169.79,3,At-Risk / Churned,-1.3930220934922048,-0.5913931705935528
16923.0,12,19,7247.61,1,Champions,3.0653798108381762,0.6663517916989902
16924.0,21,3,846.75,0,Potential Loyalists,0.3901625537539904,-0.3991443899334455
16926.0,371,1,230.25,3,At-Risk / Churned,-1.933871821907493,0.6548502200261879
16927.0,116,3,543.05,2,At-Risk / Churned,-0.4588848724946106,0.49902733306985103
16928.0,80,17,2847.6,1,Champions,1.8277816641930191,1.4460423473179753
16929.0,4,7,1295.39,1,Champions,1.7848697531716553,-0.9176551257505704
16930.0,26,3,380.55,0,Potential Loyalists,-0.06693490697967057,-0.5597134499491938
16931.0,5,21,4604.22,1,Champions,3.231786471025011,0.047749592915519896
16932.0,53,1,161.94,3,At-Risk / Churned,-1.3625604283521093,-0.6960984799130967
16933.0,1,2,563.23,0,Potential Loyalists,0.8530202787146351,-2.178077651539651
16934.0,55,2,950.9300000000001,2,At-Risk / Churned,-0.17208099997033088,0.12484360206761003
16936.0,26,1,262.68,0,Potential Loyalists,-0.8692769020841659,-0.9604617674132454
16938.0,9,4,2736.38,1,Champions,1.4495306923231783,-0.38689864916055483
16940.0,52,3,3049.88,2,At-Risk / Churned,0.6618738191744251,0.6241511568494328
16942.0,13,9,1920.59,1,Champions,1.7800440106419104,-0.03595508955111793
16943.0,212,3,816.73,2,At-Risk / Churned,-0.49445043209324263,1.027107838915527
16945.0,22,19,4345.5,1,Champions,2.6046687177274657,0.8420398517309762
16947.0,236,1,406.48,3,At-Risk / Churned,-1.4927796986050998,0.5750872778988606
16948.0,139,3,435.02,3,At-Risk / Churned,-0.6325027551785517,0.5322916674661843
16949.0,4,6,1286.27,1,Champions,1.6607314098100865,-0.9715312292899247
16950.0,57,3,1178.56,2,At-Risk / Churned,0.1764806747894997,0.33562426452566285
16951.0,135,3,1277.75,2,At-Risk / Churned,-0.11085055974587077,0.9053086163418459
16952.0,109,2,167.61,3,At-Risk / Churned,-1.2514334374842278,-0.07676201957779737
16953.0,30,1,20.8,3,At-Risk / Churned,-2.1049988385784775,-1.779681179578045
16954.0,1,9,2085.08,1,Champions,2.5625874924026455,-1.239809435359749
16955.0,185,4,518.67,2,At-Risk / Churned,-0.45593210333887124,0.8620011654776585
16956.0,18,1,308.74,0,Potential Loyalists,-0.6586026528233188,-1.1246870916610028
16957.0,239,2,416.64,3,At-Risk / Churned,-1.1191286760065693,0.7478167942926223
16959.0,87,1,117.35000000000001,3,At-Risk / Churned,-1.7008946644778102,-0.502785950120899
16960.0,39,3,507.05,0,Potential Loyalists,-0.08124648410394818,-0.20635905895956794
16961.0,116,1,234.17,3,At-Risk / Churned,-1.4838912051466786,-0.0724103292126327
16963.0,187,1,110.55000000000001,3,At-Risk / Churned,-2.0190425823839195,-0.04302893182516718
16965.0,227,1,201.19,3,At-Risk / Churned,-1.810532375050496,0.2956195317287225
16966.0,8,7,2154.97,1,Champions,1.8016410516660157,-0.3599580280031774
16967.0,189,1,319.02,3,At-Risk / Churned,-1.5229692448135106,0.3470583833681258
16968.0,4,2,439.43,0,Potential Loyalists,0.3853415161723011,-1.6872465567959378
16969.0,39,3,650.41,2,At-Risk / Churned,0.036703522366348204,-0.11594130483024627
16971.0,38,1,357.21,0,Potential Loyalists,-0.8644019399601444,-0.6158674051339291
16976.0,267,1,251.51999999999998,3,At-Risk / Churned,-1.7668177484173224,0.4789613404319049
16978.0,78,1,344.33,3,At-Risk / Churned,-1.1515110334557144,-0.181647292112327
16979.0,4,6,1852.0,1,Champions,1.8335959158029216,-0.8390172865757041
16980.0,255,2,1078.96,3,At-Risk / Churned,-0.6929540159218601,1.1343355350822073
16982.0,61,1,384.06,3,At-Risk / Churned,-1.0072423987557322,-0.2956633556439334
16983.0,13,7,1931.25,1,Champions,1.5808206810100054,-0.11968315590976816
16984.0,88,2,4481.35,2,At-Risk / Churned,0.386138504279442,0.9821970343120638
16985.0,17,10,5464.12,1,Champions,2.266225874910755,0.5402249174335055
16986.0,30,2,1873.2,2,At-Risk / Churned,0.37536165148038514,-0.003656508079102391
16987.0,3,7,1625.05,1,Champions,1.9776524451983388,-0.9767121471023038
16988.0,5,1,126.12,0,Potential Loyalists,-0.6407637994332586,-2.1794723472335242
16989.0,7,6,1133.25,1,Champions,1.4210810265916556,-0.7195784110650069
16990.0,219,1,179.0,3,At-Risk / Churned,-1.8520489491407413,0.2306855078856939
16992.0,11,5,1614.31,2,At-Risk / Churned,1.294479716070939,-0.3931272618442122
16996.0,30,6,1456.96,2,At-Risk / Churned,1.022623876803382,0.23055063833314185
16997.0,288,3,702.0,3,At-Risk / Churned,-0.6827858732499766,1.1655744011851732
16998.0,150,4,295.0,3,At-Risk / Churned,-0.6433575002220359,0.5250897683127816
16999.0,23,2,484.82,0,Potential Loyalists,-0.16751007251952657,-0.6570433014228748
17001.0,1,11,3989.57,1,Champions,3.0353153242748117,-0.9337977057155555
17002.0,86,3,1493.73,2,At-Risk / Churned,0.13391669502316617,0.6788358960931546
17004.0,46,2,1412.94,2,At-Risk / Churned,0.08261441282314115,0.15768425664473715
17006.0,5,4,781.78,0,Potential Loyalists,1.0506545137632424,-1.16617057575244
17007.0,51,6,889.9300000000001,2,At-Risk / Churned,0.5912492546486953,0.37933247666043834
17010.0,18,1,195.36,0,Potential Loyalists,-0.8748876737872309,-1.2904861995423154
17011.0,30,1,270.9,0,Potential Loyalists,-0.9074993857485968,-0.8617057225505234
17014.0,8,3,586.33,0,Potential Loyalists,0.5575531946056032,-1.0993385331986814
17015.0,29,3,1842.56,2,At-Risk / Churned,0.6402973126181668,0.0800969080447202
17017.0,3,20,8694.26,1,Champions,3.6462499181501595,0.004010660027515432
17018.0,41,2,920.1,2,At-Risk / Churned,-0.07777542015664721,-0.06952677909132149
17019.0,11,4,1272.61,0,Potential Loyalists,1.0167741250129196,-0.5496394403872906
17022.0,31,1,71.0,3,At-Risk / Churned,-1.550177556237789,-1.3249389722367475
17024.0,45,3,95.85,3,At-Risk / Churned,-0.9211534491499506,-0.7206619909055673
17025.0,61,3,357.77,3,At-Risk / Churned,-0.4138015638874965,-0.05505384875577477
17026.0,185,2,154.82999999999998,3,At-Risk / Churned,-1.4895514757706916,0.22759042403923663
17027.0,79,6,890.29,2,At-Risk / Churned,0.426830858175866,0.6526013103866157
17029.0,111,2,716.0,3,At-Risk / Churned,-0.571435849844488,0.46121044617633483
17030.0,64,1,146.87,3,At-Risk / Churned,-1.4794592985825763,-0.6138535390705628
17031.0,12,2,380.35,0,Potential Loyalists,-0.048126119345267504,-1.1338349111338086
17033.0,86,3,1030.14,2,At-Risk / Churned,-0.04226877050961709,0.5437761824023798
17034.0,16,3,745.52,0,Potential Loyalists,0.42834040449883987,-0.6088692078621709
17035.0,246,2,433.53000000000003,3,At-Risk / Churned,-1.1113013555492868,0.7804659031237416
17037.0,88,1,1267.32,3,At-Risk / Churned,-0.5797104260502699,0.36716198826169194
17038.0,30,1,112.4,0,Potential Loyalists,-1.3224859810992335,-1.1798248737760682
17040.0,138,1,449.73,3,At-Risk / Churned,-1.2410171109455526,0.27348241636092807
17041.0,27,3,1081.57,2,At-Risk / Churned,0.41403725652645584,-0.15730080648451
17042.0,3,5,1044.3799999999999,0,Potential Loyalists,1.5077877430697677,-1.2479535053089472
17043.0,32,4,1735.18,2,At-Risk / Churned,0.77724868300789,0.2044351616648717
17044.0,25,1,948.48,0,Potential Loyalists,-0.246892323698412,-0.518338974415295
17045.0,113,3,339.44,3,At-Risk / Churned,-0.6714220171013107,0.31202364785114794
17046.0,157,1,642.02,3,At-Risk / Churned,-1.1213689483449354,0.4839619948659962
17047.0,85,3,1100.9,2,At-Risk / Churned,-0.006355846971396198,0.5605900589386345
17048.0,118,3,925.35,2,At-Risk / Churned,-0.21280912577290262,0.7033744795301294
17049.0,3,9,5659.9800000000005,1,Champions,2.771455874960428,-0.4371926915562601
17050.0,96,6,3228.84,2,At-Risk / Churned,0.9641743740596647,1.2431225051337702
17051.0,194,1,247.14000000000001,3,At-Risk / Churned,-1.6536119818208581,0.27098828769879696
17052.0,28,1,413.75,0,Potential Loyalists,-0.6816471726345388,-0.750391260317212
17053.0,131,1,498.48,3,At-Risk / Churned,-1.1725380287469824,0.2780802554832898
17054.0,28,5,1356.33,2,At-Risk / Churned,0.8747300248966191,0.10302058543408212
17058.0,82,3,1179.89,2,At-Risk / Churned,0.040065092132374365,0.5632628530360996
17059.0,30,5,3095.04,2,At-Risk / Churned,1.2405492517496521,0.445267800603125
17060.0,266,1,234.24,3,At-Risk / Churned,-1.7990262593267876,0.4508058536813589
17061.0,74,11,5232.2300000000005,1,Champions,1.7790315015780953,1.4626961033261476
17062.0,314,4,538.37,3,At-Risk / Churned,-0.6395856446888515,1.209550538442204
17063.0,21,7,1461.14,2,At-Risk / Churned,1.2758161829298282,0.06546870440513489
17064.0,59,3,859.35,2,At-Risk / Churned,0.013783344514788107,0.2423288121485399
17068.0,12,21,4552.14,1,Champions,2.93093930111992,0.533824617680824
17069.0,28,9,2709.7000000000003,1,Champions,1.6650361095312403,0.5509129731157
17070.0,114,1,312.14,3,At-Risk / Churned,-1.3414237604836508,0.020819876762197334
17071.0,28,9,2429.03,1,Champions,1.6131679190436254,0.5111520147657485
17073.0,18,4,1446.09,2,At-Risk / Churned,0.9017760456083797,-0.211837266081157
17075.0,18,4,834.12,2,At-Risk / Churned,0.6409080460767953,-0.4118126569073949
17076.0,36,3,841.0799999999999,2,At-Risk / Churned,0.18832405748871892,-0.07197785783978197
17078.0,36,2,378.2,0,Potential Loyalists,-0.45049294346581403,-0.47273415099199123
17079.0,78,1,118.80000000000001,3,At-Risk / Churned,-1.6538897276945668,-0.5667592104142345
17080.0,22,2,287.62,0,Potential Loyalists,-0.39835031402881527,-0.8734501434419177
17081.0,25,2,290.16,0,Potential Loyalists,-0.44104105272540395,-0.7925313755945794
17082.0,33,2,2003.85,2,At-Risk / Churned,0.37204172194320023,0.07942266437471458
17083.0,109,3,1405.78,2,At-Risk / Churned,0.015505499455010252,0.8054980603961701
17084.0,35,2,2949.75,2,At-Risk / Churned,0.5336033487338284,0.25625427086785657
17085.0,123,5,1566.65,2,At-Risk / Churned,0.3878779204118059,1.0766357468126853
17086.0,7,6,2050.08,1,Champions,1.7021928346684796,-0.5040845835853088
17088.0,28,4,1991.01,2,At-Risk / Churned,0.8918509072553047,0.17251558045499876
17090.0,4,7,2043.95,1,Champions,2.0011577798529556,-0.7518537137556429
17091.0,3,9,3827.76,1,Champions,2.585886285593382,-0.5794460581085898
17092.0,50,4,1777.78,2,At-Risk / Churned,0.6224085376583021,0.4892502602437343
17094.0,322,1,302.0,3,At-Risk / Churned,-1.7516657328731944,0.6636033480666217
17095.0,23,3,1324.16,2,At-Risk / Churned,0.5688897579347416,-0.18148226218383476
17096.0,15,4,1022.13,2,At-Risk / Churned,0.8029277328758977,-0.44690628842845254
17097.0,2,8,954.42,1,Champions,1.9417863132379118,-1.3072855400493482
17100.0,18,2,971.74,0,Potential Loyalists,0.2512176646636921,-0.5526022877667774
17101.0,10,4,1621.73,2,At-Risk / Churned,1.1649809166360594,-0.5166815085563433
17102.0,262,1,25.5,3,At-Risk / Churned,-2.8293862149037796,-0.3530360723923262
17105.0,159,2,665.78,3,At-Risk / Churned,-0.7421865791334644,0.6609317139780072
17107.0,33,6,10815.43,1,Champions,1.9383068443699474,1.018116232459068
17109.0,29,6,885.04,2,At-Risk / Churned,0.7988203867564392,0.028593978993273157
17110.0,165,1,163.29999999999998,3,At-Risk / Churned,-1.7877365609451292,0.01892387656588778
17111.0,47,1,248.61,3,At-Risk / Churned,-1.1151559972674785,-0.6156212834552263
17114.0,6,8,808.62,1,Champions,1.5394418708581292,-0.8303226373986751
17115.0,8,3,837.5,0,Potential Loyalists,0.7265006497984383,-0.9698273112705391
17117.0,288,1,116.19999999999999,3,At-Risk / Churned,-2.159901427105158,0.247560239030798
17118.0,318,1,157.02,3,At-Risk / Churned,-2.0558313625535383,0.4188862391874892
17119.0,3,2,606.91,0,Potential Loyalists,0.6235395541882917,-1.7114892215380906
17120.0,233,1,307.46,3,At-Risk / Churned,-1.6200221409120097,0.46573789549180433
17122.0,119,1,138.32,3,At-Risk / Churned,-1.7420011416200059,-0.24680346541101036
17123.0,162,1,345.29999999999995,3,At-Risk / Churned,-1.4269492754063762,0.27859001108574183
17124.0,185,1,298.89,3,At-Risk / Churned,-1.5456682001973767,0.30993510163966453
17125.0,50,1,259.35,3,At-Risk / Churned,-1.1183309829029793,-0.5618600110782807
17126.0,152,5,1004.75,2,At-Risk / Churned,0.09695392276461241,1.0484216083765905
17128.0,335,1,157.09,3,At-Risk / Churned,-2.075460811116376,0.4519653257128318
17131.0,5,5,2463.17,1,Champions,1.7597533370003522,-0.6789622966538671
17133.0,16,7,4892.240000000001,1,Champions,1.9475531106744768,0.34141566017821084
17134.0,107,2,425.0,3,At-Risk / Churned,-0.8045990950919083,0.2487624030765655
17135.0,16,7,1139.73,2,At-Risk / Churned,1.256542453896891,-0.18829716930765478
17138.0,276,1,380.5,3,At-Risk / Churned,-1.5836366963102602,0.6500008920466569
17139.0,16,12,10668.47,1,Champions,2.7566426976925227,0.8115348549446363
17140.0,247,1,465.32,3,At-Risk / Churned,-1.4461105479764689,0.6529165645049254
17142.0,239,1,579.0,3,At-Risk / Churned,-1.3300583921554443,0.7114854036124876
17144.0,1,2,984.57,0,Potential Loyalists,1.1176957957082156,-1.9751835056575704
17146.0,106,3,749.78,2,At-Risk / Churned,-0.27191040749340983,0.5595404569001119
17147.0,23,4,1714.59,2,At-Risk / Churned,0.893274415059418,-0.0018084093483447508
17148.0,52,1,124.88,3,At-Risk / Churned,-1.4778728602857616,-0.8018207408433223
17152.0,195,3,1689.5,2,At-Risk / Churned,-0.11803729759766295,1.238557241517946
17153.0,24,1,213.78,0,Potential Loyalists,-0.93720613842034,-1.083872710967734
17154.0,75,1,329.34,3,At-Risk / Churned,-1.1577764229032679,-0.22233606935317554
17155.0,18,2,251.70000000000002,0,Potential Loyalists,-0.3884139831511704,-1.0429291541753996
17157.0,8,2,319.0,0,Potential Loyalists,0.00915656737916792,-1.4307806536374927
17158.0,32,3,1266.97,2,At-Risk / Churned,0.42626813881946973,0.004373515311232275
17159.0,22,3,1538.88,2,At-Risk / Churned,0.6564140318662853,-0.1538382105907691
17160.0,31,6,3518.03,2,At-Risk / Churned,1.4286268771975423,0.5712121836239636
17162.0,29,10,1715.46,1,Champions,1.5214610744169745,0.4428080506056427
17163.0,22,2,293.1,0,Potential Loyalists,-0.3894248407982299,-0.8666080815531451
17164.0,33,7,2467.35,2,At-Risk / Churned,1.3579625466771528,0.5319521941331503
17165.0,284,1,158.68,3,At-Risk / Churned,-2.0078068943989953,0.35123322187150285
17166.0,39,2,206.34,0,Potential Loyalists,-0.766761791573513,-0.6429131966654794
17169.0,58,2,835.78,2,At-Risk / Churned,-0.253204023516531,0.11102941569811083
17171.0,289,1,224.91,3,At-Risk / Churned,-1.8498057858413017,0.48847425901876385
17172.0,79,1,317.76,3,At-Risk / Churned,-1.1943098079499435,-0.20279611958265073
17173.0,5,8,3766.6,1,Champions,2.3280034926939384,-0.3687172995656559
17174.0,218,1,59.9,3,At-Risk / Churned,-2.3645723913030006,-0.166426090415795
17175.0,44,4,1443.69,2,At-Risk / Churned,0.571516857407237,0.33421965176829815
17176.0,202,1,306.13,3,At-Risk / Churned,-1.5677678184041197,0.37406322084518207
17179.0,178,3,711.79,2,At-Risk / Churned,-0.4931727184556486,0.8668872429184551
17180.0,56,4,796.03,2,At-Risk / Churned,0.1989552650431305,0.2677397924139945
17181.0,57,2,239.92000000000002,3,At-Risk / Churned,-0.8375130937601495,-0.3527338842143347
17183.0,8,6,3347.31,1,Champions,1.8897500372562652,-0.2511302252175781
17186.0,47,2,144.0,3,At-Risk / Churned,-1.0061362114012722,-0.6574116945060238
17187.0,227,1,203.95,3,At-Risk / Churned,-1.8040985421580489,0.300551559610594
17188.0,11,7,2474.23,1,Champions,1.7572421201753243,-0.12733036146950374
17189.0,106,2,384.40000000000003,3,At-Risk / Churned,-0.8485727140344234,0.20643051872186358
17190.0,59,2,444.74,3,At-Risk / Churned,-0.5585002187146677,-0.10742448241443624
17191.0,28,7,2095.13,2,At-Risk / Churned,1.3411780534473199,0.37164280049059933
17193.0,36,7,1699.3000000000002,2,At-Risk / Churned,1.1487711376999434,0.4499701707525246
17194.0,274,2,262.62,3,At-Risk / Churned,-1.389485917978445,0.6667529792765503
17197.0,30,1,1013.01,0,Potential Loyalists,-0.28290105011242417,-0.38290304647473056
17198.0,24,3,692.22,0,Potential Loyalists,0.24582050693651344,-0.39130032212482446
17201.0,54,1,342.63,3,At-Risk / Churned,-1.0154821554690563,-0.4130278054047236
17203.0,36,6,3563.85,2,At-Risk / Churned,1.379289011801515,0.6679653424308877
17204.0,175,4,1564.56,2,At-Risk / Churned,0.08850377614178608,1.2281281867101412
17205.0,54,1,384.08,3,At-Risk / Churned,-0.9614395022700787,-0.3715999541000107
17206.0,53,1,204.24,3,At-Risk / Churned,-1.253038812411197,-0.6121417355403422
17211.0,27,8,2317.2200000000003,1,Champions,1.508918750344518,0.4312851621922227
17212.0,253,1,226.85,3,At-Risk / Churned,-1.7950995989014376,0.40754849578354796
17213.0,40,7,2781.23,2,At-Risk / Churned,1.343228697771652,0.6941906793309811
17214.0,60,6,1069.1200000000001,2,At-Risk / Churned,0.6172149266791132,0.5472040870239543
17217.0,234,1,113.5,3,At-Risk / Churned,-2.0919235984655757,0.10794194845476571
17218.0,4,10,1960.72,1,Champions,2.269503138190566,-0.6446064751710534
17219.0,32,1,114.23,3,At-Risk / Churned,-1.3387794637845833,-1.1343627134950303
17220.0,24,14,3198.25,1,Champions,2.167155801486956,0.6728880395507945
17221.0,7,2,335.13,0,Potential Loyalists,0.07749982113722016,-1.487567625195575
17222.0,65,1,354.15,3,At-Risk / Churned,-1.0695029358363586,-0.28543847890987023
17223.0,310,2,426.79,3,At-Risk / Churned,-1.2067613892842504,0.9208587339195882
17226.0,309,1,393.49,3,At-Risk / Churned,-1.610757148199192,0.7335420647997368
17227.0,19,6,939.32,2,At-Risk / Churned,0.9819710324648162,-0.20684715746865076
17228.0,16,8,1906.09,1,Champions,1.6069533188678007,0.04390333632082569
17229.0,96,2,318.76,3,At-Risk / Churned,-0.8996809062353038,0.07630318673662619
17230.0,264,8,3638.41,2,At-Risk / Churned,0.8641233200728787,2.0203119363796875
17231.0,12,10,3174.32,1,Champions,2.1329141308886777,0.13638547858555344
17232.0,3,2,421.52,0,Potential Loyalists,0.450908608748999,-1.8438241221196614
17233.0,35,1,190.88,0,Potential Loyalists,-1.1300439579161896,-0.8936969138930144
17234.0,183,1,149.89000000000001,3,At-Risk / Churned,-1.8674781406747318,0.05322199757829786
17235.0,25,2,550.06,0,Potential Loyalists,-0.13830190274367898,-0.5604585267027835
17236.0,13,6,916.13,2,At-Risk / Churned,1.106413503930652,-0.4420672674943326
17237.0,11,2,314.69,0,Potential Loyalists,-0.1072068820967134,-1.2533193265381344
17238.0,3,17,3744.65,1,Champions,3.107165279007858,-0.36157859205214393
17239.0,313,1,382.5,3,At-Risk / Churned,-1.629063749433533,0.7313926039539898
17242.0,108,2,1135.04,2,At-Risk / Churned,-0.3426668932979957,0.6114122224914665
17243.0,1,26,8676.85,1,Champions,4.137494171355092,-0.33961775436088004
17244.0,53,1,954.9,0,Potential Loyalists,-0.5229801202715672,-0.05249558289279052
17245.0,205,1,171.45,3,At-Risk / Churned,-1.8472577068310778,0.1734110462392363
17247.0,15,1,282.19,0,Potential Loyalists,-0.6354609972872045,-1.2662414183568707
17248.0,120,1,318.65,3,At-Risk / Churned,-1.3510935487995215,0.06054973682601591
17250.0,4,2,384.52,0,Potential Loyalists,0.322153233837237,-1.7356852364280988
17251.0,363,1,283.28000000000003,3,At-Risk / Churned,-1.8275920345986352,0.7161702775724281
17252.0,117,2,353.86,3,At-Risk / Churned,-0.9251420340827934,0.23844029667631383
17253.0,18,1,178.26,0,Potential Loyalists,-0.9181236740952228,-1.323629920025008
17254.0,5,2,272.44,0,Potential Loyalists,0.08947704090332198,-1.7450490280442517
17255.0,41,2,298.41,0,Potential Loyalists,-0.6110358442189273,-0.47831191910658255
17256.0,107,2,240.0,3,At-Risk / Churned,-1.0749140888836117,0.041545164370584906
17259.0,148,2,603.37,3,At-Risk / Churned,-0.7616034320788768,0.5800238614154146
17262.0,52,5,1253.3600000000001,2,At-Risk / Churned,0.6068761388678904,0.45662873972998
17263.0,208,1,63.440000000000005,3,At-Risk / Churned,-2.319901280877044,-0.17550489737174937
17265.0,139,2,562.9,3,At-Risk / Churned,-0.7706857961554356,0.515309819578183
17266.0,2,3,310.64,0,Potential Loyalists,0.6766225867636595,-2.026405940267437
17267.0,127,2,317.62,3,At-Risk / Churned,-1.007344545216497,0.2508279477393932
17268.0,108,4,763.64,2,At-Risk / Churned,-0.06845793952141609,0.6636764548111571
17272.0,42,4,2148.63,2,At-Risk / Churned,0.7774693510133335,0.44995737233881444
17274.0,35,1,111.97999999999999,3,At-Risk / Churned,-1.381385614855188,-1.0863696302382209
17277.0,228,2,1065.3500000000001,3,At-Risk / Churned,-0.6563830719683836,1.0590579189524274
17278.0,241,1,246.04,3,At-Risk / Churned,-1.738234220766766,0.4062796879656606
17279.0,58,1,187.82999999999998,3,At-Risk / Churned,-1.3264210322095247,-0.5863115224950795
17282.0,130,3,1703.41,2,At-Risk / Churned,0.039813506093349764,0.9860834513777564
17284.0,60,6,1652.58,2,At-Risk / Churned,0.8237189919277834,0.7055053398777368
17286.0,22,1,153.92,0,Potential Loyalists,-1.060377476543588,-1.2555824307430132
17287.0,26,7,1064.11,2,At-Risk / Churned,1.0472169877085853,0.0800611438105942
17288.0,9,7,1419.73,1,Champions,1.5634667786739527,-0.4448744789118557
17289.0,32,3,944.41,2,At-Risk / Churned,0.28696673442402026,-0.10241172794069472
17290.0,4,2,525.24,0,Potential Loyalists,0.469811443037153,-1.622493859385011
17291.0,308,1,550.8000000000001,3,At-Risk / Churned,-1.4502725856066379,0.8535708792564394
17293.0,8,9,1875.1100000000001,1,Champions,1.937510180207221,-0.3247958307674007
17295.0,29,3,556.95,0,Potential Loyalists,0.07314104146864814,-0.3546720064496957
17297.0,17,1,131.78,0,Potential Loyalists,-1.0398921127948433,-1.4670916488550376
17298.0,101,2,498.42,3,At-Risk / Churned,-0.7073029863691049,0.2703651653854341
17299.0,12,4,669.11,0,Potential Loyalists,0.6814570654799693,-0.7324912977107745
17301.0,21,1,197.63,0,Potential Loyalists,-0.9254532255579774,-1.1933565503451027
17302.0,15,5,1135.63,2,At-Risk / Churned,1.0177715864261132,-0.3385824677855827
17303.0,361,1,250.04,3,At-Risk / Churned,-1.8844938182704,0.6674435846021156
17306.0,11,19,8631.31,1,Champions,3.178867934515864,0.6791547038706035
17309.0,95,1,82.75,3,At-Risk / Churned,-1.8982421814802484,-0.5734140284660048
17311.0,78,2,1384.85,2,At-Risk / Churned,-0.12534202861076824,0.4796277316183709
17312.0,139,3,644.3,2,At-Risk / Churned,-0.4464723073863177,0.6748983174563371
17313.0,31,1,2328.84,2,At-Risk / Churned,0.09972621025934329,-0.060160804261419995
17314.0,25,8,2527.92,1,Champions,1.5785178068788126,0.4159448477841892
17315.0,2,38,6292.26,1,Champions,4.162725187863525,-0.058129881059122285
17317.0,46,3,2600.34,2,At-Risk / Churned,0.632140772216893,0.4899924037027344
17320.0,100,3,1200.6200000000001,2,At-Risk / Churned,-0.02667911336435637,0.6940371942237817
17321.0,8,2,700.86,0,Potential Loyalists,0.38186213519128287,-1.1450731627985533
17323.0,15,7,921.07,2,At-Risk / Churned,1.1787260856990642,-0.30414454525210544
17324.0,18,4,990.23,2,At-Risk / Churned,0.7222295830135602,-0.3494734425893468
17325.0,280,1,96.8,3,At-Risk / Churned,-2.2350450776490978,0.16393588572579582
17329.0,14,2,523.11,0,Potential Loyalists,0.04808679311145997,-0.9274349913719293
17330.0,23,2,363.9,0,Potential Loyalists,-0.3033288973878356,-0.7611588795442611
17331.0,124,1,175.2,3,At-Risk / Churned,-1.6461573161772205,-0.1354924242973078
17333.0,86,1,494.25,3,At-Risk / Churned,-1.0172710662155093,0.010670461366643064
17334.0,302,2,307.02,3,At-Risk / Churned,-1.35267260904405,0.7848505082146469
17337.0,151,4,2027.8700000000001,2,At-Risk / Churned,0.26753981823231304,1.2294810518783068
17338.0,17,8,6643.93,1,Champions,2.1774619251678433,0.5342242638554439
17339.0,94,2,243.36,3,At-Risk / Churned,-1.0193355178219576,-0.03473314307655784
17340.0,30,11,12353.29,1,Champions,2.524246658140784,1.2150120726158873
17341.0,157,3,781.36,2,At-Risk / Churned,-0.40129533993003247,0.8216452648330919
17343.0,355,1,193.64,3,At-Risk / Churned,-1.9988576250339487,0.5642826016074447
17344.0,46,1,160.57,3,At-Risk / Churned,-1.3135152158591514,-0.7871940471932806
17345.0,15,4,537.74,0,Potential Loyalists,0.49856662224096643,-0.6802224949421574
17346.0,4,15,2676.56,1,Champions,2.756059104031173,-0.3874723202783442
17347.0,86,1,228.96,3,At-Risk / Churned,-1.381313696185901,-0.2683962211565478
17348.0,15,5,1159.52,2,At-Risk / Churned,1.0276421117506525,-0.33101595076172674
17349.0,179,1,110.75,3,At-Risk / Churned,-2.0015760787458996,-0.06994742782008034
17350.0,8,4,1286.07,0,Potential Loyalists,1.1316915031075185,-0.7282092924500551
17351.0,36,3,587.15,2,At-Risk / Churned,0.018016934940191964,-0.20253136939845134
17353.0,129,2,1740.0,2,At-Risk / Churned,-0.20740696145956414,0.8784130350708679
17354.0,51,1,1393.06,2,At-Risk / Churned,-0.3295063717891443,0.06083406187104724
17356.0,312,1,178.22,3,At-Risk / Churned,-1.9888353954274385,0.4526432231358151
17357.0,24,2,388.14,0,Potential Loyalists,-0.2884076517131531,-0.71188122138612
17358.0,303,2,365.85,3,At-Risk / Churned,-1.2709885521781616,0.8505217794990476
17359.0,11,1,127.86,0,Potential Loyalists,-0.8991768246097533,-1.7350627515098553
17360.0,17,3,585.79,0,Potential Loyalists,0.29225236747483757,-0.6602089675676739
17361.0,49,3,488.2,2,At-Risk / Churned,-0.18445517569639822,-0.07863667513766073
17362.0,239,2,312.23,3,At-Risk / Churned,-1.255643752630606,0.6431674856361949
17364.0,1,11,4481.18,1,Champions,3.090444590168905,-0.8915368821843807
17365.0,13,8,4801.56,1,Champions,2.119410049900913,0.2567706499857771
17367.0,238,1,168.4,3,At-Risk / Churned,-1.9125035471806586,0.2611260814350922
17368.0,23,8,1912.67,1,Champions,1.4768178640583203,0.2637895520637457
17370.0,73,4,446.18,2,At-Risk / Churned,-0.17503120769999364,0.22299349494171244
17371.0,17,3,423.89,0,Potential Loyalists,0.13905520972965252,-0.7776463747949754
17372.0,41,8,1342.68,2,At-Risk / Churned,1.095177833132153,0.48996111569748696
17373.0,40,4,646.92,2,At-Risk / Churned,0.22656734390072134,-0.016499550471754703
17374.0,219,2,495.77,3,At-Risk / Churned,-1.0035448061199546,0.7557667468548607
17375.0,199,3,400.1,3,At-Risk / Churned,-0.8084077157069972,0.7280618204957403
17376.0,71,2,203.2,3,At-Risk / Churned,-0.9986073476684287,-0.27580004463681373
17377.0,24,20,4100.92,1,Champions,2.589458059047894,0.8925840902631478
17379.0,11,1,404.66,0,Potential Loyalists,-0.35498592941979107,-1.3178985644685195
17381.0,9,29,20275.61,1,Champions,4.020538697865196,1.0299972210223614
17382.0,65,1,65.4,3,At-Risk / Churned,-1.8652229232220225,-0.8954190658405082
17383.0,4,1,199.29,0,Potential Loyalists,-0.35535545948907576,-2.1296853081266103
17384.0,19,2,336.4,0,Potential Loyalists,-0.27084222581994605,-0.9052557571032154
17385.0,15,1,261.11,0,Potential Loyalists,-0.6721680403624947,-1.2943801908327486
17386.0,8,6,2686.42,1,Champions,1.7854121775807648,-0.33111322161440204
17387.0,20,2,784.11,0,Potential Loyalists,0.11128450175589298,-0.5671008639632372
17388.0,78,4,1259.56,2,At-Risk / Churned,0.29176876178001376,0.6414372154753333
17389.0,1,34,31833.68,1,Champions,4.989031367347149,0.23291485802820974
17391.0,164,2,508.8,3,At-Risk / Churned,-0.8813298366144601,0.5827910600293214
17392.0,307,2,457.91,3,At-Risk / Churned,-1.169734848451859,0.9402575158040543
17394.0,219,1,203.86999999999998,3,At-Risk / Churned,-1.790635269031219,0.2777638183876776
17396.0,39,8,7330.8,1,Champions,1.9190158827218646,1.0762710019455195
17397.0,22,2,696.41,0,Potential Loyalists,0.02031371927953919,-0.5525119531078801
17398.0,115,3,653.38,2,At-Risk / Churned,-0.36798345618666284,0.5607536810733488
17400.0,126,5,2129.96,2,At-Risk / Churned,0.5244228596183753,1.2034668347924786
17402.0,5,13,2633.85,1,Champions,2.5579720763471405,-0.32903536880473133
17403.0,36,1,281.62,0,Potential Loyalists,-0.9567581529394602,-0.7354629181557456
17404.0,4,15,31906.82,1,Champions,3.931929655960449,0.5139229202469353
17405.0,1,3,1031.41,0,Potential Loyalists,1.3999569233655749,-1.847754720064831
17406.0,333,3,2200.42,2,At-Risk / Churned,-0.1964022444097685,1.6725657670582263
17408.0,163,1,32.65,3,At-Risk / Churned,-2.5355651363784175,-0.5655799838869375
17409.0,185,2,771.85,3,At-Risk / Churned,-0.729670171395782,0.8100979032884338
17410.0,16,5,1214.72,2,At-Risk / Churned,1.0265271438649204,-0.2756755162976002
17411.0,12,3,778.94,0,Potential Loyalists,0.5516310684846586,-0.7630209697043807
17412.0,3,7,1258.06,1,Champions,1.8562720410443354,-1.0697595649647031
17414.0,44,2,778.0,2,At-Risk / Churned,-0.18365071861808732,-0.08673636577665046
17415.0,80,1,507.84,3,At-Risk / Churned,-0.9771191814260651,-0.024787914642861102
17416.0,30,7,6893.42,1,Champions,1.880684159425164,0.8470343706466108
17418.0,42,2,463.46000000000004,0,Potential Loyalists,-0.4116774070259402,-0.3036770752532165
17419.0,11,12,4226.57,1,Champions,2.4504324889619826,0.253943166124659
17420.0,50,3,598.83,2,At-Risk / Churned,-0.0952764560378461,0.008081441911533763
17422.0,16,6,1979.37,2,At-Risk / Churned,1.3975147211860075,-0.03894559420398494
17423.0,46,2,698.41,2,At-Risk / Churned,-0.25140963048737275,-0.09837086980358324
17425.0,19,2,759.17,0,Potential Loyalists,0.11460932245105727,-0.6097774916644532
17426.0,8,6,5037.26,1,Champions,2.0836472389123855,-0.10249310318298441
17427.0,72,1,100.8,3,At-Risk / Churned,-1.7009674638764483,-0.6760651173090512
17428.0,1,28,17256.85,1,Champions,4.528372981855525,-0.06207289165910386
17429.0,128,3,524.9200000000001,3,At-Risk / Churned,-0.5122772793435041,0.5486025559113483
17430.0,33,2,265.76,0,Potential Loyalists,-0.5850826281667134,-0.6542867837991505
17431.0,313,1,403.3,3,At-Risk / Churned,-1.603999995473958,0.7506058995772109
17432.0,18,2,365.76,0,Potential Loyalists,-0.21164765576430347,-0.9074241651864087
17433.0,88,1,303.15999999999997,3,At-Risk / Churned,-1.257295712304687,-0.15225926187301345
17434.0,2,7,2373.82,1,Champions,2.267319514669083,-1.0213229168228206
17436.0,2,2,216.29999999999998,0,Potential Loyalists,0.24529175732917102,-2.268108120553123
17438.0,254,1,388.45000000000005,3,At-Risk / Churned,-1.5422277780455482,0.6050363897663066
17440.0,157,3,186.42000000000002,3,At-Risk / Churned,-1.0793875783613283,0.3018353968537923
17442.0,37,6,2248.56,2,At-Risk / Churned,1.1506288950286458,0.5173995292625808
17443.0,220,1,534.24,3,At-Risk / Churned,-1.3366539301242681,0.6299792389954146
17444.0,148,3,2940.04,2,At-Risk / Churned,0.24949572696478997,1.2661630692799979
17446.0,177,2,120.9,3,At-Risk / Churned,-1.5892812521453168,0.11038887719065521
17447.0,40,2,541.53,0,Potential Loyalists,-0.31975039678107153,-0.27735610191963034
17449.0,2,7,2520.86,1,Champions,2.295827214132073,-0.99946957202045
17450.0,8,46,194550.79,1,Champions,5.539936826057277,1.958263051799402
17451.0,1,7,1721.4,1,Champions,2.269833313065478,-1.3952360935644847
17453.0,18,2,486.71999999999997,0,Potential Loyalists,-0.076389281786416,-0.803738215789328
17454.0,192,4,517.53,2,At-Risk / Churned,-0.4710910322243105,0.8846249536669843
17455.0,204,1,131.7,3,At-Risk / Churned,-1.9697340738611153,0.07501284225301703
17456.0,365,1,249.86,3,At-Risk / Churned,-1.8890333359329514,0.6741499072351488
17457.0,127,5,1737.7,2,At-Risk / Churned,0.42488896430350326,1.1344365700302184
17458.0,15,1,316.5,0,Potential Loyalists,-0.5811933387550771,-1.224641083154112
17459.0,43,2,657.3,0,Potential Loyalists,-0.25495145173715095,-0.16222476166643854
17460.0,94,6,622.4300000000001,2,At-Risk / Churned,0.19154923088193593,0.6315340283059734
17461.0,23,3,757.46,0,Potential Loyalists,0.3041002388157024,-0.3844637994655296
17462.0,60,2,675.69,2,At-Risk / Churned,-0.36670890843766,0.05491991653981124
17463.0,16,5,1896.41,2,At-Risk / Churned,1.237767757331235,-0.11374333484126191
17464.0,158,1,289.96000000000004,3,At-Risk / Churned,-1.5000809470924807,0.19949830854397604
17466.0,10,2,763.28,0,Potential Loyalists,0.3456126236581193,-0.9868523147567692
17468.0,10,2,137.0,0,Potential Loyalists,-0.4666388892108073,-1.6095055877792444
17469.0,16,5,1870.97,2,At-Risk / Churned,1.231362278600235,-0.11865362707703234
17470.0,45,5,1125.07,2,At-Risk / Churned,0.6098050375570128,0.32757300530772365
17472.0,191,3,710.29,2,At-Risk / Churned,-0.5209625436548512,0.910571283280853
17475.0,79,1,194.37,3,At-Risk / Churned,-1.42661499369961,-0.3808759162409864
17480.0,78,1,511.82,3,At-Risk / Churned,-0.9638684904497585,-0.03780484711860138
17481.0,4,4,1255.59,0,Potential Loyalists,1.3449226515648576,-1.1095918199828352
17483.0,65,3,414.04,2,At-Risk / Churned,-0.3685552038682133,0.03758333536238213
17486.0,261,1,396.87,3,At-Risk / Churned,-1.5424256986493272,0.6299869832496201
17489.0,59,2,376.64,3,At-Risk / Churned,-0.6371754153522854,-0.16773507330403986
17490.0,1,7,2092.32,1,Champions,2.3623830421992404,-1.324289606116354
17491.0,1,10,3558.87,1,Champions,2.9024109990804043,-1.0087767545704585
17492.0,248,1,374.57,3,At-Risk / Churned,-1.5503504397483192,0.5767387977375957
17495.0,8,2,497.56,0,Potential Loyalists,0.2195665760056498,-1.269485194691259
17496.0,359,1,271.05,3,At-Risk / Churned,-1.8442367723178636,0.6931683148776241
17498.0,76,1,272.22,3,At-Risk / Churned,-1.2528595595183323,-0.28310762582211374
17499.0,290,1,622.88,3,At-Risk / Churned,-1.3690788625833017,0.8601792618223868
17500.0,17,3,1138.0,0,Potential Loyalists,0.6069821541567711,-0.418944373177445
17501.0,221,2,288.6,3,At-Risk / Churned,-1.2630743134611249,0.5652060314059951
17502.0,9,4,689.1,0,Potential Loyalists,0.7956600638627371,-0.8881407896720938
17503.0,3,2,558.96,0,Potential Loyalists,0.5845510892756879,-1.7413768793673867
17504.0,206,9,2997.0299999999997,2,At-Risk / Churned,0.9618203590992428,1.8336652573952121
17505.0,162,2,1145.84,2,At-Risk / Churned,-0.4919422947581941,0.8699823299619042
17506.0,76,1,302.2,3,At-Risk / Churned,-1.2034532441313532,-0.2452338841346083
17507.0,262,2,605.58,3,At-Risk / Churned,-0.9769940269588567,0.9416025844662125
17508.0,281,1,387.31,3,At-Risk / Churned,-1.5820766238621982,0.6677792887997154
17509.0,58,8,6115.14,2,At-Risk / Churned,1.6844741861274692,1.2567378216124836
17510.0,25,1,308.48,0,Potential Loyalists,-0.7788554938328792,-0.926129669494109
17511.0,3,31,91062.38,1,Champions,5.1418422838759446,1.0202656971090276
17512.0,29,10,2924.9900000000002,1,Champions,1.7745630123539373,0.6368301577583227
17513.0,72,1,513.2,3,At-Risk / Churned,-0.9324103018620337,-0.08690692572515561
17514.0,128,1,208.65,3,At-Risk / Churned,-1.575710060365766,-0.052291935283427654
17515.0,31,4,639.02,2,At-Risk / Churned,0.31544861928914514,-0.17809347206112908
17516.0,15,5,768.08,2,At-Risk / Churned,0.8324050994522045,-0.48068014072843085
17517.0,309,1,153.94,3,At-Risk / Churned,-2.054236166090844,0.39358127970780427
17519.0,17,6,1844.02,2,At-Risk / Churned,1.3420794388404027,-0.028458812643461666
17520.0,54,1,546.81,3,At-Risk / Churned,-0.7941768023082726,-0.24338022666861214
17521.0,30,3,723.2099999999999,2,At-Risk / Churned,0.184375769495612,-0.23900796337626007
17522.0,2,5,1070.71,1,Champions,1.6295204423568557,-1.4212988893590714
17523.0,11,4,652.74,0,Potential Loyalists,0.7003065980987468,-0.7922361463539508
17524.0,361,1,145.0,3,At-Risk / Churned,-2.1416942220644177,0.4702796880654398
17525.0,360,1,422.70000000000005,3,At-Risk / Churned,-1.6350590656197477,0.8560903722203536
17526.0,5,4,1195.8999999999999,0,Potential Loyalists,1.2521601318254039,-1.0117010172093481
17527.0,54,4,939.37,2,At-Risk / Churned,0.2910828439478914,0.3052542933988734
17528.0,1,8,3628.5,1,Champions,2.730082843677859,-1.0788358005763965
17530.0,1,10,2385.0,1,Champions,2.712547027619196,-1.1543220953748214
17531.0,190,1,296.7,3,At-Risk / Churned,-1.559282650563582,0.32408718101864176
17534.0,54,1,223.36,3,At-Risk / Churned,-1.217782675094699,-0.5681067171498599
17535.0,280,1,164.4,3,At-Risk / Churned,-1.9857046083571759,0.35507453778347253
17536.0,177,1,76.5,3,At-Risk / Churned,-2.1709796893102746,-0.21016526225310667
17537.0,30,2,897.62,0,Potential Loyalists,0.02654226825926641,-0.2710534008090016
17538.0,26,1,98.42,0,Potential Loyalists,-1.332129788548747,-1.3152741132433456
17540.0,25,2,578.9,0,Potential Loyalists,-0.11409495746367494,-0.5419020408487488
17542.0,270,1,170.75,3,At-Risk / Churned,-1.9539810120276586,0.3458048033083217
17545.0,43,3,645.96,2,At-Risk / Churned,-0.0029690842928425188,-0.058006975192836534
17548.0,234,1,103.3,3,At-Risk / Churned,-2.136199312337668,0.07400120753759405
17549.0,24,2,148.86,0,Potential Loyalists,-0.7412263656087027,-1.0590016019896955
17550.0,197,3,267.16,3,At-Risk / Churned,-0.9956276893637553,0.5752272895219515
17551.0,359,1,306.84,3,At-Risk / Churned,-1.7855870120239266,0.7381278682061466
17552.0,60,4,930.41,2,At-Risk / Churned,0.24697491793578671,0.36741775530085635
17553.0,130,1,1487.6,3,At-Risk / Churned,-0.6514291705780925,0.6705013086230275
17554.0,1,5,1952.45,1,Champions,2.0693389324866303,-1.4599843770144703
17555.0,20,2,483.26,0,Potential Loyalists,-0.11801147588959868,-0.7428738711043059
17556.0,206,1,157.9,3,At-Risk / Churned,-1.887940398722705,0.14671343594513092
17557.0,14,3,541.46,0,Potential Loyalists,0.3246448528437844,-0.8043780460940817
17560.0,95,4,854.95,2,At-Risk / Churned,0.03360172169541013,0.6241924542370081
17561.0,19,1,167.62,0,Potential Loyalists,-0.9667603683063345,-1.3133680878649021
17562.0,14,7,1122.38,2,At-Risk / Churned,1.2970966901936112,-0.2732274476009951
17564.0,24,3,454.01,0,Potential Loyalists,0.04602817756655927,-0.5444565130780336
17566.0,8,2,901.21,0,Potential Loyalists,0.501024092715843,-1.0537263549479097
17567.0,7,8,4331.48,1,Champions,2.284368253183215,-0.1355042043767268
17569.0,332,1,344.14,3,At-Risk / Churned,-1.7015239708501426,0.7303032987290178
17571.0,50,4,1498.51,2,At-Risk / Churned,0.5413630949318444,0.42712269337846004
17572.0,71,4,226.75000000000003,3,At-Risk / Churned,-0.4847360088754651,-0.039816156414303194
17573.0,29,3,380.6,0,Potential Loyalists,-0.1071329238005804,-0.49286586972630214
17574.0,243,1,185.65,3,At-Risk / Churned,-1.8743984219548375,0.3095284980926409
17576.0,8,19,3622.68,1,Champions,2.8768901274559213,0.1810026196653239
17578.0,218,1,143.45999999999998,3,At-Risk / Churned,-1.9546839493260606,0.1477849340359494
17579.0,5,3,448.90000000000003,0,Potential Loyalists,0.5859962579087048,-1.4533749335903676
17580.0,253,3,215.72,3,At-Risk / Churned,-1.1918661120897163,0.6556648237580038
17581.0,1,25,11045.04,1,Champions,4.217859799077729,-0.2663426924694172
17582.0,236,1,175.27,3,At-Risk / Churned,-1.8904277423093234,0.2702594604056182
17584.0,7,2,1242.3,0,Potential Loyalists,0.6982035236143217,-1.011750485059447
17585.0,109,4,1133.07,2,At-Risk / Churned,0.11509635935316478,0.8128501737450002
17588.0,100,3,1240.2,2,At-Risk / Churned,-0.011300394932679588,0.7058261650224361
17589.0,60,4,2404.17,2,At-Risk / Churned,0.6971545782766979,0.7125150983262398
17590.0,2,3,1479.22,0,Potential Loyalists,1.4159935681713989,-1.4596212014796877
17591.0,73,7,2225.9700000000003,2,At-Risk / Churned,1.0119538791530098,0.9875922762444466
17593.0,4,5,3927.34,1,Champions,2.050726597414435,-0.624909317884429
17594.0,85,2,993.18,2,At-Risk / Churned,-0.3154006357623964,0.4126295365572709
17595.0,12,2,388.79,0,Potential Loyalists,-0.037738300390997286,-1.125871848746155
17596.0,23,7,2827.93,1,Champions,1.5557591000531064,0.36072046288669546
17597.0,214,1,2044.3700000000001,3,At-Risk / Churned,-0.6899663641300191,1.1002013994637057
17600.0,18,1,161.67000000000002,0,Potential Loyalists,-0.9642074576073544,-1.3589566854202955
17601.0,239,1,116.00999999999999,3,At-Risk / Churned,-2.08967841362822,0.12917821780888067
17602.0,2,6,5102.97,1,Champions,2.5095962366932376,-0.7943136835761272
17603.0,78,1,394.72,3,At-Risk / Churned,-1.0868763894414737,-0.13209986498109086
17604.0,217,2,309.36,3,At-Risk / Churned,-1.2232734189354968,0.5788626333107018
17608.0,33,2,193.42,0,Potential Loyalists,-0.735191476157007,-0.7693567640084359
17609.0,41,5,1112.22,2,At-Risk / Churned,0.6391208108778309,0.2657207866706059
17611.0,7,15,3984.22,1,Champions,2.7651780580948926,0.05518133338023934
17612.0,53,6,2048.45,2,At-Risk / Churned,0.9721441318126669,0.7063005709761702
17613.0,23,14,4559.150000000001,1,Champions,2.350948235261999,0.7759397041989462
17614.0,57,1,390.07,3,At-Risk / Churned,-0.9744090847171286,-0.3323127289472645
17615.0,130,3,329.6,3,At-Risk / Churned,-0.7384540145394448,0.38948152287227517
17616.0,174,3,571.1999999999999,3,At-Risk / Churned,-0.5887913187208985,0.7726396323475395
17618.0,6,3,971.58,0,Potential Loyalists,0.8929239174950043,-1.0752034586609733
17619.0,312,1,218.52,3,At-Risk / Churned,-1.8925859161850358,0.5264258536726472
17620.0,60,1,81.44,3,At-Risk / Churned,-1.7324425040995426,-0.8666574895501568
17621.0,21,3,1379.9,2,At-Risk / Churned,0.6216903032075726,-0.2216605580060508
17623.0,33,1,527.0500000000001,0,Potential Loyalists,-0.6278214995551921,-0.5616869526554173
17624.0,15,2,843.48,0,Potential Loyalists,0.249787640942324,-0.712992696970255
17625.0,18,4,2047.0,2,At-Risk / Churned,1.0665861884664718,-0.08549761235070899
17628.0,81,1,75.75,3,At-Risk / Churned,-1.8794279471441528,-0.7051034100102539
17629.0,6,8,1814.12,1,Champions,1.9225534590294946,-0.5366381313948881
17630.0,170,2,503.59999999999997,3,At-Risk / Churned,-0.8998435195347453,0.6017072736057177
17631.0,2,3,528.33,0,Potential Loyalists,0.928013602739321,-1.8336953864233219
17633.0,31,4,1324.84,2,At-Risk / Churned,0.6610531005950568,0.08683895102084112
17634.0,36,9,2361.9700000000003,2,At-Risk / Churned,1.5067959074421209,0.6554317579218646
17636.0,19,1,285.56,0,Potential Loyalists,-0.7151145769296101,-1.1204622290754052
17637.0,31,2,547.0600000000001,0,Potential Loyalists,-0.22023518572033948,-0.4307982937226403
17639.0,276,1,108.5,3,At-Risk / Churned,-2.1759441944235856,0.195951627141773
17640.0,87,1,621.66,3,At-Risk / Churned,-0.9129992254446454,0.10119651853674468
17642.0,120,2,712.29,3,At-Risk / Churned,-0.6034322016509097,0.5083272146870398
17643.0,373,1,101.55,3,At-Risk / Churned,-2.321787945405141,0.36245284608140965
17644.0,1,11,2895.64,1,Champions,2.8832827024448977,-1.0503424065733304
17646.0,219,3,1008.39,2,At-Risk / Churned,-0.40688399423121935,1.124207077913923
17647.0,65,1,133.06,3,At-Risk / Churned,-1.53181951688175,-0.6398397053769315
17648.0,61,4,1797.5,2,At-Risk / Churned,0.5530093191593815,0.6170891296010419
17649.0,138,1,868.49,3,At-Risk / Churned,-0.9292297309598923,0.5124914296522352
17650.0,21,1,166.08,0,Potential Loyalists,-1.0075339650078683,-1.2562777517966865
17651.0,12,10,3945.0,1,Champions,2.2360276333824767,0.2154299110099418
17652.0,25,12,4867.72,1,Champions,2.221988396055201,0.7955207195472049
17653.0,37,4,1207.56,2,At-Risk / Churned,0.5514361457233435,0.16210330802896053
17654.0,277,1,117.55,3,At-Risk / Churned,-2.139638287532588,0.22712321131811727
17655.0,11,7,2638.94,1,Champions,1.7878129957693083,-0.1038954334377616
17656.0,73,5,1674.69,2,At-Risk / Churned,0.6167602263289006,0.7735920219481244
17658.0,26,2,595.42,0,Potential Loyalists,-0.11518682331284522,-0.5077561721860571
17659.0,17,12,2999.46,1,Champions,2.13279704806421,0.38629136084410587
17660.0,141,1,196.0,3,At-Risk / Churned,-1.641932041529254,-0.014056741936208475
17663.0,26,7,1802.91,2,At-Risk / Churned,1.2972390050813378,0.27172225490531515
17664.0,19,2,604.64,0,Potential Loyalists,0.006768341179434092,-0.6924459002680421
17666.0,4,2,728.16,0,Potential Loyalists,0.6245741431388083,-1.5038563435006402
17667.0,66,5,2055.51,2,At-Risk / Churned,0.7519100026398997,0.7850828016599704
17668.0,1,2,347.75,0,Potential Loyalists,0.6247185677070424,-2.3530884768115126
17669.0,43,7,3406.7200000000003,2,At-Risk / Churned,1.4124756022944018,0.8127317227166203
17670.0,228,1,205.7,3,At-Risk / Churned,-1.8017361439331723,0.30641913866535886
17671.0,16,4,1572.71,2,At-Risk / Churned,0.9840819612424472,-0.2518424926414239
17672.0,50,2,3178.17,2,At-Risk / Churned,0.43589059667747326,0.5042079355066783
17673.0,2,6,1629.12,1,Champions,1.9679791171712213,-1.2095048735614011
17674.0,74,2,551.04,3,At-Risk / Churned,-0.5422718204366705,0.11185561936781209
17675.0,1,31,20374.28,1,Champions,4.69621769607156,0.03615710777546308
17676.0,4,6,1387.68,1,Champions,1.696715343578382,-0.9439467757283484
17677.0,2,30,16363.23,1,Champions,4.408533518719168,0.20128137242942074
17678.0,264,1,298.11,3,At-Risk / Churned,-1.6821675469708195,0.5334175706377197
17679.0,53,2,1992.1100000000001,2,At-Risk / Churned,0.19247778774698446,0.3705954813891579
17680.0,24,1,184.4,0,Potential Loyalists,-1.0070095009910252,-1.1373823585140912
17682.0,10,6,2474.33,1,Champions,1.6697217112336324,-0.23378997701596177
17684.0,44,1,239.41,3,At-Risk / Churned,-1.1083152595895511,-0.6702004089725366
17685.0,17,7,3191.53,1,Champions,1.7230661474880313,0.22231132283307306
17686.0,7,7,5739.46,1,Champions,2.3113591270665528,-0.07839724277505239
17690.0,30,15,4757.95,1,Champions,2.3317799719939485,0.9785254670067816
17691.0,358,2,290.40000000000003,3,At-Risk / Churned,-1.443797315946043,0.8721950959263213
17692.0,127,4,740.9399999999999,2,At-Risk / Churned,-0.1441585755489414,0.7545883741187503
17693.0,137,1,200.47,3,At-Risk / Churned,-1.6203666120212725,-0.024010868075943857
17694.0,142,1,283.12,3,At-Risk / Churned,-1.4708423841312064,0.1236014833636944
17695.0,132,2,765.34,3,At-Risk / Churned,-0.6055226872432875,0.5943744489360175
17696.0,38,8,2285.71,2,At-Risk / Churned,1.3758068079229895,0.6363914686582255
17697.0,236,1,338.95,3,At-Risk / Churned,-1.5787621775767688,0.5091750929338876
17698.0,261,1,154.95,3,At-Risk / Churned,-1.9868699337661413,0.28928628489818264
17700.0,17,4,2534.64,2,At-Risk / Churned,1.1885984778879406,-0.0420826584543955
17701.0,253,1,417.95,3,At-Risk / Churned,-1.5060776707413948,0.6291060388510703
17702.0,30,4,1824.37,2,At-Risk / Churned,0.824910866610894,0.18301952390473733
17703.0,35,3,798.74,2,At-Risk / Churned,0.17431325946608855,-0.10811530734796308
17704.0,169,2,885.19,3,At-Risk / Churned,-0.6303609507933793,0.8028498042334172
17705.0,3,9,1823.52,1,Champions,2.2341498794124046,-0.849079073350619
17706.0,4,17,10504.49,1,Champions,3.5112868023258006,0.15505143159847168
17707.0,185,2,152.4,3,At-Risk / Churned,-1.497009630807192,0.22187317443045015
17708.0,188,2,267.08,3,At-Risk / Churned,-1.2382211363724036,0.43508575667609084
17709.0,170,1,137.45,3,At-Risk / Churned,-1.8803093064321261,-0.024532717512731683
17711.0,11,2,385.1,0,Potential Loyalists,-0.011666148280374685,-1.1800800038958235
17712.0,45,1,522.91,0,Potential Loyalists,-0.7470636912697163,-0.3729002505285514
17714.0,321,1,153.0,3,At-Risk / Churned,-2.0716364430960135,0.41544696019547267
17715.0,201,1,326.4,3,At-Risk / Churned,-1.5355525705879631,0.39418121576754495
17716.0,23,11,5655.99,1,Champions,2.2513791839537207,0.7686043088120421
17718.0,232,1,139.35,3,At-Risk / Churned,-1.9920592343924721,0.17657308835795776
17719.0,38,15,5396.04,1,Champions,2.3037629826465476,1.1698490988919386
17720.0,26,4,1195.94,2,At-Risk / Churned,0.6774402537285436,-0.05808456526527796
17722.0,96,4,2424.04,2,At-Risk / Churned,0.5238180556125317,1.0095866278110228
17723.0,127,6,3276.4000000000005,2,At-Risk / Churned,0.8651422187141524,1.4242639623835085
17724.0,71,3,1033.0,2,At-Risk / Churned,0.031358451598386385,0.4248018944135673
17725.0,16,11,3439.08,1,Champions,2.1471169429647263,0.3690342264766831
17727.0,15,1,1060.25,0,Potential Loyalists,-0.008560698085386568,-0.78567411011257
17728.0,4,3,2876.01,1,Champions,1.5361547306997991,-0.8940057768739695
17730.0,3,13,5298.4800000000005,1,Champions,3.044504178111911,-0.33191127935451725
17731.0,79,4,1240.11,2,At-Risk / Churned,0.27958320002087994,0.6437557707125088
17732.0,373,1,303.97,3,At-Risk / Churned,-1.8046103553457982,0.7589092565433879
17733.0,39,2,692.19,0,Potential Loyalists,-0.1940251069788392,-0.20386646595109537
17734.0,54,3,700.63,2,At-Risk / Churned,-0.049741291926163785,0.11297831537443853
17735.0,2,19,13110.02,1,Champions,3.9069240144414974,-0.04774041948913888
17736.0,9,3,377.44,0,Potential Loyalists,0.30872116635714997,-1.192424973437419
17737.0,9,2,168.24,0,Potential Loyalists,-0.33338362940668875,-1.5957016142487048
17738.0,19,4,1879.05,2,At-Risk / Churned,1.0063823679952728,-0.08410287235503436
17739.0,12,7,2791.35,1,Champions,1.7838615631579913,-0.032730044993191904
17742.0,113,2,355.11,3,At-Risk / Churned,-0.9102956113487531,0.21785474452152245
17744.0,4,6,2322.4,1,Champions,1.9409478135341447,-0.7567237981321725
17746.0,240,1,110.25,3,At-Risk / Churned,-2.115221522388433,0.11345166905754651
17747.0,113,1,71.4,3,At-Risk / Churned,-2.033015739110825,-0.5174341428288359
17749.0,178,2,674.52,3,At-Risk / Churned,-0.7788851747725567,0.7368127483893862
17750.0,5,9,1797.57,1,Champions,2.072416453980234,-0.5972199898701402
17752.0,359,1,80.64,3,At-Risk / Churned,-2.4154181040344236,0.25531388180124837
17754.0,1,5,1772.26,1,Champions,2.023414724258513,-1.495188815678061
17757.0,1,30,5605.29,1,Champions,4.055143718015437,-0.44545929351869784
17758.0,19,8,3456.7000000000003,1,Champions,1.8272117951667373,0.36339304629155056
17759.0,17,3,834.99,0,Potential Loyalists,0.4602136962261206,-0.5314536874219947
17760.0,22,2,287.59,0,Potential Loyalists,-0.39839964108783854,-0.8734879564275051
17761.0,33,1,712.78,0,Potential Loyalists,-0.4848044727922895,-0.45205339900731945
17763.0,263,1,15.0,3,At-Risk / Churned,-3.070265630263867,-0.5341708878620628
17764.0,51,2,818.8199999999999,2,At-Risk / Churned,-0.21466161320843047,0.023508940534693264
17765.0,159,3,371.88,3,At-Risk / Churned,-0.7577596950883427,0.5600476387570806
17767.0,15,1,271.2,0,Potential Loyalists,-0.6542435295964046,-1.2806396743560085
17768.0,8,3,2273.1800000000003,0,Potential Loyalists,1.199972337547112,-0.6068748373269657
17769.0,13,10,3997.98,1,Champions,2.214038438805659,0.2672668473464042
17770.0,199,5,1143.27,2,At-Risk / Churned,0.05582302066937422,1.265198703155568
17771.0,57,2,245.81,3,At-Risk / Churned,-0.8260512429075257,-0.3439474937488075
17772.0,11,2,182.77,0,Potential Loyalists,-0.3639660050512255,-1.450144947362562
17774.0,97,4,1225.41,2,At-Risk / Churned,0.1963817080192225,0.7680885959520252
17775.0,255,1,56.4,3,At-Risk / Churned,-2.452310429564724,-0.08898404331410976
17777.0,25,3,665.86,0,Potential Loyalists,0.21243713539910525,-0.38053615455716744
17779.0,21,3,658.57,0,Potential Loyalists,0.2710554911083855,-0.4904491166361787
17781.0,159,2,188.02,3,At-Risk / Churned,-1.340388282674731,0.2023640871575987
17783.0,72,2,283.47,3,At-Risk / Churned,-0.8465565977230455,-0.14645592064070997
17785.0,53,1,131.94,3,At-Risk / Churned,-1.4591206770245486,-0.7701193391262708
17786.0,85,2,278.74,3,At-Risk / Churned,-0.9171377874251987,-0.048648283238586616
17787.0,153,4,1865.19,2,At-Risk / Churned,0.22288310617014973,1.2073652292519372
17788.0,74,2,1117.9,2,At-Risk / Churned,-0.207022272179512,0.36885018963869703
17789.0,281,1,225.9,3,At-Risk / Churned,-1.8370414625724962,0.4723291248869609
17790.0,27,14,1965.55,1,Champions,1.8929253912195871,0.5677177686657506
17791.0,30,1,106.1,0,Potential Loyalists,-1.3496096220636074,-1.2006172312603922
17793.0,25,1,323.04,0,Potential Loyalists,-0.757039482923762,-0.9094060187755317
17795.0,180,2,350.39,3,At-Risk / Churned,-1.093280125745468,0.5061042259380604
17796.0,40,4,697.9,2,At-Risk / Churned,0.2625087971968072,0.011052338539751062
17797.0,22,3,780.43,0,Potential Loyalists,0.3345210340699856,-0.4005939573827429
17799.0,22,10,3055.93,1,Champions,1.8968673922111376,0.484296050244759
17800.0,37,9,1199.01,2,At-Risk / Churned,1.1750659056499078,0.42585494847893335
17802.0,82,3,1285.04,2,At-Risk / Churned,0.08054257330410845,0.5942919563815222
17805.0,74,1,512.31,3,At-Risk / Churned,-0.9435605133826467,-0.07040057178856537
17806.0,11,1,546.04,0,Potential Loyalists,-0.21309699454272438,-1.2091297800376617
17809.0,16,12,5411.91,1,Champions,2.4346237796514623,0.5646825805977149
17811.0,4,39,7837.7300000000005,1,Champions,4.094637617654018,0.3553506000385893
17812.0,13,4,732.16,0,Potential Loyalists,0.6958101737399618,-0.6527951903515485
17813.0,14,5,1770.8799999999999,2,At-Risk / Churned,1.2531136479500657,-0.21799774943369055
17816.0,37,4,36.56,3,At-Risk / Churned,-1.095789555378914,-1.1006219167913618
17817.0,4,3,387.68,0,Potential Loyalists,0.586255021583263,-1.6221769819178833
17819.0,72,7,3704.87,2,At-Risk / Churned,1.2588219590764622,1.1642240832473019
17824.0,51,1,298.4,3,At-Risk / Churned,-1.0594330868695339,-0.49871092020729296
17827.0,5,5,1995.46,1,Champions,1.659873582506765,-0.755527812456297
17828.0,23,4,1820.09,2,At-Risk / Churned,0.9215937711874357,0.019900555798076335
17829.0,299,1,889.24,3,At-Risk / Churned,-1.212005181104513,1.0088220580061673
17830.0,2,3,398.7,0,Potential Loyalists,0.7947179023081833,-1.9358767955537528
17831.0,33,1,35.400000000000006,3,At-Risk / Churned,-1.897022085024829,-1.5346268439871282
17832.0,50,1,155.37,3,At-Risk / Churned,-1.3602495804144072,-0.7473092274342555
17835.0,3,3,350.64,0,Potential Loyalists,0.6239983901829906,-1.8000835722141095
17836.0,47,1,110.21000000000001,3,At-Risk / Churned,-1.498807385327203,-0.9097195876015084
17837.0,42,8,1593.38,2,At-Risk / Churned,1.1673663592375476,0.5671104392235498
17838.0,27,5,2779.3,2,At-Risk / Churned,1.2283989724804008,0.3416076354811616
17839.0,42,1,338.8,3,At-Risk / Churned,-0.9267488859108974,-0.5731565254076413
17841.0,2,124,40991.57,1,Champions,6.105558493652392,1.0710810742173473
17843.0,303,1,205.48,3,At-Risk / Churned,-1.9104978177075687,0.4856511925917112
17844.0,107,1,51.559999999999995,3,At-Risk / Churned,-2.164325777668657,-0.6682102420077758
17846.0,85,1,2033.1,2,At-Risk / Churned,-0.3424566798642947,0.5172514613327475
17848.0,81,9,901.1999999999999,2,At-Risk / Churned,0.7458054824977179,0.8097309409773544
17849.0,218,4,605.8000000000001,2,At-Risk / Churned,-0.44478627751293276,1.0219371690892263
17850.0,372,34,5391.21,1,Champions,2.1485673248810495,2.9019016709194134
17852.0,12,2,114.34,0,Potential Loyalists,-0.615590310789385,-1.5688398702230628
17854.0,185,2,311.26,3,At-Risk / Churned,-1.1597165215327776,0.48043429143699
17855.0,373,1,208.97,3,At-Risk / Churned,-1.9817297738896547,0.623133596018436
17856.0,2,4,1418.03,0,Potential Loyalists,1.597808585762214,-1.3892379455626895
17857.0,4,23,26879.04,1,Champions,4.217333375776515,0.6073443641972412
17858.0,6,12,5155.66,1,Champions,2.7506648482199436,-0.015520881572543034
17859.0,305,1,148.21,3,At-Risk / Churned,-2.0671555153700796,0.371639305779967
17860.0,369,1,252.8,3,At-Risk / Churned,-1.8876577799693823,0.6852798669734471
17861.0,3,8,2100.8,1,Champions,2.2059799295906957,-0.8380979448472603
17862.0,324,1,330.9,3,At-Risk / Churned,-1.7107939673769874,0.7006565458745999
17863.0,59,6,3160.0,2,At-Risk / Churned,1.137507797447858,0.9307269951426275
17864.0,13,3,597.5,0,Potential Loyalists,0.3976608241819585,-0.8123576615936177
17865.0,31,20,10526.32,1,Champions,2.9423858984211133,1.3919539185195207
17866.0,143,1,329.65,3,At-Risk / Churned,-1.4015355646995569,0.18319000270292995
17867.0,30,6,1197.1000000000001,2,At-Risk / Churned,0.9294721653113585,0.15914268509549304
17869.0,107,5,428.18,2,At-Risk / Churned,-0.17407114856537767,0.5178020342490401
17870.0,2,12,1894.35,1,Champions,2.599478240946593,-0.9168079182204986
17871.0,205,1,155.9,3,At-Risk / Churned,-1.892100593224753,0.13903552395036298
17873.0,80,5,1859.16,2,At-Risk / Churned,0.631782000672875,0.8688876060726054
17874.0,185,6,683.46,2,At-Risk / Churned,-0.020866071316291868,1.091481631261879
17877.0,170,1,237.61,3,At-Risk / Churned,-1.6220101164943852,0.17347348313529568
17878.0,44,1,379.45,3,At-Risk / Churned,-0.8904996574987973,-0.5032279929063143
17879.0,174,1,178.51999999999998,3,At-Risk / Churned,-1.7658714758471925,0.08462568421059971
17880.0,365,1,458.92,3,At-Risk / Churned,-1.601390650272082,0.8946501548187038
17881.0,304,1,133.35000000000002,3,At-Risk / Churned,-2.1156864143431013,0.33140247509102944
17883.0,3,4,671.77,0,Potential Loyalists,1.1337228309295369,-1.4783325166094607
17884.0,4,4,717.45,0,Potential Loyalists,1.0796289660031622,-1.3129598396295294
17885.0,12,1,190.19,0,Potential Loyalists,-0.7425392200531451,-1.5407935115858828
17886.0,32,3,899.61,2,At-Risk / Churned,0.26392979882680734,-0.12007131136128887
17887.0,129,1,111.35,3,At-Risk / Churned,-1.8746851517160423,-0.27432150130672195
17888.0,21,8,726.05,2,At-Risk / Churned,1.0508201187383372,-0.14342446857009097
17889.0,212,2,203.87,3,At-Risk / Churned,-1.4115085358435204,0.41305833473163756
17890.0,323,2,602.09,3,At-Risk / Churned,-1.0594380708303632,1.071751979259364
17891.0,162,1,203.85999999999999,3,At-Risk / Churned,-1.6760697632326678,0.08761999174515951
17892.0,56,3,244.1,3,At-Risk / Churned,-0.5624767324833035,-0.24696446991343302
17893.0,225,1,112.25,3,At-Risk / Churned,-2.0822106692538203,0.0791903287324751
17894.0,72,8,1119.81,2,At-Risk / Churned,0.7978848280111327,0.7744639310152247
17895.0,44,1,98.0,3,At-Risk / Churned,-1.5293346070177622,-0.9929441287792676
17896.0,23,1,256.32,0,Potential Loyalists,-0.8358559702652825,-1.0440193853935975
17897.0,173,3,566.6,3,At-Risk / Churned,-0.5904317917998344,0.7660701149600605
17898.0,85,2,152.06,3,At-Risk / Churned,-1.2032966284101279,-0.2680110497223922
17899.0,159,1,155.8,3,At-Risk / Churned,-1.7958408997283808,-0.02141291878466161
17900.0,190,2,112.19999999999999,3,At-Risk / Churned,-1.6513535834046613,0.12814526369944237
17901.0,29,1,110.38,0,Potential Loyalists,-1.3184854845751934,-1.2071522519158415
17904.0,21,1,191.67,0,Potential Loyalists,-0.9399098804474033,-1.2044386885021172
17905.0,71,4,800.24,2,At-Risk / Churned,0.11218666498047294,0.417770995753556
17906.0,247,1,72.9,3,At-Risk / Churned,-2.320278726684288,-0.017200596276964308
17908.0,374,1,243.28,3,At-Risk / Churned,-1.9109291054523854,0.6798828861550283
17911.0,9,1,366.23,0,Potential Loyalists,-0.3325465025645577,-1.469697428057757
17912.0,310,5,311.01,3,At-Risk / Churned,-0.7295243470859721,1.0723890938966962
17913.0,59,2,411.6,3,At-Risk / Churned,-0.595161438017305,-0.13552812744324583
17914.0,4,1,336.43,0,Potential Loyalists,-0.10784215714967695,-1.9399473201062694
17917.0,45,3,341.28,0,Potential Loyalists,-0.3220698711921597,-0.2614183395002318
17919.0,88,1,1304.04,2,At-Risk / Churned,-0.566166972607701,0.3775440872549675
17920.0,4,17,4204.1,1,Champions,3.0768030338658674,-0.17801380277847287
17921.0,64,4,826.52,2,At-Risk / Churned,0.1665838346514796,0.3646646661505968
17923.0,282,1,207.50000000000003,3,At-Risk / Churned,-1.8785256471234633,0.4438094986828372
17924.0,12,7,2962.5,1,Champions,1.812090420282784,-0.011090454295042646
17925.0,373,1,244.08,3,At-Risk / Churned,-1.908357233464448,0.6793792929754833
17926.0,133,2,397.29,3,At-Risk / Churned,-0.918942022814125,0.3610577892650558
17928.0,45,2,212.54,3,At-Risk / Churned,-0.8061856241711367,-0.5435842245503811
17929.0,11,4,843.0,0,Potential Loyalists,0.8215230152382393,-0.6993144371540786
17930.0,36,5,1740.48,2,At-Risk / Churned,0.8998990283529792,0.3481366363899661
17931.0,134,2,408.36,3,At-Risk / Churned,-0.9087738999083108,0.3757441867869633
17932.0,29,3,1331.57,2,At-Risk / Churned,0.4862685882575373,-0.03797795896768404
17934.0,52,2,704.25,2,At-Risk / Churned,-0.2933731272426225,-0.019173033195511804
17935.0,138,2,145.79,3,At-Risk / Churned,-1.4066102381166237,0.021180080853438622
17936.0,5,1,389.84,0,Potential Loyalists,-0.1077823967315622,-1.7709010985569165
17937.0,9,7,4301.22,1,Champions,2.0892322184156487,-0.04183482098499425
17939.0,160,1,99.14,3,At-Risk / Churned,-2.011003892496091,-0.1805765850055841
17940.0,49,10,4106.4400000000005,1,Champions,1.7403136020054766,1.0840779990874452
17941.0,131,1,304.56,3,At-Risk / Churned,-1.4057344504400169,0.09931725790949739
17942.0,8,1,77.50000000000001,0,Potential Loyalists,-1.024440755332939,-2.097750054491235
17946.0,233,2,149.57999999999998,3,At-Risk / Churned,-1.5935389587113482,0.3606768279974239
17947.0,37,1,176.68,3,At-Risk / Churned,-1.1871891015353968,-0.8873862101506673
17948.0,147,1,358.56000000000006,3,At-Risk / Churned,-1.3722294270016888,0.2310525067784318
17949.0,1,45,58510.48,1,Champions,5.525077161527469,0.5593378516430835
17950.0,72,3,482.2,2,At-Risk / Churned,-0.33491883862511135,0.1568076994319146
17951.0,40,3,1008.5400000000001,2,At-Risk / Churned,0.23516672895430688,0.05908448226348532
17954.0,5,12,2332.72,1,Champions,2.433345583025777,-0.4016583216508887
17955.0,199,4,557.3,2,At-Risk / Churned,-0.44963741272817964,0.9340949162465804
17956.0,249,1,12.75,3,At-Risk / Churned,-3.121360348345926,-0.6238459794340324
17957.0,66,1,111.68,3,At-Risk / Churned,-1.6200092694922164,-0.6935047858320108
17958.0,117,1,508.4599999999999,3,At-Risk / Churned,-1.1203078509859428,0.2141931475216628
17960.0,171,1,73.78,3,At-Risk / Churned,-2.1748311180216837,-0.24490145452585757
17961.0,21,39,1296.44,1,Champions,2.6749516338651382,0.6404046281292693
17962.0,142,1,102.83,3,At-Risk / Churned,-1.9485286466065954,-0.2425817863449964
17964.0,32,2,471.7,0,Potential Loyalists,-0.30218857047946907,-0.4650985104793614
17965.0,38,14,2622.57,1,Champions,1.9030947810079175,0.8826602392385794
17966.0,38,5,1098.43,2,At-Risk / Churned,0.6615238318097239,0.21420108007193794
17967.0,372,1,123.07,3,At-Risk / Churned,-2.230368207105414,0.4300513508395403
17968.0,374,1,277.35,3,At-Risk / Churned,-1.8489718813819882,0.7273778649191307
17969.0,166,2,228.2,3,At-Risk / Churned,-1.2652877862146372,0.29962579132580364
17970.0,211,1,582.59,3,At-Risk / Churned,-1.2797274329559105,0.6350790926757464
17972.0,242,1,136.04,3,At-Risk / Churned,-2.0194424485008584,0.19453436922246503
17973.0,52,1,337.04,3,At-Risk / Churned,-1.0091109685938722,-0.44247868791289935
17974.0,25,3,740.79,0,Potential Loyalists,0.26296844550053067,-0.3418000178725646
17975.0,15,13,4488.81,1,Champions,2.4360984869026896,0.48670507194057666
17976.0,372,1,353.19,3,At-Risk / Churned,-1.732587385184735,0.8116386462844978
17977.0,29,1,288.14,0,Potential Loyalists,-0.8657969969000379,-0.8601316997288058
17978.0,365,1,300.91999999999996,3,At-Risk / Churned,-1.80111771562647,0.7415439937543395
17979.0,36,4,757.71,2,At-Risk / Churned,0.34069980085772944,-0.024162070446010857
17980.0,166,3,811.45,2,At-Risk / Churned,-0.4045555966683071,0.8704971489880619
17984.0,145,1,152.68,3,At-Risk / Churned,-1.770388859543242,-0.08677889799815604
17985.0,22,1,634.95,0,Potential Loyalists,-0.3902345530886681,-0.7418663242524975
17986.0,56,1,20.8,3,At-Risk / Churned,-2.337733459713637,-1.3935267781575724
17987.0,185,1,198.57,3,At-Risk / Churned,-1.7389227137961718,0.16179064944450555
17988.0,12,7,201.12,0,Potential Loyalists,0.5378396014468368,-0.9879017380282941
17990.0,237,3,630.84,3,At-Risk / Churned,-0.6592379306082928,1.003655515651626
17991.0,225,2,93.35,3,At-Risk / Churned,-1.8020834770404763,0.16856690833968635
17994.0,122,4,678.49,2,At-Risk / Churned,-0.17065657518964655,0.6973410126251246
17995.0,282,1,76.1,3,At-Risk / Churned,-2.3506095658003976,0.08192085649707224
17997.0,74,8,1970.6699999999998,2,At-Risk / Churned,1.0555876605439072,0.9970668267121642
17999.0,37,2,382.06,0,Potential Loyalists,-0.4558773515342741,-0.45214195631593807
18001.0,12,2,417.23,0,Potential Loyalists,-0.00431997122883958,-1.1002541284931455
18004.0,362,1,169.47,3,At-Risk / Churned,-2.0692179331135816,0.5283954057056769
18005.0,4,2,249.72,0,Potential Loyalists,0.11798176633781231,-1.8921983736548844
18006.0,23,1,444.68,0,Potential Loyalists,-0.5752032841694631,-0.8442090488804396
18008.0,70,9,2116.19,2,At-Risk / Churned,1.2056277094974495,1.0287047786369057
18009.0,235,1,257.34,3,At-Risk / Churned,-1.707416620701692,0.40663216772366706
18010.0,257,1,174.8,3,At-Risk / Churned,-1.9241363586002334,0.32311556170970107
18011.0,373,1,102.78999999999999,3,At-Risk / Churned,-2.31608444730484,0.36682501615873764
18013.0,155,2,187.29,3,At-Risk / Churned,-1.332550093245273,0.1849046752560569
18014.0,28,1,166.42,0,Potential Loyalists,-1.1121308050838308,-1.0803900827021817
18015.0,4,1,120.03,0,Potential Loyalists,-0.5943917256418821,-2.3129249957517097
18016.0,32,5,1483.56,2,At-Risk / Churned,0.8678736076939153,0.21753561688063985
18017.0,81,3,523.0,2,At-Risk / Churned,-0.3408775952373959,0.26000525117334106
18018.0,108,2,122.14,3,At-Risk / Churned,-1.3970740221338183,-0.19687195976748395
18019.0,52,1,38.45,3,At-Risk / Churned,-2.028472912911048,-1.2238980401303041
18022.0,36,1,668.11,0,Potential Loyalists,-0.5477828321002242,-0.42195187130459594
18024.0,153,2,389.78,3,At-Risk / Churned,-0.9811326615854578,0.44233254180464576
18027.0,99,1,115.31,3,At-Risk / Churned,-1.7579930274939317,-0.4280628868179129
18030.0,4,2,230.64999999999998,0,Potential Loyalists,0.08044173519223316,-1.9209756955703594
18032.0,334,1,73.5,3,At-Risk / Churned,-2.431345202209001,0.17638970946300903
18033.0,65,1,97.97,3,At-Risk / Churned,-1.6758268362769955,-0.7502323945132482
18034.0,22,2,422.88,0,Potential Loyalists,-0.21596797322795763,-0.7336400481180573
18035.0,36,3,730.4,2,At-Risk / Churned,0.12145525412450378,-0.12323793999187725
18036.0,32,3,405.62,0,Potential Loyalists,-0.11341684242365505,-0.40933654203935493
18037.0,154,6,70.02,3,At-Risk / Churned,-1.0263356573465623,0.15171142985163943
18040.0,19,2,357.20000000000005,0,Potential Loyalists,-0.242454469632074,-0.8834943580487394
18041.0,12,21,4183.39,1,Champions,2.8908619322197344,0.5031022311731159
18042.0,54,1,165.04999999999998,3,At-Risk / Churned,-1.3605999899199313,-0.6775871762334272
18043.0,25,3,559.51,0,Potential Loyalists,0.12999480666981642,-0.44373454200931883
18044.0,4,10,2088.6,1,Champions,2.2994704780070574,-0.621634203744178
18045.0,45,1,189.4,3,At-Risk / Churned,-1.2273841203826212,-0.7411028116174978
18048.0,203,2,172.29000000000002,3,At-Risk / Churned,-1.4744530693918694,0.32478866793832806
18050.0,359,1,74.4,3,At-Risk / Churned,-2.4531493233301065,0.2263899994601674
18053.0,71,1,300.02,3,At-Risk / Churned,-1.1812222927670615,-0.2904259849853829
18055.0,7,10,6784.1900000000005,1,Champions,2.6787657744584172,0.104788094886258
18056.0,288,1,363.65,3,At-Risk / Churned,-1.6212781099797653,0.6604564491588404
18058.0,10,1,170.16,0,Potential Loyalists,-0.731220988048198,-1.6869656573933995
18059.0,23,3,306.46,0,Potential Loyalists,-0.12437837155787625,-0.7129256181784278
18061.0,22,10,2119.41,1,Champions,1.7232818653175497,0.3512293895402871
18062.0,173,3,720.52,2,At-Risk / Churned,-0.4765704810147821,0.8533535692937215
18064.0,133,2,814.0,3,At-Risk / Churned,-0.5791716321841844,0.6215179330136545
18065.0,6,14,2392.83,1,Champions,2.515954118925459,-0.23968890017026526
18066.0,75,1,318.0,3,At-Risk / Churned,-1.1743525424155417,-0.2350429401989729
18067.0,40,1,396.33,0,Potential Loyalists,-0.8343274024103157,-0.5464565002825671
18068.0,289,1,101.69999999999999,3,At-Risk / Churned,-2.223893015405523,0.20170761815236507
18069.0,26,5,2036.67,2,At-Risk / Churned,1.0948332440005848,0.2055087512536474
18071.0,258,2,453.0,3,At-Risk / Churned,-1.1086290526681726,0.8264880168327493
18072.0,186,1,247.44,3,At-Risk / Churned,-1.6370313164329924,0.24486842227761066
18073.0,114,12,3877.5200000000004,2,At-Risk / Churned,1.5459426297697263,1.6554810322440823
18074.0,374,1,489.6,3,At-Risk / Churned,-1.5800295240719584,0.9335428721617739
18075.0,23,10,2611.75,1,Champions,1.8060989376154717,0.45416508459023847
18077.0,8,11,2633.0099999999998,1,Champions,2.2634452848540607,-0.1313120196492197
18078.0,217,2,336.13,3,At-Risk / Churned,-1.184012473197215,0.6089591686554673
18079.0,45,4,3651.97,2,At-Risk / Churned,1.0033182594245302,0.6856016853050819
18080.0,19,2,1231.5,0,Potential Loyalists,0.3439318411211035,-0.4339841387862004
18081.0,36,3,343.45,0,Potential Loyalists,-0.23587473323942967,-0.3971588655379238
18082.0,26,1,703.37,0,Potential Loyalists,-0.403014677929464,-0.6030359019553462
18084.0,16,1,90.47999999999999,0,Potential Loyalists,-1.1948497012997883,-1.6388607519380936
18085.0,330,2,689.95,3,At-Risk / Churned,-1.0030686179318113,1.1347766279177254
18086.0,274,1,101.34,3,At-Risk / Churned,-2.2052651052454064,0.16675793650006807
18087.0,98,2,4055.7199999999993,2,At-Risk / Churned,0.2981036110713791,1.0134148850054567
18088.0,61,1,167.67000000000002,3,At-Risk / Churned,-1.3989493089515248,-0.5959368372376684
18092.0,2,11,9068.26,1,Champions,3.2699518730245765,-0.3780905433555463
18093.0,93,4,2106.52,2,At-Risk / Churned,0.4692284303432911,0.9386186777481146
18094.0,82,7,3017.3,2,At-Risk / Churned,1.1123791338423832,1.1709655138041883
18095.0,313,2,580.0500000000001,3,At-Risk / Churned,-1.0651251984779482,1.0383324243086869
18096.0,12,3,911.15,0,Potential Loyalists,0.6259372233731157,-0.7060595854361078
18097.0,8,6,2697.8,1,Champions,1.7874173726787412,-0.32957608530745475
18099.0,127,1,168.31,3,At-Risk / Churned,-1.6741482425784566,-0.1349659209920674
18101.0,11,2,223.65,0,Potential Loyalists,-0.2686516356130658,-1.3770791504308664
18102.0,1,60,259657.3,1,Champions,6.487500210553686,1.2098479954551034
18104.0,37,1,754.64,0,Potential Loyalists,-0.5002619850745916,-0.36080372847392056
18105.0,38,1,113.48000000000002,3,At-Risk / Churned,-1.4057126216030438,-1.0308236869098772
18106.0,330,1,430.7,3,At-Risk / Churned,-1.5930303429196144,0.8078880426436956
18108.0,254,1,271.0,3,At-Risk / Churned,-1.7125540797948728,0.4744681758747248
18109.0,2,26,8052.97,1,Champions,3.947154081720075,-0.1096878797694614
18110.0,20,1,236.3,0,Potential Loyalists,-0.8232662188092412,-1.158143424384588
18112.0,12,2,352.69,0,Potential Loyalists,-0.08385703439021894,-1.1612254063786196
18113.0,369,1,76.32000000000001,3,At-Risk / Churned,-2.4516866263929114,0.2529083641316002
18114.0,290,1,220.1,3,At-Risk / Churned,-1.8613339123593562,0.4828278958368578
18116.0,68,8,1418.03,2,At-Risk / Churned,0.9313714135272806,0.8245561038828257
18117.0,26,1,320.72,0,Potential Loyalists,-0.77487046169208,-0.8880919679444703
18118.0,11,26,5653.82,1,Champions,3.249603026414985,0.6405916917848116
18119.0,368,1,181.12,3,At-Risk / Churned,-2.0441125020229425,0.5628366621568044
18120.0,214,1,111.15,3,At-Risk / Churned,-2.0677758114242586,0.04400446000970033
18121.0,149,2,673.1,3,At-Risk / Churned,-0.7123441031409303,0.6239851904563641
18122.0,8,6,1826.21,1,Champions,1.6023408316491103,-0.4714514923777943
18123.0,24,2,589.4399999999999,0,Potential Loyalists,-0.09056051851410629,-0.5602161729464018
18125.0,30,4,1142.99,2,At-Risk / Churned,0.6031795996457001,0.013045449471000666
18126.0,61,1,206.82999999999998,3,At-Risk / Churned,-1.2998777484389648,-0.5199908642979488
18127.0,19,3,348.73,0,Potential Loyalists,0.006417904934793321,-0.7816606203747212
18129.0,243,1,112.55000000000001,3,At-Risk / Churned,-2.1102382563831172,0.12873912129335896
18130.0,15,3,1059.39,0,Potential Loyalists,0.6180534021369068,-0.5196347432336422
18133.0,212,1,931.4999999999999,3,At-Risk / Churned,-1.0591253202387485,0.8085496432218953
18135.0,29,5,681.9100000000001,2,At-Risk / Churned,0.5358122801480328,-0.12536137168586603
18136.0,63,3,784.33,2,At-Risk / Churned,-0.05417230229884799,0.2500586581004443
18138.0,295,1,152.65,3,At-Risk / Churned,-2.040544805943383,0.3612404135943891
18139.0,18,6,8438.34,1,Champions,2.042908291037012,0.5588972716038296
18142.0,157,2,1019.52,2,At-Risk / Churned,-0.5354145760302649,0.8077786360210569
18143.0,117,2,1000.16,2,At-Risk / Churned,-0.4329589679269211,0.6157364816791048
18144.0,8,12,2888.75,1,Champions,2.37982096193557,-0.06684886488591604
18145.0,13,4,2861.55,2,At-Risk / Churned,1.3421756271787029,-0.15730634388480907
18146.0,141,2,160.35000000000002,3,At-Risk / Churned,-1.3698915429725351,0.06912076485494488
18147.0,46,2,179.33999999999997,3,At-Risk / Churned,-0.894590486771653,-0.5914184775529218
18149.0,51,3,612.0799999999999,2,At-Risk / Churned,-0.09232828832021199,0.028340761685007
18150.0,32,3,566.58,0,Potential Loyalists,0.044841666227564164,-0.2880192199610163
18151.0,135,2,653.35,3,At-Risk / Churned,-0.6890147826093,0.5510473437565309
18154.0,3,2,399.19,0,Potential Loyalists,0.425142642018145,-1.8635757178549386
18155.0,75,3,371.62,3,At-Risk / Churned,-0.47362624480871107,0.08780912759986835
18156.0,13,2,734.94,0,Potential Loyalists,0.23552956859867838,-0.8476976583695773
18158.0,9,2,453.4,0,Potential Loyalists,0.13529516278321907,-1.2364232634795898
18159.0,301,1,530.15,3,At-Risk / Churned,-1.4596159378531888,0.8251684293882535
18160.0,57,2,638.0600000000001,2,At-Risk / Churned,-0.3745888029210102,0.0021331985621697177
18161.0,15,5,1618.69,2,At-Risk / Churned,1.185836070497949,-0.20974811115072
18164.0,37,1,399.65000000000003,0,Potential Loyalists,-0.8013431551505259,-0.5916056082156563
18165.0,177,1,302.46000000000004,3,At-Risk / Churned,-1.523253406616235,0.28636676452959614
18167.0,23,3,1384.8600000000001,2,At-Risk / Churned,0.5901430579315954,-0.16518997267017388
18168.0,176,6,1169.94,2,At-Risk / Churned,0.2528785698763433,1.2553547694013671
18169.0,61,1,202.65,3,At-Risk / Churned,-1.3095191529494183,-0.5273817425910083
18170.0,33,3,980.31,2,At-Risk / Churned,0.2932451341647776,-0.06992706592850255
18171.0,59,5,1231.31,2,At-Risk / Churned,0.5510574499894254,0.5288282836839419
18172.0,15,20,7561.68,1,Champions,3.050298809431284,0.8321744069616169
18173.0,87,4,2106.84,2,At-Risk / Churned,0.49450423387376874,0.896855712286594
18174.0,7,1,104.0,0,Potential Loyalists,-0.8414097515650526,-2.066620042469958
18176.0,358,1,476.35,3,At-Risk / Churned,-1.5763601248633374,0.895937968588638
18177.0,31,6,1341.42,2,At-Risk / Churned,0.9713125289823621,0.22064555345472942
18178.0,129,4,1590.81,2,At-Risk / Churned,0.21215701865249018,1.0421030775788078
18179.0,9,6,1793.17,1,Champions,1.553421472995356,-0.4112894916230012
18180.0,5,6,1843.75,1,Champions,1.7618100248862458,-0.7250462840284457
18181.0,24,1,382.8,0,Potential Loyalists,-0.6617353638164859,-0.8727031696229647
18183.0,227,2,632.07,3,At-Risk / Churned,-0.9021406174824631,0.8666092345425958
18184.0,15,1,49.8,0,Potential Loyalists,-1.4508165196897256,-1.8912741534855586
18185.0,249,1,304.25,3,At-Risk / Churned,-1.6502595155725104,0.5038659841142209
18188.0,15,3,2001.04,2,At-Risk / Churned,0.9196342815878511,-0.2884497978121504
18189.0,78,2,1090.24,2,At-Risk / Churned,-0.23875530899895014,0.39268772705193716
18190.0,192,2,284.46000000000004,3,At-Risk / Churned,-1.216415325338964,0.4712145697398391
18191.0,262,1,207.79999999999998,3,At-Risk / Churned,-1.8498367975844159,0.397863915010447
18192.0,72,1,957.97,3,At-Risk / Churned,-0.6366578447125839,0.13981008560808253
18193.0,165,1,243.76,3,At-Risk / Churned,-1.598594636532461,0.1639157127587766
18194.0,82,1,973.8399999999999,3,At-Risk / Churned,-0.6779258557823009,0.22717610256637133
18196.0,95,2,689.13,3,At-Risk / Churned,-0.5306572816865774,0.34958254466613564
18198.0,4,17,5425.56,1,Champions,3.1978128223654516,-0.0852504903275149
18200.0,106,1,163.8,3,At-Risk / Churned,-1.6184839013324142,-0.2584031733458962
18202.0,200,3,1396.99,2,At-Risk / Churned,-0.2178192271845667,1.185416463971058
18203.0,157,1,160.42000000000002,3,At-Risk / Churned,-1.7772545173874144,-0.018824752615765723
18204.0,71,3,1993.7,2,At-Risk / Churned,0.3431555807763112,0.6638183812107733
18205.0,36,2,517.36,0,Potential Loyalists,-0.30215050241778213,-0.3590182575977664
18209.0,29,1,139.10000000000002,0,Potential Loyalists,-1.2096231470520162,-1.1237008951701115
18210.0,2,6,2621.38,1,Champions,2.1935864372520135,-1.0365595062207276
18211.0,26,5,600.07,2,At-Risk / Churned,0.5154973486885248,-0.23859678216832686
18212.0,326,1,248.42,3,At-Risk / Churned,-1.8487106373673126,0.6006195497040527
18213.0,237,1,232.48000000000002,3,At-Risk / Churned,-1.758654731794352,0.37517650466647484
18215.0,89,1,299.34000000000003,3,At-Risk / Churned,-1.267562742179809,-0.14977279581941413
18216.0,31,1,481.75,0,Potential Loyalists,-0.6472176894868283,-0.6327507675578955
18217.0,29,2,621.75,0,Potential Loyalists,-0.13494711184259398,-0.4252415009057567
18218.0,211,2,662.08,3,At-Risk / Churned,-0.8523600264595671,0.8373266240649023
18219.0,3,10,2069.77,1,Champions,2.3804421942927,-0.7664029398812674
18220.0,227,1,305.28000000000003,3,At-Risk / Churned,-1.6134620447955073,0.44668910095055303
18221.0,22,5,1041.61,2,At-Risk / Churned,0.83812712190774,-0.13990361152534556
18222.0,93,1,443.0,3,At-Risk / Churned,-1.098679200107283,0.019997346557453274
18223.0,5,14,6484.54,1,Champions,3.0478172453728667,0.02513729253197023
18224.0,264,1,158.95000000000002,3,At-Risk / Churned,-1.9792024979069056,0.30571742915177835
18225.0,3,12,5509.12,1,Champions,2.9959647373098246,-0.34620765288975863
18226.0,44,11,5228.05,1,Champions,1.9738482195360192,1.1385354560981609
18227.0,218,1,93.75,3,At-Risk / Churned,-2.1548240158257155,-0.005637824179406433
18228.0,57,2,779.9,2,At-Risk / Churned,-0.27946894794947785,0.07504988519074261
18229.0,12,20,7276.900000000001,1,Champions,3.111427458586495,0.6865658216081981
18230.0,9,7,2810.2000000000003,1,Champions,1.8873084139062786,-0.19662495161193272
18231.0,192,5,2083.27,2,At-Risk / Churned,0.35399230468765036,1.460744285457213
18232.0,82,4,592.97,2,At-Risk / Churned,-0.08418406561711099,0.39902437232197646
18233.0,326,1,440.0,3,At-Risk / Churned,-1.57827025248849,0.8079329103249399
18235.0,72,3,1796.48,2,At-Risk / Churned,0.2884820669982223,0.6346924532817754
18236.0,30,6,882.24,2,At-Risk / Churned,0.7847888257956619,0.048231774529041496
18237.0,3,5,987.1,0,Potential Loyalists,1.4810468551920144,-1.2684524531062866
18239.0,219,5,1561.6100000000001,2,At-Risk / Churned,0.16726375012761563,1.4389730304293358
18240.0,46,1,422.58,3,At-Risk / Churned,-0.8561569804001203,-0.43659377407528643
18241.0,10,17,2073.09,1,Champions,2.4401295101584806,0.06477645510459223
18242.0,72,4,2232.4900000000002,2,At-Risk / Churned,0.5933898637421527,0.7994357942350052
18245.0,7,7,2567.06,1,Champions,1.9296489636755816,-0.37100744886978126
18246.0,24,2,596.1,0,Potential Loyalists,-0.08523786311773546,-0.5561359481007562
18248.0,123,2,804.02,3,At-Risk / Churned,-0.5553819350668853,0.5678630482312588
18249.0,17,1,95.34,0,Potential Loyalists,-1.1921275453818738,-1.5837918197608483
18250.0,310,1,349.27,3,At-Risk / Churned,-1.668404980092699,0.6923358703081851
18251.0,87,1,4314.72,2,At-Risk / Churned,0.005708555403860965,0.8054567108952256
18252.0,51,2,526.67,0,Potential Loyalists,-0.4237480350404973,-0.13677188730699386
18255.0,89,1,103.3,3,At-Risk / Churned,-1.7694512462043341,-0.5345089456105602
18257.0,39,8,2337.63,2,At-Risk / Churned,1.376786268411619,0.6606102875844114
18259.0,25,3,2338.6000000000004,2,At-Risk / Churned,0.8080515807768667,0.07604813983709309
18260.0,173,6,2643.2000000000003,2,At-Risk / Churned,0.6459483287809765,1.5408275340701136
18261.0,43,2,324.24,0,Potential Loyalists,-0.5895445060266427,-0.4187160788054907
18262.0,140,1,149.48,3,At-Risk / Churned,-1.7670585940683756,-0.11652668229870446
18263.0,26,3,1213.1599999999999,2,At-Risk / Churned,0.4823700602519366,-0.1386289332504152
18265.0,72,2,801.51,2,At-Risk / Churned,-0.3544090006849176,0.2308130745546077
18268.0,134,1,25.5,3,At-Risk / Churned,-2.574559342327513,-0.7758460435327722
18269.0,366,1,168.6,3,At-Risk / Churned,-2.075833580220702,0.5334823074080035
18270.0,38,2,283.15,0,Potential Loyalists,-0.6075414823780735,-0.5443265675858963
18272.0,3,6,3078.58,1,Champions,2.1599206885816895,-0.7957040293263865
18273.0,2,3,204.0,0,Potential Loyalists,0.4778691634637068,-2.178765729792516
18274.0,30,1,175.92,0,Potential Loyalists,-1.1114242874388156,-1.0180298481156687
18276.0,44,1,335.86,3,At-Risk / Churned,-0.9482445062172759,-0.5474938618952839
18277.0,58,1,110.38,3,At-Risk / Churned,-1.5769275067151294,-0.7783440072525518
18278.0,74,1,173.9,3,At-Risk / Churned,-1.4544755016419948,-0.462056216174245
18280.0,278,1,180.60000000000002,3,At-Risk / Churned,-1.938634822995662,0.3845361500283728
18281.0,181,1,80.82,3,At-Risk / Churned,-2.1537310153474216,-0.17634340164583767
18282.0,8,2,178.05,0,Potential Loyalists,-0.266384706070046,-1.6420042377708715
18283.0,4,16,2094.88,1,Champions,2.6946693107014186,-0.45327635422338214
18287.0,43,3,1837.28,2,At-Risk / Churned,0.492587875295989,0.32187555868782974
